ISO-10303-21;
HEADER;
/* Generated by software containing ST-Developer
 * from STEP Tools, Inc. (www.steptools.com) 
 */

FILE_DESCRIPTION(
/* description */ ('',
'CAx-IF Rec.Pracs.---Representation and Presentation of Product Manufa
cturing Information (PMI)---4.0---2014-10-13'),
/* implementation_level */ '2;1');

FILE_NAME(
/* name */ 'PapLite_Reduction_Gear_RESIN_PRINTED_x1.step',
/* time_stamp */ '2025-02-26T09:00:26-05:00',
/* author */ (''),
/* organization */ (''),
/* preprocessor_version */ 'ST-DEVELOPER v20',
/* originating_system */ 'Autodesk Translation Framework v13.20.0.188',

/* authorisation */ '');

FILE_SCHEMA (('AP242_MANAGED_MODEL_BASED_3D_ENGINEERING_MIM_LF { 1 0 10303 442 1 1 4 }'));
ENDSEC;

DATA;
#10=MECHANICAL_DESIGN_GEOMETRIC_PRESENTATION_REPRESENTATION('',(#13),#13316);
#11=SHAPE_REPRESENTATION_RELATIONSHIP('SRR','None',#13323,#12);
#12=ADVANCED_BREP_SHAPE_REPRESENTATION('',(#14),#13315);
#13=STYLED_ITEM('',(#13333),#14);
#14=MANIFOLD_SOLID_BREP('PapLite_Reduction_Gear_x1',#7478);
#15=B_SPLINE_CURVE_WITH_KNOTS('',3,(#12617,#12618,#12619,#12620,#12621,
#12622,#12623,#12624,#12625,#12626,#12627,#12628,#12629,#12630),
 .UNSPECIFIED.,.F.,.F.,(4,2,2,2,2,2,4),(0.00948118337682681,0.016589628906937,
0.0247326208842223,0.0328756128615077,0.041018604838793,0.0491615968160783,
0.0562700423461886),.UNSPECIFIED.);
#16=B_SPLINE_CURVE_WITH_KNOTS('',3,(#12647,#12648,#12649,#12650,#12651,
#12652,#12653,#12654,#12655,#12656,#12657,#12658,#12659,#12660),
 .UNSPECIFIED.,.F.,.F.,(4,2,2,2,2,2,4),(0.00948118337682627,0.0165896289069371,
0.0247326208842223,0.0328756128615075,0.0410186048387928,0.0491615968160781,
0.0562700423461876),.UNSPECIFIED.);
#17=B_SPLINE_CURVE_WITH_KNOTS('',3,(#12677,#12678,#12679,#12680,#12681,
#12682,#12683,#12684,#12685,#12686,#12687,#12688,#12689,#12690),
 .UNSPECIFIED.,.F.,.F.,(4,2,2,2,2,2,4),(0.00948118337682686,0.0165896289069371,
0.0247326208842225,0.0328756128615078,0.041018604838793,0.0491615968160783,
0.0562700423461885),.UNSPECIFIED.);
#18=B_SPLINE_CURVE_WITH_KNOTS('',3,(#12717,#12718,#12719,#12720,#12721,
#12722,#12723,#12724,#12725,#12726,#12727,#12728,#12729,#12730),
 .UNSPECIFIED.,.F.,.F.,(4,2,2,2,2,2,4),(0.00948118337682685,0.0165896289069368,
0.0247326208842222,0.0328756128615076,0.041018604838793,0.0491615968160785,
0.0562700423461876),.UNSPECIFIED.);
#19=B_SPLINE_CURVE_WITH_KNOTS('',3,(#12755,#12756,#12757,#12758,#12759,
#12760,#12761,#12762,#12763,#12764,#12765,#12766,#12767,#12768),
 .UNSPECIFIED.,.F.,.F.,(4,2,2,2,2,2,4),(0.00948118337682686,0.0165896289069371,
0.0247326208842226,0.0328756128615081,0.0410186048387933,0.0491615968160785,
0.0562700423461881),.UNSPECIFIED.);
#20=B_SPLINE_CURVE_WITH_KNOTS('',3,(#12793,#12794,#12795,#12796,#12797,
#12798,#12799,#12800,#12801,#12802,#12803,#12804,#12805,#12806),
 .UNSPECIFIED.,.F.,.F.,(4,2,2,2,2,2,4),(0.00948118337682684,0.0165896289069371,
0.0247326208842223,0.0328756128615075,0.0410186048387927,0.049161596816078,
0.0562700423461875),.UNSPECIFIED.);
#21=B_SPLINE_CURVE_WITH_KNOTS('',3,(#12832,#12833,#12834,#12835,#12836,
#12837,#12838,#12839,#12840,#12841),.UNSPECIFIED.,.F.,.F.,(4,2,2,2,4),(0.00948118337682702,
0.0165896289069371,0.0247326208842226,0.032875612861508,0.0371704251591789),
 .UNSPECIFIED.);
#22=B_SPLINE_CURVE_WITH_KNOTS('',3,(#12842,#12843,#12844,#12845,#12846,
#12847,#12848,#12849),.UNSPECIFIED.,.F.,.F.,(4,2,2,4),(0.0371704251591789,
0.0410186048387931,0.0491615968160782,0.0562700423461885),.UNSPECIFIED.);
#23=B_SPLINE_CURVE_WITH_KNOTS('',3,(#12874,#12875,#12876,#12877,#12878,
#12879,#12880,#12881,#12882,#12883,#12884,#12885,#12886,#12887),
 .UNSPECIFIED.,.F.,.F.,(4,2,2,2,2,2,4),(0.00948118337682694,0.0165896289069368,
0.0247326208842224,0.0328756128615081,0.0410186048387933,0.0491615968160786,
0.0562700423461887),.UNSPECIFIED.);
#24=B_SPLINE_CURVE_WITH_KNOTS('',3,(#12912,#12913,#12914,#12915,#12916,
#12917,#12918,#12919,#12920,#12921,#12922,#12923,#12924,#12925),
 .UNSPECIFIED.,.F.,.F.,(4,2,2,2,2,2,4),(0.00948118337682668,0.0165896289069368,
0.0247326208842221,0.0328756128615075,0.0410186048387929,0.0491615968160784,
0.0562700423461883),.UNSPECIFIED.);
#25=B_SPLINE_CURVE_WITH_KNOTS('',3,(#12938,#12939,#12940,#12941,#12942,
#12943,#12944,#12945,#12946,#12947,#12948,#12949,#12950,#12951),
 .UNSPECIFIED.,.F.,.F.,(4,2,2,2,2,2,4),(0.00948118337682694,0.016589628906937,
0.0247326208842222,0.0328756128615075,0.0410186048387928,0.0491615968160782,
0.0562700423461884),.UNSPECIFIED.);
#26=B_SPLINE_CURVE_WITH_KNOTS('',3,(#12960,#12961,#12962,#12963,#12964,
#12965,#12966,#12967,#12968,#12969,#12970,#12971,#12972,#12973),
 .UNSPECIFIED.,.F.,.F.,(4,2,2,2,2,2,4),(0.0094811833768278,0.0165896289069372,
0.0247326208842224,0.0328756128615077,0.041018604838793,0.0491615968160782,
0.0562700423461889),.UNSPECIFIED.);
#27=B_SPLINE_CURVE_WITH_KNOTS('',3,(#12982,#12983,#12984,#12985,#12986,
#12987,#12988,#12989,#12990,#12991,#12992,#12993,#12994,#12995),
 .UNSPECIFIED.,.F.,.F.,(4,2,2,2,2,2,4),(0.00948118337682725,0.016589628906937,
0.0247326208842223,0.0328756128615076,0.0410186048387931,0.0491615968160786,
0.0562700423461883),.UNSPECIFIED.);
#28=B_SPLINE_CURVE_WITH_KNOTS('',3,(#13004,#13005,#13006,#13007,#13008,
#13009,#13010,#13011,#13012,#13013,#13014,#13015,#13016,#13017),
 .UNSPECIFIED.,.F.,.F.,(4,2,2,2,2,2,4),(0.00948118337682745,0.0165896289069371,
0.0247326208842223,0.0328756128615075,0.0410186048387927,0.049161596816078,
0.0562700423461884),.UNSPECIFIED.);
#29=B_SPLINE_CURVE_WITH_KNOTS('',3,(#13026,#13027,#13028,#13029,#13030,
#13031,#13032,#13033,#13034,#13035,#13036,#13037,#13038,#13039),
 .UNSPECIFIED.,.F.,.F.,(4,2,2,2,2,2,4),(0.00948118337682681,0.0165896289069371,
0.0247326208842226,0.0328756128615082,0.0410186048387932,0.0491615968160783,
0.0562700423461878),.UNSPECIFIED.);
#30=B_SPLINE_CURVE_WITH_KNOTS('',3,(#13048,#13049,#13050,#13051,#13052,
#13053,#13054,#13055,#13056,#13057,#13058,#13059,#13060,#13061),
 .UNSPECIFIED.,.F.,.F.,(4,2,2,2,2,2,4),(0.00948118337682705,0.0165896289069372,
0.0247326208842224,0.0328756128615076,0.0410186048387929,0.0491615968160782,
0.0562700423461882),.UNSPECIFIED.);
#31=B_SPLINE_CURVE_WITH_KNOTS('',3,(#13070,#13071,#13072,#13073,#13074,
#13075,#13076,#13077,#13078,#13079,#13080,#13081,#13082,#13083),
 .UNSPECIFIED.,.F.,.F.,(4,2,2,2,2,2,4),(0.0094811833768269,0.0165896289069374,
0.0247326208842226,0.0328756128615078,0.0410186048387932,0.0491615968160785,
0.0562700423461885),.UNSPECIFIED.);
#32=B_SPLINE_CURVE_WITH_KNOTS('',3,(#13092,#13093,#13094,#13095,#13096,
#13097,#13098,#13099,#13100,#13101,#13102,#13103,#13104,#13105),
 .UNSPECIFIED.,.F.,.F.,(4,2,2,2,2,2,4),(0.00948118337682703,0.0165896289069372,
0.0247326208842225,0.0328756128615078,0.0410186048387932,0.0491615968160785,
0.0562700423461887),.UNSPECIFIED.);
#33=(
BOUNDED_CURVE()
B_SPLINE_CURVE(2,(#12612,#12613,#12614),.UNSPECIFIED.,.F.,.F.)
B_SPLINE_CURVE_WITH_KNOTS((3,3),(8.32092703604971,10.0528987030796),
 .UNSPECIFIED.)
CURVE()
GEOMETRIC_REPRESENTATION_ITEM()
RATIONAL_B_SPLINE_CURVE((43.6854049976472,47.3455224977193,50.6799778113316))
REPRESENTATION_ITEM('')
);
#34=(
BOUNDED_CURVE()
B_SPLINE_CURVE(2,(#12639,#12640,#12641),.UNSPECIFIED.,.F.,.F.)
B_SPLINE_CURVE_WITH_KNOTS((3,3),(45.5202164837091,47.2521881507391),
 .UNSPECIFIED.)
CURVE()
GEOMETRIC_REPRESENTATION_ITEM()
RATIONAL_B_SPLINE_CURVE((50.6799778113347,47.3455224977222,43.6854049976498))
REPRESENTATION_ITEM('')
);
#35=(
BOUNDED_CURVE()
B_SPLINE_CURVE(2,(#12669,#12670,#12671),.UNSPECIFIED.,.F.,.F.)
B_SPLINE_CURVE_WITH_KNOTS((3,3),(45.5202164837094,47.2521881507394),
 .UNSPECIFIED.)
CURVE()
GEOMETRIC_REPRESENTATION_ITEM()
RATIONAL_B_SPLINE_CURVE((50.6799778113334,47.3455224977209,43.6854049976485))
REPRESENTATION_ITEM('')
);
#36=(
BOUNDED_CURVE()
B_SPLINE_CURVE(2,(#12699,#12700,#12701),.UNSPECIFIED.,.F.,.F.)
B_SPLINE_CURVE_WITH_KNOTS((3,3),(45.5202164837089,47.2521881507389),
 .UNSPECIFIED.)
CURVE()
GEOMETRIC_REPRESENTATION_ITEM()
RATIONAL_B_SPLINE_CURVE((50.6799778113325,47.3455224977202,43.6854049976481))
REPRESENTATION_ITEM('')
);
#37=(
BOUNDED_CURVE()
B_SPLINE_CURVE(2,(#12713,#12714,#12715),.UNSPECIFIED.,.F.,.F.)
B_SPLINE_CURVE_WITH_KNOTS((3,3),(8.32092703605097,10.052898703081),
 .UNSPECIFIED.)
CURVE()
GEOMETRIC_REPRESENTATION_ITEM()
RATIONAL_B_SPLINE_CURVE((43.6854049976461,47.3455224977177,50.6799778113295))
REPRESENTATION_ITEM('')
);
#38=(
BOUNDED_CURVE()
B_SPLINE_CURVE(2,(#12737,#12738,#12739),.UNSPECIFIED.,.F.,.F.)
B_SPLINE_CURVE_WITH_KNOTS((3,3),(45.5202164837088,47.2521881507388),
 .UNSPECIFIED.)
CURVE()
GEOMETRIC_REPRESENTATION_ITEM()
RATIONAL_B_SPLINE_CURVE((50.6799778113327,47.3455224977205,43.6854049976484))
REPRESENTATION_ITEM('')
);
#39=(
BOUNDED_CURVE()
B_SPLINE_CURVE(2,(#12751,#12752,#12753),.UNSPECIFIED.,.F.,.F.)
B_SPLINE_CURVE_WITH_KNOTS((3,3),(8.3209270360496,10.0528987030795),
 .UNSPECIFIED.)
CURVE()
GEOMETRIC_REPRESENTATION_ITEM()
RATIONAL_B_SPLINE_CURVE((43.6854049976484,47.3455224977208,50.6799778113332))
REPRESENTATION_ITEM('')
);
#40=(
BOUNDED_CURVE()
B_SPLINE_CURVE(2,(#12775,#12776,#12777),.UNSPECIFIED.,.F.,.F.)
B_SPLINE_CURVE_WITH_KNOTS((3,3),(45.520216483708,47.252188150738),
 .UNSPECIFIED.)
CURVE()
GEOMETRIC_REPRESENTATION_ITEM()
RATIONAL_B_SPLINE_CURVE((50.6799778113293,47.3455224977177,43.6854049976462))
REPRESENTATION_ITEM('')
);
#41=(
BOUNDED_CURVE()
B_SPLINE_CURVE(2,(#12789,#12790,#12791),.UNSPECIFIED.,.F.,.F.)
B_SPLINE_CURVE_WITH_KNOTS((3,3),(8.32092703605031,10.0528987030802),
 .UNSPECIFIED.)
CURVE()
GEOMETRIC_REPRESENTATION_ITEM()
RATIONAL_B_SPLINE_CURVE((43.6854049976466,47.3455224977183,50.6799778113302))
REPRESENTATION_ITEM('')
);
#42=(
BOUNDED_CURVE()
B_SPLINE_CURVE(2,(#12813,#12814,#12815),.UNSPECIFIED.,.F.,.F.)
B_SPLINE_CURVE_WITH_KNOTS((3,3),(45.5202164837094,47.2521881507394),
 .UNSPECIFIED.)
CURVE()
GEOMETRIC_REPRESENTATION_ITEM()
RATIONAL_B_SPLINE_CURVE((50.6799778113333,47.3455224977209,43.6854049976486))
REPRESENTATION_ITEM('')
);
#43=(
BOUNDED_CURVE()
B_SPLINE_CURVE(2,(#12827,#12828,#12829),.UNSPECIFIED.,.F.,.F.)
B_SPLINE_CURVE_WITH_KNOTS((3,3),(8.32092703605044,10.0528987030804),
 .UNSPECIFIED.)
CURVE()
GEOMETRIC_REPRESENTATION_ITEM()
RATIONAL_B_SPLINE_CURVE((43.6854049976479,47.3455224977198,50.6799778113319))
REPRESENTATION_ITEM('')
);
#44=(
BOUNDED_CURVE()
B_SPLINE_CURVE(2,(#12856,#12857,#12858),.UNSPECIFIED.,.F.,.F.)
B_SPLINE_CURVE_WITH_KNOTS((3,3),(45.5202164837088,47.2521881507387),
 .UNSPECIFIED.)
CURVE()
GEOMETRIC_REPRESENTATION_ITEM()
RATIONAL_B_SPLINE_CURVE((50.67997781133,47.3455224977182,43.6854049976466))
REPRESENTATION_ITEM('')
);
#45=(
BOUNDED_CURVE()
B_SPLINE_CURVE(2,(#12870,#12871,#12872),.UNSPECIFIED.,.F.,.F.)
B_SPLINE_CURVE_WITH_KNOTS((3,3),(8.32092703605076,10.0528987030808),
 .UNSPECIFIED.)
CURVE()
GEOMETRIC_REPRESENTATION_ITEM()
RATIONAL_B_SPLINE_CURVE((43.6854049976468,47.3455224977187,50.6799778113306))
REPRESENTATION_ITEM('')
);
#46=(
BOUNDED_CURVE()
B_SPLINE_CURVE(2,(#12894,#12895,#12896),.UNSPECIFIED.,.F.,.F.)
B_SPLINE_CURVE_WITH_KNOTS((3,3),(45.5202164837089,47.2521881507389),
 .UNSPECIFIED.)
CURVE()
GEOMETRIC_REPRESENTATION_ITEM()
RATIONAL_B_SPLINE_CURVE((50.6799778113323,47.3455224977201,43.6854049976479))
REPRESENTATION_ITEM('')
);
#47=(
BOUNDED_CURVE()
B_SPLINE_CURVE(2,(#12908,#12909,#12910),.UNSPECIFIED.,.F.,.F.)
B_SPLINE_CURVE_WITH_KNOTS((3,3),(8.32092703604992,10.05289870308),
 .UNSPECIFIED.)
CURVE()
GEOMETRIC_REPRESENTATION_ITEM()
RATIONAL_B_SPLINE_CURVE((43.6854049976473,47.3455224977196,50.679977811332))
REPRESENTATION_ITEM('')
);
#48=(
BOUNDED_CURVE()
B_SPLINE_CURVE(2,(#12931,#12932,#12933),.UNSPECIFIED.,.F.,.F.)
B_SPLINE_CURVE_WITH_KNOTS((3,3),(45.5202164837089,47.2521881507388),
 .UNSPECIFIED.)
CURVE()
GEOMETRIC_REPRESENTATION_ITEM()
RATIONAL_B_SPLINE_CURVE((50.6799778113308,47.3455224977188,43.6854049976469))
REPRESENTATION_ITEM('')
);
#49=(
BOUNDED_CURVE()
B_SPLINE_CURVE(2,(#13115,#13116,#13117),.UNSPECIFIED.,.F.,.F.)
B_SPLINE_CURVE_WITH_KNOTS((3,3),(45.5202164837087,47.2521881507387),
 .UNSPECIFIED.)
CURVE()
GEOMETRIC_REPRESENTATION_ITEM()
RATIONAL_B_SPLINE_CURVE((50.6799778113305,47.3455224977186,43.6854049976467))
REPRESENTATION_ITEM('')
);
#50=(
BOUNDED_CURVE()
B_SPLINE_CURVE(2,(#13126,#13127,#13128),.UNSPECIFIED.,.F.,.F.)
B_SPLINE_CURVE_WITH_KNOTS((3,3),(8.32092703605034,10.0528987030803),
 .UNSPECIFIED.)
CURVE()
GEOMETRIC_REPRESENTATION_ITEM()
RATIONAL_B_SPLINE_CURVE((43.6854049976475,47.3455224977195,50.6799778113315))
REPRESENTATION_ITEM('')
);
#51=(
BOUNDED_CURVE()
B_SPLINE_CURVE(2,(#13130,#13131,#13132),.UNSPECIFIED.,.F.,.F.)
B_SPLINE_CURVE_WITH_KNOTS((3,3),(45.5202164837103,47.2521881507402),
 .UNSPECIFIED.)
CURVE()
GEOMETRIC_REPRESENTATION_ITEM()
RATIONAL_B_SPLINE_CURVE((50.6799778113347,47.3455224977219,43.6854049976492))
REPRESENTATION_ITEM('')
);
#52=(
BOUNDED_CURVE()
B_SPLINE_CURVE(2,(#13135,#13136,#13137),.UNSPECIFIED.,.F.,.F.)
B_SPLINE_CURVE_WITH_KNOTS((3,3),(8.32092703605022,10.0528987030802),
 .UNSPECIFIED.)
CURVE()
GEOMETRIC_REPRESENTATION_ITEM()
RATIONAL_B_SPLINE_CURVE((43.6854049976486,47.3455224977208,50.6799778113331))
REPRESENTATION_ITEM('')
);
#53=(
BOUNDED_CURVE()
B_SPLINE_CURVE(2,(#13139,#13140,#13141),.UNSPECIFIED.,.F.,.F.)
B_SPLINE_CURVE_WITH_KNOTS((3,3),(45.52021648371,47.2521881507399),
 .UNSPECIFIED.)
CURVE()
GEOMETRIC_REPRESENTATION_ITEM()
RATIONAL_B_SPLINE_CURVE((50.6799778113341,47.3455224977214,43.6854049976488))
REPRESENTATION_ITEM('')
);
#54=(
BOUNDED_CURVE()
B_SPLINE_CURVE(2,(#13144,#13145,#13146),.UNSPECIFIED.,.F.,.F.)
B_SPLINE_CURVE_WITH_KNOTS((3,3),(8.32092703604989,10.0528987030798),
 .UNSPECIFIED.)
CURVE()
GEOMETRIC_REPRESENTATION_ITEM()
RATIONAL_B_SPLINE_CURVE((43.6854049976472,47.3455224977193,50.6799778113314))
REPRESENTATION_ITEM('')
);
#55=(
BOUNDED_CURVE()
B_SPLINE_CURVE(2,(#13148,#13149,#13150),.UNSPECIFIED.,.F.,.F.)
B_SPLINE_CURVE_WITH_KNOTS((3,3),(45.5202164837098,47.2521881507398),
 .UNSPECIFIED.)
CURVE()
GEOMETRIC_REPRESENTATION_ITEM()
RATIONAL_B_SPLINE_CURVE((50.6799778113338,47.3455224977211,43.6854049976485))
REPRESENTATION_ITEM('')
);
#56=(
BOUNDED_CURVE()
B_SPLINE_CURVE(2,(#13153,#13154,#13155),.UNSPECIFIED.,.F.,.F.)
B_SPLINE_CURVE_WITH_KNOTS((3,3),(8.32092703605044,10.0528987030805),
 .UNSPECIFIED.)
CURVE()
GEOMETRIC_REPRESENTATION_ITEM()
RATIONAL_B_SPLINE_CURVE((43.6854049976471,47.3455224977192,50.6799778113313))
REPRESENTATION_ITEM('')
);
#57=(
BOUNDED_CURVE()
B_SPLINE_CURVE(2,(#13157,#13158,#13159),.UNSPECIFIED.,.F.,.F.)
B_SPLINE_CURVE_WITH_KNOTS((3,3),(45.5202164837086,47.2521881507386),
 .UNSPECIFIED.)
CURVE()
GEOMETRIC_REPRESENTATION_ITEM()
RATIONAL_B_SPLINE_CURVE((50.6799778113307,47.3455224977188,43.6854049976471))
REPRESENTATION_ITEM('')
);
#58=(
BOUNDED_CURVE()
B_SPLINE_CURVE(2,(#13162,#13163,#13164),.UNSPECIFIED.,.F.,.F.)
B_SPLINE_CURVE_WITH_KNOTS((3,3),(8.32092703605055,10.0528987030806),
 .UNSPECIFIED.)
CURVE()
GEOMETRIC_REPRESENTATION_ITEM()
RATIONAL_B_SPLINE_CURVE((43.6854049976476,47.3455224977195,50.6799778113315))
REPRESENTATION_ITEM('')
);
#59=(
BOUNDED_CURVE()
B_SPLINE_CURVE(2,(#13166,#13167,#13168),.UNSPECIFIED.,.F.,.F.)
B_SPLINE_CURVE_WITH_KNOTS((3,3),(45.520216483709,47.2521881507389),
 .UNSPECIFIED.)
CURVE()
GEOMETRIC_REPRESENTATION_ITEM()
RATIONAL_B_SPLINE_CURVE((50.6799778113323,47.3455224977201,43.6854049976479))
REPRESENTATION_ITEM('')
);
#60=(
BOUNDED_CURVE()
B_SPLINE_CURVE(2,(#13171,#13172,#13173),.UNSPECIFIED.,.F.,.F.)
B_SPLINE_CURVE_WITH_KNOTS((3,3),(8.32092703604871,10.0528987030786),
 .UNSPECIFIED.)
CURVE()
GEOMETRIC_REPRESENTATION_ITEM()
RATIONAL_B_SPLINE_CURVE((43.6854049976495,47.3455224977224,50.6799778113354))
REPRESENTATION_ITEM('')
);
#61=(
BOUNDED_CURVE()
B_SPLINE_CURVE(2,(#13175,#13176,#13177),.UNSPECIFIED.,.F.,.F.)
B_SPLINE_CURVE_WITH_KNOTS((3,3),(45.520216483709,47.2521881507391),
 .UNSPECIFIED.)
CURVE()
GEOMETRIC_REPRESENTATION_ITEM()
RATIONAL_B_SPLINE_CURVE((50.679977811333,47.3455224977206,43.6854049976482))
REPRESENTATION_ITEM('')
);
#62=(
BOUNDED_CURVE()
B_SPLINE_CURVE(2,(#13180,#13181,#13182),.UNSPECIFIED.,.F.,.F.)
B_SPLINE_CURVE_WITH_KNOTS((3,3),(8.32092703605102,10.052898703081),
 .UNSPECIFIED.)
CURVE()
GEOMETRIC_REPRESENTATION_ITEM()
RATIONAL_B_SPLINE_CURVE((43.6854049976463,47.3455224977178,50.6799778113294))
REPRESENTATION_ITEM('')
);
#63=(
BOUNDED_CURVE()
B_SPLINE_CURVE(2,(#13184,#13185,#13186),.UNSPECIFIED.,.F.,.F.)
B_SPLINE_CURVE_WITH_KNOTS((3,3),(45.5202164837089,47.2521881507389),
 .UNSPECIFIED.)
CURVE()
GEOMETRIC_REPRESENTATION_ITEM()
RATIONAL_B_SPLINE_CURVE((50.6799778113326,47.3455224977203,43.6854049976481))
REPRESENTATION_ITEM('')
);
#64=(
BOUNDED_CURVE()
B_SPLINE_CURVE(2,(#13189,#13190,#13191),.UNSPECIFIED.,.F.,.F.)
B_SPLINE_CURVE_WITH_KNOTS((3,3),(8.32092703605043,10.0528987030804),
 .UNSPECIFIED.)
CURVE()
GEOMETRIC_REPRESENTATION_ITEM()
RATIONAL_B_SPLINE_CURVE((43.685404997647,47.3455224977188,50.6799778113308))
REPRESENTATION_ITEM('')
);
#65=(
BOUNDED_CURVE()
B_SPLINE_CURVE(2,(#13194,#13195,#13196),.UNSPECIFIED.,.F.,.F.)
B_SPLINE_CURVE_WITH_KNOTS((3,3),(8.32092703604975,10.0528987030797),
 .UNSPECIFIED.)
CURVE()
GEOMETRIC_REPRESENTATION_ITEM()
RATIONAL_B_SPLINE_CURVE((43.6854049976491,47.3455224977214,50.6799778113338))
REPRESENTATION_ITEM('')
);
#66=(
BOUNDED_CURVE()
B_SPLINE_CURVE(2,(#13199,#13200,#13201),.UNSPECIFIED.,.F.,.F.)
B_SPLINE_CURVE_WITH_KNOTS((3,3),(8.32092703604912,10.0528987030789),
 .UNSPECIFIED.)
CURVE()
GEOMETRIC_REPRESENTATION_ITEM()
RATIONAL_B_SPLINE_CURVE((43.6854049976488,47.3455224977212,50.6799778113338))
REPRESENTATION_ITEM('')
);
#67=FACE_BOUND('',#841,.T.);
#68=FACE_BOUND('',#844,.T.);
#69=FACE_BOUND('',#1148,.T.);
#70=FACE_BOUND('',#1208,.T.);
#71=PLANE('',#7497);
#72=PLANE('',#7720);
#73=PLANE('',#7726);
#74=PLANE('',#7727);
#75=PLANE('',#7738);
#76=PLANE('',#7741);
#77=PLANE('',#7750);
#78=PLANE('',#7753);
#79=PLANE('',#7762);
#80=PLANE('',#7765);
#81=PLANE('',#7774);
#82=PLANE('',#7777);
#83=PLANE('',#7786);
#84=PLANE('',#7789);
#85=PLANE('',#7798);
#86=PLANE('',#7801);
#87=PLANE('',#7810);
#88=PLANE('',#7813);
#89=PLANE('',#7822);
#90=PLANE('',#7825);
#91=PLANE('',#7834);
#92=PLANE('',#7837);
#93=PLANE('',#7846);
#94=PLANE('',#7849);
#95=PLANE('',#7858);
#96=PLANE('',#7861);
#97=PLANE('',#7870);
#98=PLANE('',#7873);
#99=PLANE('',#7882);
#100=PLANE('',#7885);
#101=PLANE('',#7894);
#102=PLANE('',#7897);
#103=PLANE('',#7906);
#104=PLANE('',#7909);
#105=PLANE('',#7918);
#106=PLANE('',#7921);
#107=PLANE('',#7930);
#108=PLANE('',#7933);
#109=PLANE('',#7942);
#110=PLANE('',#7945);
#111=PLANE('',#7954);
#112=PLANE('',#7957);
#113=PLANE('',#7966);
#114=PLANE('',#7969);
#115=PLANE('',#7978);
#116=PLANE('',#7981);
#117=PLANE('',#7990);
#118=PLANE('',#7993);
#119=PLANE('',#8002);
#120=PLANE('',#8005);
#121=PLANE('',#8014);
#122=PLANE('',#8017);
#123=PLANE('',#8026);
#124=PLANE('',#8029);
#125=PLANE('',#8038);
#126=PLANE('',#8041);
#127=PLANE('',#8050);
#128=PLANE('',#8053);
#129=PLANE('',#8062);
#130=PLANE('',#8065);
#131=PLANE('',#8074);
#132=PLANE('',#8077);
#133=PLANE('',#8086);
#134=PLANE('',#8089);
#135=PLANE('',#8098);
#136=PLANE('',#8101);
#137=PLANE('',#8110);
#138=PLANE('',#8113);
#139=PLANE('',#8122);
#140=PLANE('',#8125);
#141=PLANE('',#8134);
#142=PLANE('',#8137);
#143=PLANE('',#8146);
#144=PLANE('',#8149);
#145=PLANE('',#8158);
#146=PLANE('',#8161);
#147=PLANE('',#8170);
#148=PLANE('',#8173);
#149=PLANE('',#8182);
#150=PLANE('',#8185);
#151=PLANE('',#8194);
#152=PLANE('',#8197);
#153=PLANE('',#8206);
#154=PLANE('',#8209);
#155=PLANE('',#8218);
#156=PLANE('',#8221);
#157=PLANE('',#8230);
#158=PLANE('',#8233);
#159=PLANE('',#8240);
#160=PLANE('',#8248);
#161=PLANE('',#8250);
#162=PLANE('',#8252);
#163=PLANE('',#8255);
#164=PLANE('',#8258);
#165=PLANE('',#8261);
#166=PLANE('',#8262);
#167=PLANE('',#8265);
#168=PLANE('',#8266);
#169=PLANE('',#8269);
#170=PLANE('',#8270);
#171=PLANE('',#8273);
#172=PLANE('',#8274);
#173=PLANE('',#8277);
#174=PLANE('',#8278);
#175=PLANE('',#8281);
#176=PLANE('',#8282);
#177=PLANE('',#8285);
#178=PLANE('',#8302);
#179=PLANE('',#8323);
#180=PLANE('',#8324);
#181=PLANE('',#8325);
#182=PLANE('',#8326);
#183=PLANE('',#8327);
#184=PLANE('',#8328);
#185=PLANE('',#8329);
#186=PLANE('',#8330);
#187=PLANE('',#8331);
#188=PLANE('',#8332);
#189=PLANE('',#8333);
#190=PLANE('',#8334);
#191=PLANE('',#8335);
#192=PLANE('',#8336);
#193=PLANE('',#8337);
#194=PLANE('',#8338);
#195=PLANE('',#8339);
#196=PLANE('',#8357);
#197=CYLINDRICAL_SURFACE('',#7495,1.6);
#198=CYLINDRICAL_SURFACE('',#7722,0.15);
#199=CYLINDRICAL_SURFACE('',#7724,0.15);
#200=CYLINDRICAL_SURFACE('',#7728,0.0999999999999491);
#201=CYLINDRICAL_SURFACE('',#7730,11.6);
#202=CYLINDRICAL_SURFACE('',#7732,0.0999999999999491);
#203=CYLINDRICAL_SURFACE('',#7734,0.15);
#204=CYLINDRICAL_SURFACE('',#7736,0.15);
#205=CYLINDRICAL_SURFACE('',#7739,0.0999999999999491);
#206=CYLINDRICAL_SURFACE('',#7742,0.0999999999999491);
#207=CYLINDRICAL_SURFACE('',#7744,11.6);
#208=CYLINDRICAL_SURFACE('',#7746,0.15);
#209=CYLINDRICAL_SURFACE('',#7748,0.15);
#210=CYLINDRICAL_SURFACE('',#7751,0.0999999999999491);
#211=CYLINDRICAL_SURFACE('',#7754,0.0999999999999491);
#212=CYLINDRICAL_SURFACE('',#7756,11.6);
#213=CYLINDRICAL_SURFACE('',#7758,0.15);
#214=CYLINDRICAL_SURFACE('',#7760,0.15);
#215=CYLINDRICAL_SURFACE('',#7763,0.0999999999999491);
#216=CYLINDRICAL_SURFACE('',#7766,0.0999999999999491);
#217=CYLINDRICAL_SURFACE('',#7768,11.6);
#218=CYLINDRICAL_SURFACE('',#7770,0.15);
#219=CYLINDRICAL_SURFACE('',#7772,0.15);
#220=CYLINDRICAL_SURFACE('',#7775,0.0999999999999491);
#221=CYLINDRICAL_SURFACE('',#7778,0.0999999999999491);
#222=CYLINDRICAL_SURFACE('',#7780,11.6);
#223=CYLINDRICAL_SURFACE('',#7782,0.15);
#224=CYLINDRICAL_SURFACE('',#7784,0.15);
#225=CYLINDRICAL_SURFACE('',#7787,0.0999999999999491);
#226=CYLINDRICAL_SURFACE('',#7790,0.0999999999999491);
#227=CYLINDRICAL_SURFACE('',#7792,11.6);
#228=CYLINDRICAL_SURFACE('',#7794,0.15);
#229=CYLINDRICAL_SURFACE('',#7796,0.15);
#230=CYLINDRICAL_SURFACE('',#7799,0.0999999999999491);
#231=CYLINDRICAL_SURFACE('',#7802,0.0999999999999491);
#232=CYLINDRICAL_SURFACE('',#7804,11.6);
#233=CYLINDRICAL_SURFACE('',#7806,0.15);
#234=CYLINDRICAL_SURFACE('',#7808,0.15);
#235=CYLINDRICAL_SURFACE('',#7811,0.0999999999999491);
#236=CYLINDRICAL_SURFACE('',#7814,0.0999999999999491);
#237=CYLINDRICAL_SURFACE('',#7816,11.6);
#238=CYLINDRICAL_SURFACE('',#7818,0.15);
#239=CYLINDRICAL_SURFACE('',#7820,0.15);
#240=CYLINDRICAL_SURFACE('',#7823,0.0999999999999491);
#241=CYLINDRICAL_SURFACE('',#7826,0.0999999999999491);
#242=CYLINDRICAL_SURFACE('',#7828,11.6);
#243=CYLINDRICAL_SURFACE('',#7830,0.15);
#244=CYLINDRICAL_SURFACE('',#7832,0.15);
#245=CYLINDRICAL_SURFACE('',#7835,0.0999999999999491);
#246=CYLINDRICAL_SURFACE('',#7838,0.0999999999999491);
#247=CYLINDRICAL_SURFACE('',#7840,11.6);
#248=CYLINDRICAL_SURFACE('',#7842,0.15);
#249=CYLINDRICAL_SURFACE('',#7844,0.15);
#250=CYLINDRICAL_SURFACE('',#7847,0.0999999999999491);
#251=CYLINDRICAL_SURFACE('',#7850,0.0999999999999491);
#252=CYLINDRICAL_SURFACE('',#7852,11.6);
#253=CYLINDRICAL_SURFACE('',#7854,0.15);
#254=CYLINDRICAL_SURFACE('',#7856,0.15);
#255=CYLINDRICAL_SURFACE('',#7859,0.0999999999999491);
#256=CYLINDRICAL_SURFACE('',#7862,0.0999999999999491);
#257=CYLINDRICAL_SURFACE('',#7864,11.6);
#258=CYLINDRICAL_SURFACE('',#7866,0.15);
#259=CYLINDRICAL_SURFACE('',#7868,0.15);
#260=CYLINDRICAL_SURFACE('',#7871,0.0999999999999491);
#261=CYLINDRICAL_SURFACE('',#7874,0.0999999999999491);
#262=CYLINDRICAL_SURFACE('',#7876,11.6);
#263=CYLINDRICAL_SURFACE('',#7878,0.15);
#264=CYLINDRICAL_SURFACE('',#7880,0.15);
#265=CYLINDRICAL_SURFACE('',#7883,0.0999999999999491);
#266=CYLINDRICAL_SURFACE('',#7886,0.0999999999999491);
#267=CYLINDRICAL_SURFACE('',#7888,11.6);
#268=CYLINDRICAL_SURFACE('',#7890,0.15);
#269=CYLINDRICAL_SURFACE('',#7892,0.15);
#270=CYLINDRICAL_SURFACE('',#7895,0.0999999999999491);
#271=CYLINDRICAL_SURFACE('',#7898,0.0999999999999491);
#272=CYLINDRICAL_SURFACE('',#7900,11.6);
#273=CYLINDRICAL_SURFACE('',#7902,0.15);
#274=CYLINDRICAL_SURFACE('',#7904,0.15);
#275=CYLINDRICAL_SURFACE('',#7907,0.0999999999999491);
#276=CYLINDRICAL_SURFACE('',#7910,0.0999999999999491);
#277=CYLINDRICAL_SURFACE('',#7912,11.6);
#278=CYLINDRICAL_SURFACE('',#7914,0.15);
#279=CYLINDRICAL_SURFACE('',#7916,0.15);
#280=CYLINDRICAL_SURFACE('',#7919,0.0999999999999491);
#281=CYLINDRICAL_SURFACE('',#7922,0.0999999999999491);
#282=CYLINDRICAL_SURFACE('',#7924,11.6);
#283=CYLINDRICAL_SURFACE('',#7926,0.15);
#284=CYLINDRICAL_SURFACE('',#7928,0.15);
#285=CYLINDRICAL_SURFACE('',#7931,0.0999999999999491);
#286=CYLINDRICAL_SURFACE('',#7934,0.0999999999999491);
#287=CYLINDRICAL_SURFACE('',#7936,11.6);
#288=CYLINDRICAL_SURFACE('',#7938,0.15);
#289=CYLINDRICAL_SURFACE('',#7940,0.15);
#290=CYLINDRICAL_SURFACE('',#7943,0.0999999999999491);
#291=CYLINDRICAL_SURFACE('',#7946,0.0999999999999491);
#292=CYLINDRICAL_SURFACE('',#7948,11.6);
#293=CYLINDRICAL_SURFACE('',#7950,0.15);
#294=CYLINDRICAL_SURFACE('',#7952,0.15);
#295=CYLINDRICAL_SURFACE('',#7955,0.0999999999999491);
#296=CYLINDRICAL_SURFACE('',#7958,0.0999999999999491);
#297=CYLINDRICAL_SURFACE('',#7960,11.6);
#298=CYLINDRICAL_SURFACE('',#7962,0.15);
#299=CYLINDRICAL_SURFACE('',#7964,0.15);
#300=CYLINDRICAL_SURFACE('',#7967,0.0999999999999491);
#301=CYLINDRICAL_SURFACE('',#7970,0.0999999999999491);
#302=CYLINDRICAL_SURFACE('',#7972,11.6);
#303=CYLINDRICAL_SURFACE('',#7974,0.15);
#304=CYLINDRICAL_SURFACE('',#7976,0.15);
#305=CYLINDRICAL_SURFACE('',#7979,0.0999999999999491);
#306=CYLINDRICAL_SURFACE('',#7982,0.0999999999999491);
#307=CYLINDRICAL_SURFACE('',#7984,11.6);
#308=CYLINDRICAL_SURFACE('',#7986,0.15);
#309=CYLINDRICAL_SURFACE('',#7988,0.15);
#310=CYLINDRICAL_SURFACE('',#7991,0.0999999999999491);
#311=CYLINDRICAL_SURFACE('',#7994,0.0999999999999491);
#312=CYLINDRICAL_SURFACE('',#7996,11.6);
#313=CYLINDRICAL_SURFACE('',#7998,0.15);
#314=CYLINDRICAL_SURFACE('',#8000,0.15);
#315=CYLINDRICAL_SURFACE('',#8003,0.0999999999999491);
#316=CYLINDRICAL_SURFACE('',#8006,0.0999999999999491);
#317=CYLINDRICAL_SURFACE('',#8008,11.6);
#318=CYLINDRICAL_SURFACE('',#8010,0.15);
#319=CYLINDRICAL_SURFACE('',#8012,0.15);
#320=CYLINDRICAL_SURFACE('',#8015,0.0999999999999491);
#321=CYLINDRICAL_SURFACE('',#8018,0.0999999999999491);
#322=CYLINDRICAL_SURFACE('',#8020,11.6);
#323=CYLINDRICAL_SURFACE('',#8022,0.15);
#324=CYLINDRICAL_SURFACE('',#8024,0.15);
#325=CYLINDRICAL_SURFACE('',#8027,0.0999999999999491);
#326=CYLINDRICAL_SURFACE('',#8030,0.0999999999999491);
#327=CYLINDRICAL_SURFACE('',#8032,11.6);
#328=CYLINDRICAL_SURFACE('',#8034,0.15);
#329=CYLINDRICAL_SURFACE('',#8036,0.15);
#330=CYLINDRICAL_SURFACE('',#8039,0.0999999999999491);
#331=CYLINDRICAL_SURFACE('',#8042,0.0999999999999491);
#332=CYLINDRICAL_SURFACE('',#8044,11.6);
#333=CYLINDRICAL_SURFACE('',#8046,0.15);
#334=CYLINDRICAL_SURFACE('',#8048,0.15);
#335=CYLINDRICAL_SURFACE('',#8051,0.0999999999999491);
#336=CYLINDRICAL_SURFACE('',#8054,0.0999999999999491);
#337=CYLINDRICAL_SURFACE('',#8056,11.6);
#338=CYLINDRICAL_SURFACE('',#8058,0.15);
#339=CYLINDRICAL_SURFACE('',#8060,0.15);
#340=CYLINDRICAL_SURFACE('',#8063,0.0999999999999491);
#341=CYLINDRICAL_SURFACE('',#8066,0.0999999999999491);
#342=CYLINDRICAL_SURFACE('',#8068,11.6);
#343=CYLINDRICAL_SURFACE('',#8070,0.15);
#344=CYLINDRICAL_SURFACE('',#8072,0.15);
#345=CYLINDRICAL_SURFACE('',#8075,0.0999999999999491);
#346=CYLINDRICAL_SURFACE('',#8078,0.0999999999999491);
#347=CYLINDRICAL_SURFACE('',#8080,11.6);
#348=CYLINDRICAL_SURFACE('',#8082,0.15);
#349=CYLINDRICAL_SURFACE('',#8084,0.15);
#350=CYLINDRICAL_SURFACE('',#8087,0.0999999999999491);
#351=CYLINDRICAL_SURFACE('',#8090,0.0999999999999491);
#352=CYLINDRICAL_SURFACE('',#8092,11.6);
#353=CYLINDRICAL_SURFACE('',#8094,0.15);
#354=CYLINDRICAL_SURFACE('',#8096,0.15);
#355=CYLINDRICAL_SURFACE('',#8099,0.0999999999999491);
#356=CYLINDRICAL_SURFACE('',#8102,0.0999999999999491);
#357=CYLINDRICAL_SURFACE('',#8104,11.6);
#358=CYLINDRICAL_SURFACE('',#8106,0.15);
#359=CYLINDRICAL_SURFACE('',#8108,0.15);
#360=CYLINDRICAL_SURFACE('',#8111,0.0999999999999491);
#361=CYLINDRICAL_SURFACE('',#8114,0.0999999999999491);
#362=CYLINDRICAL_SURFACE('',#8116,11.6);
#363=CYLINDRICAL_SURFACE('',#8118,0.15);
#364=CYLINDRICAL_SURFACE('',#8120,0.15);
#365=CYLINDRICAL_SURFACE('',#8123,0.0999999999999491);
#366=CYLINDRICAL_SURFACE('',#8126,0.0999999999999491);
#367=CYLINDRICAL_SURFACE('',#8128,11.6);
#368=CYLINDRICAL_SURFACE('',#8130,0.15);
#369=CYLINDRICAL_SURFACE('',#8132,0.15);
#370=CYLINDRICAL_SURFACE('',#8135,0.0999999999999491);
#371=CYLINDRICAL_SURFACE('',#8138,0.0999999999999491);
#372=CYLINDRICAL_SURFACE('',#8140,11.6);
#373=CYLINDRICAL_SURFACE('',#8142,0.15);
#374=CYLINDRICAL_SURFACE('',#8144,0.15);
#375=CYLINDRICAL_SURFACE('',#8147,0.0999999999999491);
#376=CYLINDRICAL_SURFACE('',#8150,0.0999999999999491);
#377=CYLINDRICAL_SURFACE('',#8152,11.6);
#378=CYLINDRICAL_SURFACE('',#8154,0.15);
#379=CYLINDRICAL_SURFACE('',#8156,0.15);
#380=CYLINDRICAL_SURFACE('',#8159,0.0999999999999491);
#381=CYLINDRICAL_SURFACE('',#8162,0.0999999999999491);
#382=CYLINDRICAL_SURFACE('',#8164,11.6);
#383=CYLINDRICAL_SURFACE('',#8166,0.15);
#384=CYLINDRICAL_SURFACE('',#8168,0.15);
#385=CYLINDRICAL_SURFACE('',#8171,0.0999999999999491);
#386=CYLINDRICAL_SURFACE('',#8174,0.0999999999999491);
#387=CYLINDRICAL_SURFACE('',#8176,11.6);
#388=CYLINDRICAL_SURFACE('',#8178,0.15);
#389=CYLINDRICAL_SURFACE('',#8180,0.15);
#390=CYLINDRICAL_SURFACE('',#8183,0.0999999999999491);
#391=CYLINDRICAL_SURFACE('',#8186,0.0999999999999491);
#392=CYLINDRICAL_SURFACE('',#8188,11.6);
#393=CYLINDRICAL_SURFACE('',#8190,0.15);
#394=CYLINDRICAL_SURFACE('',#8192,0.15);
#395=CYLINDRICAL_SURFACE('',#8195,0.0999999999999491);
#396=CYLINDRICAL_SURFACE('',#8198,0.0999999999999491);
#397=CYLINDRICAL_SURFACE('',#8200,11.6);
#398=CYLINDRICAL_SURFACE('',#8202,0.15);
#399=CYLINDRICAL_SURFACE('',#8204,0.15);
#400=CYLINDRICAL_SURFACE('',#8207,0.0999999999999491);
#401=CYLINDRICAL_SURFACE('',#8210,0.0999999999999491);
#402=CYLINDRICAL_SURFACE('',#8212,11.6);
#403=CYLINDRICAL_SURFACE('',#8214,0.15);
#404=CYLINDRICAL_SURFACE('',#8216,0.15);
#405=CYLINDRICAL_SURFACE('',#8219,0.0999999999999491);
#406=CYLINDRICAL_SURFACE('',#8222,0.0999999999999491);
#407=CYLINDRICAL_SURFACE('',#8224,11.6);
#408=CYLINDRICAL_SURFACE('',#8226,0.15);
#409=CYLINDRICAL_SURFACE('',#8228,0.15);
#410=CYLINDRICAL_SURFACE('',#8231,0.0999999999999491);
#411=CYLINDRICAL_SURFACE('',#8234,0.0999999999999491);
#412=CYLINDRICAL_SURFACE('',#8236,11.6);
#413=CYLINDRICAL_SURFACE('',#8238,11.6);
#414=CYLINDRICAL_SURFACE('',#8246,0.15);
#415=CYLINDRICAL_SURFACE('',#8247,0.15);
#416=CYLINDRICAL_SURFACE('',#8249,0.0999999999999491);
#417=CYLINDRICAL_SURFACE('',#8251,0.0999999999999491);
#418=CYLINDRICAL_SURFACE('',#8253,0.225);
#419=CYLINDRICAL_SURFACE('',#8256,0.225);
#420=CYLINDRICAL_SURFACE('',#8259,0.225);
#421=CYLINDRICAL_SURFACE('',#8263,0.225);
#422=CYLINDRICAL_SURFACE('',#8267,0.225);
#423=CYLINDRICAL_SURFACE('',#8271,0.225);
#424=CYLINDRICAL_SURFACE('',#8275,0.225);
#425=CYLINDRICAL_SURFACE('',#8279,0.225);
#426=CYLINDRICAL_SURFACE('',#8283,0.225);
#427=CYLINDRICAL_SURFACE('',#8286,0.225);
#428=CYLINDRICAL_SURFACE('',#8288,0.225);
#429=CYLINDRICAL_SURFACE('',#8290,0.225);
#430=CYLINDRICAL_SURFACE('',#8292,0.225);
#431=CYLINDRICAL_SURFACE('',#8294,0.225);
#432=CYLINDRICAL_SURFACE('',#8296,0.225);
#433=CYLINDRICAL_SURFACE('',#8298,0.225);
#434=CYLINDRICAL_SURFACE('',#8300,0.225);
#435=CYLINDRICAL_SURFACE('',#8321,4.725);
#436=CYLINDRICAL_SURFACE('',#8358,4.675);
#437=CYLINDRICAL_SURFACE('',#8359,4.675);
#438=CYLINDRICAL_SURFACE('',#8360,4.675);
#439=CYLINDRICAL_SURFACE('',#8361,4.675);
#440=CYLINDRICAL_SURFACE('',#8362,4.675);
#441=CYLINDRICAL_SURFACE('',#8363,4.675);
#442=CYLINDRICAL_SURFACE('',#8364,4.675);
#443=CYLINDRICAL_SURFACE('',#8365,4.675);
#444=CYLINDRICAL_SURFACE('',#8366,4.675);
#445=CYLINDRICAL_SURFACE('',#8367,4.675);
#446=CYLINDRICAL_SURFACE('',#8368,4.675);
#447=CYLINDRICAL_SURFACE('',#8369,4.675);
#448=CYLINDRICAL_SURFACE('',#8370,4.675);
#449=CYLINDRICAL_SURFACE('',#8371,4.675);
#450=CYLINDRICAL_SURFACE('',#8372,4.675);
#451=CYLINDRICAL_SURFACE('',#8373,4.675);
#452=CYLINDRICAL_SURFACE('',#8374,4.675);
#453=FACE_OUTER_BOUND('',#838,.T.);
#454=FACE_OUTER_BOUND('',#839,.T.);
#455=FACE_OUTER_BOUND('',#840,.T.);
#456=FACE_OUTER_BOUND('',#842,.T.);
#457=FACE_OUTER_BOUND('',#843,.T.);
#458=FACE_OUTER_BOUND('',#845,.T.);
#459=FACE_OUTER_BOUND('',#846,.T.);
#460=FACE_OUTER_BOUND('',#847,.T.);
#461=FACE_OUTER_BOUND('',#848,.T.);
#462=FACE_OUTER_BOUND('',#849,.T.);
#463=FACE_OUTER_BOUND('',#850,.T.);
#464=FACE_OUTER_BOUND('',#851,.T.);
#465=FACE_OUTER_BOUND('',#852,.T.);
#466=FACE_OUTER_BOUND('',#853,.T.);
#467=FACE_OUTER_BOUND('',#854,.T.);
#468=FACE_OUTER_BOUND('',#855,.T.);
#469=FACE_OUTER_BOUND('',#856,.T.);
#470=FACE_OUTER_BOUND('',#857,.T.);
#471=FACE_OUTER_BOUND('',#858,.T.);
#472=FACE_OUTER_BOUND('',#859,.T.);
#473=FACE_OUTER_BOUND('',#860,.T.);
#474=FACE_OUTER_BOUND('',#861,.T.);
#475=FACE_OUTER_BOUND('',#862,.T.);
#476=FACE_OUTER_BOUND('',#863,.T.);
#477=FACE_OUTER_BOUND('',#864,.T.);
#478=FACE_OUTER_BOUND('',#865,.T.);
#479=FACE_OUTER_BOUND('',#866,.T.);
#480=FACE_OUTER_BOUND('',#867,.T.);
#481=FACE_OUTER_BOUND('',#868,.T.);
#482=FACE_OUTER_BOUND('',#869,.T.);
#483=FACE_OUTER_BOUND('',#870,.T.);
#484=FACE_OUTER_BOUND('',#871,.T.);
#485=FACE_OUTER_BOUND('',#872,.T.);
#486=FACE_OUTER_BOUND('',#873,.T.);
#487=FACE_OUTER_BOUND('',#874,.T.);
#488=FACE_OUTER_BOUND('',#875,.T.);
#489=FACE_OUTER_BOUND('',#876,.T.);
#490=FACE_OUTER_BOUND('',#877,.T.);
#491=FACE_OUTER_BOUND('',#878,.T.);
#492=FACE_OUTER_BOUND('',#879,.T.);
#493=FACE_OUTER_BOUND('',#880,.T.);
#494=FACE_OUTER_BOUND('',#881,.T.);
#495=FACE_OUTER_BOUND('',#882,.T.);
#496=FACE_OUTER_BOUND('',#883,.T.);
#497=FACE_OUTER_BOUND('',#884,.T.);
#498=FACE_OUTER_BOUND('',#885,.T.);
#499=FACE_OUTER_BOUND('',#886,.T.);
#500=FACE_OUTER_BOUND('',#887,.T.);
#501=FACE_OUTER_BOUND('',#888,.T.);
#502=FACE_OUTER_BOUND('',#889,.T.);
#503=FACE_OUTER_BOUND('',#890,.T.);
#504=FACE_OUTER_BOUND('',#891,.T.);
#505=FACE_OUTER_BOUND('',#892,.T.);
#506=FACE_OUTER_BOUND('',#893,.T.);
#507=FACE_OUTER_BOUND('',#894,.T.);
#508=FACE_OUTER_BOUND('',#895,.T.);
#509=FACE_OUTER_BOUND('',#896,.T.);
#510=FACE_OUTER_BOUND('',#897,.T.);
#511=FACE_OUTER_BOUND('',#898,.T.);
#512=FACE_OUTER_BOUND('',#899,.T.);
#513=FACE_OUTER_BOUND('',#900,.T.);
#514=FACE_OUTER_BOUND('',#901,.T.);
#515=FACE_OUTER_BOUND('',#902,.T.);
#516=FACE_OUTER_BOUND('',#903,.T.);
#517=FACE_OUTER_BOUND('',#904,.T.);
#518=FACE_OUTER_BOUND('',#905,.T.);
#519=FACE_OUTER_BOUND('',#906,.T.);
#520=FACE_OUTER_BOUND('',#907,.T.);
#521=FACE_OUTER_BOUND('',#908,.T.);
#522=FACE_OUTER_BOUND('',#909,.T.);
#523=FACE_OUTER_BOUND('',#910,.T.);
#524=FACE_OUTER_BOUND('',#911,.T.);
#525=FACE_OUTER_BOUND('',#912,.T.);
#526=FACE_OUTER_BOUND('',#913,.T.);
#527=FACE_OUTER_BOUND('',#914,.T.);
#528=FACE_OUTER_BOUND('',#915,.T.);
#529=FACE_OUTER_BOUND('',#916,.T.);
#530=FACE_OUTER_BOUND('',#917,.T.);
#531=FACE_OUTER_BOUND('',#918,.T.);
#532=FACE_OUTER_BOUND('',#919,.T.);
#533=FACE_OUTER_BOUND('',#920,.T.);
#534=FACE_OUTER_BOUND('',#921,.T.);
#535=FACE_OUTER_BOUND('',#922,.T.);
#536=FACE_OUTER_BOUND('',#923,.T.);
#537=FACE_OUTER_BOUND('',#924,.T.);
#538=FACE_OUTER_BOUND('',#925,.T.);
#539=FACE_OUTER_BOUND('',#926,.T.);
#540=FACE_OUTER_BOUND('',#927,.T.);
#541=FACE_OUTER_BOUND('',#928,.T.);
#542=FACE_OUTER_BOUND('',#929,.T.);
#543=FACE_OUTER_BOUND('',#930,.T.);
#544=FACE_OUTER_BOUND('',#931,.T.);
#545=FACE_OUTER_BOUND('',#932,.T.);
#546=FACE_OUTER_BOUND('',#933,.T.);
#547=FACE_OUTER_BOUND('',#934,.T.);
#548=FACE_OUTER_BOUND('',#935,.T.);
#549=FACE_OUTER_BOUND('',#936,.T.);
#550=FACE_OUTER_BOUND('',#937,.T.);
#551=FACE_OUTER_BOUND('',#938,.T.);
#552=FACE_OUTER_BOUND('',#939,.T.);
#553=FACE_OUTER_BOUND('',#940,.T.);
#554=FACE_OUTER_BOUND('',#941,.T.);
#555=FACE_OUTER_BOUND('',#942,.T.);
#556=FACE_OUTER_BOUND('',#943,.T.);
#557=FACE_OUTER_BOUND('',#944,.T.);
#558=FACE_OUTER_BOUND('',#945,.T.);
#559=FACE_OUTER_BOUND('',#946,.T.);
#560=FACE_OUTER_BOUND('',#947,.T.);
#561=FACE_OUTER_BOUND('',#948,.T.);
#562=FACE_OUTER_BOUND('',#949,.T.);
#563=FACE_OUTER_BOUND('',#950,.T.);
#564=FACE_OUTER_BOUND('',#951,.T.);
#565=FACE_OUTER_BOUND('',#952,.T.);
#566=FACE_OUTER_BOUND('',#953,.T.);
#567=FACE_OUTER_BOUND('',#954,.T.);
#568=FACE_OUTER_BOUND('',#955,.T.);
#569=FACE_OUTER_BOUND('',#956,.T.);
#570=FACE_OUTER_BOUND('',#957,.T.);
#571=FACE_OUTER_BOUND('',#958,.T.);
#572=FACE_OUTER_BOUND('',#959,.T.);
#573=FACE_OUTER_BOUND('',#960,.T.);
#574=FACE_OUTER_BOUND('',#961,.T.);
#575=FACE_OUTER_BOUND('',#962,.T.);
#576=FACE_OUTER_BOUND('',#963,.T.);
#577=FACE_OUTER_BOUND('',#964,.T.);
#578=FACE_OUTER_BOUND('',#965,.T.);
#579=FACE_OUTER_BOUND('',#966,.T.);
#580=FACE_OUTER_BOUND('',#967,.T.);
#581=FACE_OUTER_BOUND('',#968,.T.);
#582=FACE_OUTER_BOUND('',#969,.T.);
#583=FACE_OUTER_BOUND('',#970,.T.);
#584=FACE_OUTER_BOUND('',#971,.T.);
#585=FACE_OUTER_BOUND('',#972,.T.);
#586=FACE_OUTER_BOUND('',#973,.T.);
#587=FACE_OUTER_BOUND('',#974,.T.);
#588=FACE_OUTER_BOUND('',#975,.T.);
#589=FACE_OUTER_BOUND('',#976,.T.);
#590=FACE_OUTER_BOUND('',#977,.T.);
#591=FACE_OUTER_BOUND('',#978,.T.);
#592=FACE_OUTER_BOUND('',#979,.T.);
#593=FACE_OUTER_BOUND('',#980,.T.);
#594=FACE_OUTER_BOUND('',#981,.T.);
#595=FACE_OUTER_BOUND('',#982,.T.);
#596=FACE_OUTER_BOUND('',#983,.T.);
#597=FACE_OUTER_BOUND('',#984,.T.);
#598=FACE_OUTER_BOUND('',#985,.T.);
#599=FACE_OUTER_BOUND('',#986,.T.);
#600=FACE_OUTER_BOUND('',#987,.T.);
#601=FACE_OUTER_BOUND('',#988,.T.);
#602=FACE_OUTER_BOUND('',#989,.T.);
#603=FACE_OUTER_BOUND('',#990,.T.);
#604=FACE_OUTER_BOUND('',#991,.T.);
#605=FACE_OUTER_BOUND('',#992,.T.);
#606=FACE_OUTER_BOUND('',#993,.T.);
#607=FACE_OUTER_BOUND('',#994,.T.);
#608=FACE_OUTER_BOUND('',#995,.T.);
#609=FACE_OUTER_BOUND('',#996,.T.);
#610=FACE_OUTER_BOUND('',#997,.T.);
#611=FACE_OUTER_BOUND('',#998,.T.);
#612=FACE_OUTER_BOUND('',#999,.T.);
#613=FACE_OUTER_BOUND('',#1000,.T.);
#614=FACE_OUTER_BOUND('',#1001,.T.);
#615=FACE_OUTER_BOUND('',#1002,.T.);
#616=FACE_OUTER_BOUND('',#1003,.T.);
#617=FACE_OUTER_BOUND('',#1004,.T.);
#618=FACE_OUTER_BOUND('',#1005,.T.);
#619=FACE_OUTER_BOUND('',#1006,.T.);
#620=FACE_OUTER_BOUND('',#1007,.T.);
#621=FACE_OUTER_BOUND('',#1008,.T.);
#622=FACE_OUTER_BOUND('',#1009,.T.);
#623=FACE_OUTER_BOUND('',#1010,.T.);
#624=FACE_OUTER_BOUND('',#1011,.T.);
#625=FACE_OUTER_BOUND('',#1012,.T.);
#626=FACE_OUTER_BOUND('',#1013,.T.);
#627=FACE_OUTER_BOUND('',#1014,.T.);
#628=FACE_OUTER_BOUND('',#1015,.T.);
#629=FACE_OUTER_BOUND('',#1016,.T.);
#630=FACE_OUTER_BOUND('',#1017,.T.);
#631=FACE_OUTER_BOUND('',#1018,.T.);
#632=FACE_OUTER_BOUND('',#1019,.T.);
#633=FACE_OUTER_BOUND('',#1020,.T.);
#634=FACE_OUTER_BOUND('',#1021,.T.);
#635=FACE_OUTER_BOUND('',#1022,.T.);
#636=FACE_OUTER_BOUND('',#1023,.T.);
#637=FACE_OUTER_BOUND('',#1024,.T.);
#638=FACE_OUTER_BOUND('',#1025,.T.);
#639=FACE_OUTER_BOUND('',#1026,.T.);
#640=FACE_OUTER_BOUND('',#1027,.T.);
#641=FACE_OUTER_BOUND('',#1028,.T.);
#642=FACE_OUTER_BOUND('',#1029,.T.);
#643=FACE_OUTER_BOUND('',#1030,.T.);
#644=FACE_OUTER_BOUND('',#1031,.T.);
#645=FACE_OUTER_BOUND('',#1032,.T.);
#646=FACE_OUTER_BOUND('',#1033,.T.);
#647=FACE_OUTER_BOUND('',#1034,.T.);
#648=FACE_OUTER_BOUND('',#1035,.T.);
#649=FACE_OUTER_BOUND('',#1036,.T.);
#650=FACE_OUTER_BOUND('',#1037,.T.);
#651=FACE_OUTER_BOUND('',#1038,.T.);
#652=FACE_OUTER_BOUND('',#1039,.T.);
#653=FACE_OUTER_BOUND('',#1040,.T.);
#654=FACE_OUTER_BOUND('',#1041,.T.);
#655=FACE_OUTER_BOUND('',#1042,.T.);
#656=FACE_OUTER_BOUND('',#1043,.T.);
#657=FACE_OUTER_BOUND('',#1044,.T.);
#658=FACE_OUTER_BOUND('',#1045,.T.);
#659=FACE_OUTER_BOUND('',#1046,.T.);
#660=FACE_OUTER_BOUND('',#1047,.T.);
#661=FACE_OUTER_BOUND('',#1048,.T.);
#662=FACE_OUTER_BOUND('',#1049,.T.);
#663=FACE_OUTER_BOUND('',#1050,.T.);
#664=FACE_OUTER_BOUND('',#1051,.T.);
#665=FACE_OUTER_BOUND('',#1052,.T.);
#666=FACE_OUTER_BOUND('',#1053,.T.);
#667=FACE_OUTER_BOUND('',#1054,.T.);
#668=FACE_OUTER_BOUND('',#1055,.T.);
#669=FACE_OUTER_BOUND('',#1056,.T.);
#670=FACE_OUTER_BOUND('',#1057,.T.);
#671=FACE_OUTER_BOUND('',#1058,.T.);
#672=FACE_OUTER_BOUND('',#1059,.T.);
#673=FACE_OUTER_BOUND('',#1060,.T.);
#674=FACE_OUTER_BOUND('',#1061,.T.);
#675=FACE_OUTER_BOUND('',#1062,.T.);
#676=FACE_OUTER_BOUND('',#1063,.T.);
#677=FACE_OUTER_BOUND('',#1064,.T.);
#678=FACE_OUTER_BOUND('',#1065,.T.);
#679=FACE_OUTER_BOUND('',#1066,.T.);
#680=FACE_OUTER_BOUND('',#1067,.T.);
#681=FACE_OUTER_BOUND('',#1068,.T.);
#682=FACE_OUTER_BOUND('',#1069,.T.);
#683=FACE_OUTER_BOUND('',#1070,.T.);
#684=FACE_OUTER_BOUND('',#1071,.T.);
#685=FACE_OUTER_BOUND('',#1072,.T.);
#686=FACE_OUTER_BOUND('',#1073,.T.);
#687=FACE_OUTER_BOUND('',#1074,.T.);
#688=FACE_OUTER_BOUND('',#1075,.T.);
#689=FACE_OUTER_BOUND('',#1076,.T.);
#690=FACE_OUTER_BOUND('',#1077,.T.);
#691=FACE_OUTER_BOUND('',#1078,.T.);
#692=FACE_OUTER_BOUND('',#1079,.T.);
#693=FACE_OUTER_BOUND('',#1080,.T.);
#694=FACE_OUTER_BOUND('',#1081,.T.);
#695=FACE_OUTER_BOUND('',#1082,.T.);
#696=FACE_OUTER_BOUND('',#1083,.T.);
#697=FACE_OUTER_BOUND('',#1084,.T.);
#698=FACE_OUTER_BOUND('',#1085,.T.);
#699=FACE_OUTER_BOUND('',#1086,.T.);
#700=FACE_OUTER_BOUND('',#1087,.T.);
#701=FACE_OUTER_BOUND('',#1088,.T.);
#702=FACE_OUTER_BOUND('',#1089,.T.);
#703=FACE_OUTER_BOUND('',#1090,.T.);
#704=FACE_OUTER_BOUND('',#1091,.T.);
#705=FACE_OUTER_BOUND('',#1092,.T.);
#706=FACE_OUTER_BOUND('',#1093,.T.);
#707=FACE_OUTER_BOUND('',#1094,.T.);
#708=FACE_OUTER_BOUND('',#1095,.T.);
#709=FACE_OUTER_BOUND('',#1096,.T.);
#710=FACE_OUTER_BOUND('',#1097,.T.);
#711=FACE_OUTER_BOUND('',#1098,.T.);
#712=FACE_OUTER_BOUND('',#1099,.T.);
#713=FACE_OUTER_BOUND('',#1100,.T.);
#714=FACE_OUTER_BOUND('',#1101,.T.);
#715=FACE_OUTER_BOUND('',#1102,.T.);
#716=FACE_OUTER_BOUND('',#1103,.T.);
#717=FACE_OUTER_BOUND('',#1104,.T.);
#718=FACE_OUTER_BOUND('',#1105,.T.);
#719=FACE_OUTER_BOUND('',#1106,.T.);
#720=FACE_OUTER_BOUND('',#1107,.T.);
#721=FACE_OUTER_BOUND('',#1108,.T.);
#722=FACE_OUTER_BOUND('',#1109,.T.);
#723=FACE_OUTER_BOUND('',#1110,.T.);
#724=FACE_OUTER_BOUND('',#1111,.T.);
#725=FACE_OUTER_BOUND('',#1112,.T.);
#726=FACE_OUTER_BOUND('',#1113,.T.);
#727=FACE_OUTER_BOUND('',#1114,.T.);
#728=FACE_OUTER_BOUND('',#1115,.T.);
#729=FACE_OUTER_BOUND('',#1116,.T.);
#730=FACE_OUTER_BOUND('',#1117,.T.);
#731=FACE_OUTER_BOUND('',#1118,.T.);
#732=FACE_OUTER_BOUND('',#1119,.T.);
#733=FACE_OUTER_BOUND('',#1120,.T.);
#734=FACE_OUTER_BOUND('',#1121,.T.);
#735=FACE_OUTER_BOUND('',#1122,.T.);
#736=FACE_OUTER_BOUND('',#1123,.T.);
#737=FACE_OUTER_BOUND('',#1124,.T.);
#738=FACE_OUTER_BOUND('',#1125,.T.);
#739=FACE_OUTER_BOUND('',#1126,.T.);
#740=FACE_OUTER_BOUND('',#1127,.T.);
#741=FACE_OUTER_BOUND('',#1128,.T.);
#742=FACE_OUTER_BOUND('',#1129,.T.);
#743=FACE_OUTER_BOUND('',#1130,.T.);
#744=FACE_OUTER_BOUND('',#1131,.T.);
#745=FACE_OUTER_BOUND('',#1132,.T.);
#746=FACE_OUTER_BOUND('',#1133,.T.);
#747=FACE_OUTER_BOUND('',#1134,.T.);
#748=FACE_OUTER_BOUND('',#1135,.T.);
#749=FACE_OUTER_BOUND('',#1136,.T.);
#750=FACE_OUTER_BOUND('',#1137,.T.);
#751=FACE_OUTER_BOUND('',#1138,.T.);
#752=FACE_OUTER_BOUND('',#1139,.T.);
#753=FACE_OUTER_BOUND('',#1140,.T.);
#754=FACE_OUTER_BOUND('',#1141,.T.);
#755=FACE_OUTER_BOUND('',#1142,.T.);
#756=FACE_OUTER_BOUND('',#1143,.T.);
#757=FACE_OUTER_BOUND('',#1144,.T.);
#758=FACE_OUTER_BOUND('',#1145,.T.);
#759=FACE_OUTER_BOUND('',#1146,.T.);
#760=FACE_OUTER_BOUND('',#1147,.T.);
#761=FACE_OUTER_BOUND('',#1149,.T.);
#762=FACE_OUTER_BOUND('',#1150,.T.);
#763=FACE_OUTER_BOUND('',#1151,.T.);
#764=FACE_OUTER_BOUND('',#1152,.T.);
#765=FACE_OUTER_BOUND('',#1153,.T.);
#766=FACE_OUTER_BOUND('',#1154,.T.);
#767=FACE_OUTER_BOUND('',#1155,.T.);
#768=FACE_OUTER_BOUND('',#1156,.T.);
#769=FACE_OUTER_BOUND('',#1157,.T.);
#770=FACE_OUTER_BOUND('',#1158,.T.);
#771=FACE_OUTER_BOUND('',#1159,.T.);
#772=FACE_OUTER_BOUND('',#1160,.T.);
#773=FACE_OUTER_BOUND('',#1161,.T.);
#774=FACE_OUTER_BOUND('',#1162,.T.);
#775=FACE_OUTER_BOUND('',#1163,.T.);
#776=FACE_OUTER_BOUND('',#1164,.T.);
#777=FACE_OUTER_BOUND('',#1165,.T.);
#778=FACE_OUTER_BOUND('',#1166,.T.);
#779=FACE_OUTER_BOUND('',#1167,.T.);
#780=FACE_OUTER_BOUND('',#1168,.T.);
#781=FACE_OUTER_BOUND('',#1169,.T.);
#782=FACE_OUTER_BOUND('',#1170,.T.);
#783=FACE_OUTER_BOUND('',#1171,.T.);
#784=FACE_OUTER_BOUND('',#1172,.T.);
#785=FACE_OUTER_BOUND('',#1173,.T.);
#786=FACE_OUTER_BOUND('',#1174,.T.);
#787=FACE_OUTER_BOUND('',#1175,.T.);
#788=FACE_OUTER_BOUND('',#1176,.T.);
#789=FACE_OUTER_BOUND('',#1177,.T.);
#790=FACE_OUTER_BOUND('',#1178,.T.);
#791=FACE_OUTER_BOUND('',#1179,.T.);
#792=FACE_OUTER_BOUND('',#1180,.T.);
#793=FACE_OUTER_BOUND('',#1181,.T.);
#794=FACE_OUTER_BOUND('',#1182,.T.);
#795=FACE_OUTER_BOUND('',#1183,.T.);
#796=FACE_OUTER_BOUND('',#1184,.T.);
#797=FACE_OUTER_BOUND('',#1185,.T.);
#798=FACE_OUTER_BOUND('',#1186,.T.);
#799=FACE_OUTER_BOUND('',#1187,.T.);
#800=FACE_OUTER_BOUND('',#1188,.T.);
#801=FACE_OUTER_BOUND('',#1189,.T.);
#802=FACE_OUTER_BOUND('',#1190,.T.);
#803=FACE_OUTER_BOUND('',#1191,.T.);
#804=FACE_OUTER_BOUND('',#1192,.T.);
#805=FACE_OUTER_BOUND('',#1193,.T.);
#806=FACE_OUTER_BOUND('',#1194,.T.);
#807=FACE_OUTER_BOUND('',#1195,.T.);
#808=FACE_OUTER_BOUND('',#1196,.T.);
#809=FACE_OUTER_BOUND('',#1197,.T.);
#810=FACE_OUTER_BOUND('',#1198,.T.);
#811=FACE_OUTER_BOUND('',#1199,.T.);
#812=FACE_OUTER_BOUND('',#1200,.T.);
#813=FACE_OUTER_BOUND('',#1201,.T.);
#814=FACE_OUTER_BOUND('',#1202,.T.);
#815=FACE_OUTER_BOUND('',#1203,.T.);
#816=FACE_OUTER_BOUND('',#1204,.T.);
#817=FACE_OUTER_BOUND('',#1205,.T.);
#818=FACE_OUTER_BOUND('',#1206,.T.);
#819=FACE_OUTER_BOUND('',#1207,.T.);
#820=FACE_OUTER_BOUND('',#1209,.T.);
#821=FACE_OUTER_BOUND('',#1210,.T.);
#822=FACE_OUTER_BOUND('',#1211,.T.);
#823=FACE_OUTER_BOUND('',#1212,.T.);
#824=FACE_OUTER_BOUND('',#1213,.T.);
#825=FACE_OUTER_BOUND('',#1214,.T.);
#826=FACE_OUTER_BOUND('',#1215,.T.);
#827=FACE_OUTER_BOUND('',#1216,.T.);
#828=FACE_OUTER_BOUND('',#1217,.T.);
#829=FACE_OUTER_BOUND('',#1218,.T.);
#830=FACE_OUTER_BOUND('',#1219,.T.);
#831=FACE_OUTER_BOUND('',#1220,.T.);
#832=FACE_OUTER_BOUND('',#1221,.T.);
#833=FACE_OUTER_BOUND('',#1222,.T.);
#834=FACE_OUTER_BOUND('',#1223,.T.);
#835=FACE_OUTER_BOUND('',#1224,.T.);
#836=FACE_OUTER_BOUND('',#1225,.T.);
#837=FACE_OUTER_BOUND('',#1226,.T.);
#838=EDGE_LOOP('',(#4808,#4809,#4810,#4811));
#839=EDGE_LOOP('',(#4812,#4813,#4814,#4815));
#840=EDGE_LOOP('',(#4816,#4817,#4818,#4819,#4820,#4821,#4822,#4823,#4824,
#4825,#4826,#4827,#4828,#4829,#4830,#4831,#4832,#4833,#4834,#4835,#4836,
#4837,#4838,#4839,#4840,#4841,#4842,#4843,#4844,#4845,#4846,#4847,#4848,
#4849,#4850,#4851,#4852,#4853,#4854,#4855,#4856,#4857,#4858,#4859,#4860,
#4861,#4862,#4863,#4864,#4865,#4866,#4867,#4868,#4869,#4870,#4871,#4872,
#4873,#4874,#4875,#4876,#4877,#4878,#4879,#4880,#4881,#4882,#4883,#4884,
#4885,#4886,#4887,#4888,#4889,#4890,#4891,#4892,#4893,#4894,#4895,#4896,
#4897,#4898,#4899,#4900,#4901,#4902,#4903,#4904,#4905,#4906,#4907,#4908,
#4909,#4910,#4911,#4912,#4913,#4914,#4915,#4916,#4917,#4918,#4919,#4920,
#4921,#4922,#4923,#4924,#4925,#4926,#4927,#4928,#4929,#4930,#4931,#4932,
#4933,#4934,#4935,#4936,#4937,#4938,#4939,#4940,#4941,#4942,#4943,#4944,
#4945,#4946,#4947,#4948,#4949,#4950,#4951,#4952,#4953,#4954,#4955,#4956,
#4957,#4958,#4959,#4960,#4961,#4962,#4963,#4964,#4965,#4966,#4967,#4968,
#4969,#4970,#4971,#4972,#4973,#4974,#4975,#4976,#4977,#4978,#4979,#4980,
#4981,#4982,#4983,#4984,#4985,#4986,#4987,#4988,#4989,#4990,#4991,#4992,
#4993,#4994,#4995,#4996,#4997,#4998,#4999,#5000,#5001,#5002,#5003,#5004,
#5005,#5006,#5007,#5008,#5009,#5010,#5011,#5012,#5013,#5014,#5015,#5016,
#5017,#5018,#5019,#5020,#5021,#5022,#5023,#5024,#5025,#5026,#5027,#5028,
#5029,#5030,#5031,#5032,#5033,#5034,#5035,#5036,#5037,#5038,#5039,#5040,
#5041,#5042,#5043,#5044,#5045,#5046,#5047,#5048,#5049,#5050,#5051,#5052,
#5053,#5054,#5055,#5056,#5057,#5058,#5059,#5060,#5061,#5062,#5063,#5064,
#5065,#5066,#5067,#5068,#5069,#5070,#5071,#5072,#5073,#5074,#5075,#5076,
#5077,#5078,#5079,#5080,#5081,#5082,#5083,#5084,#5085,#5086,#5087,#5088,
#5089,#5090,#5091,#5092,#5093,#5094,#5095,#5096,#5097,#5098,#5099,#5100,
#5101,#5102,#5103,#5104,#5105,#5106,#5107,#5108,#5109,#5110,#5111,#5112,
#5113,#5114,#5115,#5116,#5117,#5118,#5119,#5120,#5121,#5122,#5123));
#841=EDGE_LOOP('',(#5124));
#842=EDGE_LOOP('',(#5125,#5126,#5127,#5128));
#843=EDGE_LOOP('',(#5129));
#844=EDGE_LOOP('',(#5130));
#845=EDGE_LOOP('',(#5131,#5132,#5133,#5134));
#846=EDGE_LOOP('',(#5135,#5136,#5137,#5138));
#847=EDGE_LOOP('',(#5139,#5140,#5141,#5142));
#848=EDGE_LOOP('',(#5143,#5144,#5145,#5146));
#849=EDGE_LOOP('',(#5147,#5148,#5149,#5150));
#850=EDGE_LOOP('',(#5151,#5152,#5153,#5154));
#851=EDGE_LOOP('',(#5155,#5156,#5157,#5158));
#852=EDGE_LOOP('',(#5159,#5160,#5161,#5162));
#853=EDGE_LOOP('',(#5163,#5164,#5165,#5166));
#854=EDGE_LOOP('',(#5167,#5168,#5169,#5170));
#855=EDGE_LOOP('',(#5171,#5172,#5173,#5174));
#856=EDGE_LOOP('',(#5175,#5176,#5177,#5178));
#857=EDGE_LOOP('',(#5179,#5180,#5181,#5182));
#858=EDGE_LOOP('',(#5183,#5184,#5185,#5186));
#859=EDGE_LOOP('',(#5187,#5188,#5189,#5190));
#860=EDGE_LOOP('',(#5191,#5192,#5193,#5194));
#861=EDGE_LOOP('',(#5195,#5196,#5197,#5198));
#862=EDGE_LOOP('',(#5199,#5200,#5201,#5202));
#863=EDGE_LOOP('',(#5203,#5204,#5205,#5206));
#864=EDGE_LOOP('',(#5207,#5208,#5209,#5210));
#865=EDGE_LOOP('',(#5211,#5212,#5213,#5214));
#866=EDGE_LOOP('',(#5215,#5216,#5217,#5218));
#867=EDGE_LOOP('',(#5219,#5220,#5221,#5222));
#868=EDGE_LOOP('',(#5223,#5224,#5225,#5226));
#869=EDGE_LOOP('',(#5227,#5228,#5229,#5230));
#870=EDGE_LOOP('',(#5231,#5232,#5233,#5234));
#871=EDGE_LOOP('',(#5235,#5236,#5237,#5238));
#872=EDGE_LOOP('',(#5239,#5240,#5241,#5242));
#873=EDGE_LOOP('',(#5243,#5244,#5245,#5246));
#874=EDGE_LOOP('',(#5247,#5248,#5249,#5250));
#875=EDGE_LOOP('',(#5251,#5252,#5253,#5254));
#876=EDGE_LOOP('',(#5255,#5256,#5257,#5258));
#877=EDGE_LOOP('',(#5259,#5260,#5261,#5262));
#878=EDGE_LOOP('',(#5263,#5264,#5265,#5266));
#879=EDGE_LOOP('',(#5267,#5268,#5269,#5270));
#880=EDGE_LOOP('',(#5271,#5272,#5273,#5274));
#881=EDGE_LOOP('',(#5275,#5276,#5277,#5278));
#882=EDGE_LOOP('',(#5279,#5280,#5281,#5282));
#883=EDGE_LOOP('',(#5283,#5284,#5285,#5286));
#884=EDGE_LOOP('',(#5287,#5288,#5289,#5290));
#885=EDGE_LOOP('',(#5291,#5292,#5293,#5294));
#886=EDGE_LOOP('',(#5295,#5296,#5297,#5298));
#887=EDGE_LOOP('',(#5299,#5300,#5301,#5302));
#888=EDGE_LOOP('',(#5303,#5304,#5305,#5306));
#889=EDGE_LOOP('',(#5307,#5308,#5309,#5310));
#890=EDGE_LOOP('',(#5311,#5312,#5313,#5314));
#891=EDGE_LOOP('',(#5315,#5316,#5317,#5318));
#892=EDGE_LOOP('',(#5319,#5320,#5321,#5322));
#893=EDGE_LOOP('',(#5323,#5324,#5325,#5326));
#894=EDGE_LOOP('',(#5327,#5328,#5329,#5330));
#895=EDGE_LOOP('',(#5331,#5332,#5333,#5334));
#896=EDGE_LOOP('',(#5335,#5336,#5337,#5338));
#897=EDGE_LOOP('',(#5339,#5340,#5341,#5342));
#898=EDGE_LOOP('',(#5343,#5344,#5345,#5346));
#899=EDGE_LOOP('',(#5347,#5348,#5349,#5350));
#900=EDGE_LOOP('',(#5351,#5352,#5353,#5354));
#901=EDGE_LOOP('',(#5355,#5356,#5357,#5358));
#902=EDGE_LOOP('',(#5359,#5360,#5361,#5362));
#903=EDGE_LOOP('',(#5363,#5364,#5365,#5366));
#904=EDGE_LOOP('',(#5367,#5368,#5369,#5370));
#905=EDGE_LOOP('',(#5371,#5372,#5373,#5374));
#906=EDGE_LOOP('',(#5375,#5376,#5377,#5378));
#907=EDGE_LOOP('',(#5379,#5380,#5381,#5382));
#908=EDGE_LOOP('',(#5383,#5384,#5385,#5386));
#909=EDGE_LOOP('',(#5387,#5388,#5389,#5390));
#910=EDGE_LOOP('',(#5391,#5392,#5393,#5394));
#911=EDGE_LOOP('',(#5395,#5396,#5397,#5398));
#912=EDGE_LOOP('',(#5399,#5400,#5401,#5402));
#913=EDGE_LOOP('',(#5403,#5404,#5405,#5406));
#914=EDGE_LOOP('',(#5407,#5408,#5409,#5410));
#915=EDGE_LOOP('',(#5411,#5412,#5413,#5414));
#916=EDGE_LOOP('',(#5415,#5416,#5417,#5418));
#917=EDGE_LOOP('',(#5419,#5420,#5421,#5422));
#918=EDGE_LOOP('',(#5423,#5424,#5425,#5426));
#919=EDGE_LOOP('',(#5427,#5428,#5429,#5430));
#920=EDGE_LOOP('',(#5431,#5432,#5433,#5434));
#921=EDGE_LOOP('',(#5435,#5436,#5437,#5438));
#922=EDGE_LOOP('',(#5439,#5440,#5441,#5442));
#923=EDGE_LOOP('',(#5443,#5444,#5445,#5446));
#924=EDGE_LOOP('',(#5447,#5448,#5449,#5450));
#925=EDGE_LOOP('',(#5451,#5452,#5453,#5454));
#926=EDGE_LOOP('',(#5455,#5456,#5457,#5458));
#927=EDGE_LOOP('',(#5459,#5460,#5461,#5462));
#928=EDGE_LOOP('',(#5463,#5464,#5465,#5466));
#929=EDGE_LOOP('',(#5467,#5468,#5469,#5470));
#930=EDGE_LOOP('',(#5471,#5472,#5473,#5474));
#931=EDGE_LOOP('',(#5475,#5476,#5477,#5478));
#932=EDGE_LOOP('',(#5479,#5480,#5481,#5482));
#933=EDGE_LOOP('',(#5483,#5484,#5485,#5486));
#934=EDGE_LOOP('',(#5487,#5488,#5489,#5490));
#935=EDGE_LOOP('',(#5491,#5492,#5493,#5494));
#936=EDGE_LOOP('',(#5495,#5496,#5497,#5498));
#937=EDGE_LOOP('',(#5499,#5500,#5501,#5502));
#938=EDGE_LOOP('',(#5503,#5504,#5505,#5506));
#939=EDGE_LOOP('',(#5507,#5508,#5509,#5510));
#940=EDGE_LOOP('',(#5511,#5512,#5513,#5514));
#941=EDGE_LOOP('',(#5515,#5516,#5517,#5518));
#942=EDGE_LOOP('',(#5519,#5520,#5521,#5522));
#943=EDGE_LOOP('',(#5523,#5524,#5525,#5526));
#944=EDGE_LOOP('',(#5527,#5528,#5529,#5530));
#945=EDGE_LOOP('',(#5531,#5532,#5533,#5534));
#946=EDGE_LOOP('',(#5535,#5536,#5537,#5538));
#947=EDGE_LOOP('',(#5539,#5540,#5541,#5542));
#948=EDGE_LOOP('',(#5543,#5544,#5545,#5546));
#949=EDGE_LOOP('',(#5547,#5548,#5549,#5550));
#950=EDGE_LOOP('',(#5551,#5552,#5553,#5554));
#951=EDGE_LOOP('',(#5555,#5556,#5557,#5558));
#952=EDGE_LOOP('',(#5559,#5560,#5561,#5562));
#953=EDGE_LOOP('',(#5563,#5564,#5565,#5566));
#954=EDGE_LOOP('',(#5567,#5568,#5569,#5570));
#955=EDGE_LOOP('',(#5571,#5572,#5573,#5574));
#956=EDGE_LOOP('',(#5575,#5576,#5577,#5578));
#957=EDGE_LOOP('',(#5579,#5580,#5581,#5582));
#958=EDGE_LOOP('',(#5583,#5584,#5585,#5586));
#959=EDGE_LOOP('',(#5587,#5588,#5589,#5590));
#960=EDGE_LOOP('',(#5591,#5592,#5593,#5594));
#961=EDGE_LOOP('',(#5595,#5596,#5597,#5598));
#962=EDGE_LOOP('',(#5599,#5600,#5601,#5602));
#963=EDGE_LOOP('',(#5603,#5604,#5605,#5606));
#964=EDGE_LOOP('',(#5607,#5608,#5609,#5610));
#965=EDGE_LOOP('',(#5611,#5612,#5613,#5614));
#966=EDGE_LOOP('',(#5615,#5616,#5617,#5618));
#967=EDGE_LOOP('',(#5619,#5620,#5621,#5622));
#968=EDGE_LOOP('',(#5623,#5624,#5625,#5626));
#969=EDGE_LOOP('',(#5627,#5628,#5629,#5630));
#970=EDGE_LOOP('',(#5631,#5632,#5633,#5634));
#971=EDGE_LOOP('',(#5635,#5636,#5637,#5638));
#972=EDGE_LOOP('',(#5639,#5640,#5641,#5642));
#973=EDGE_LOOP('',(#5643,#5644,#5645,#5646));
#974=EDGE_LOOP('',(#5647,#5648,#5649,#5650));
#975=EDGE_LOOP('',(#5651,#5652,#5653,#5654));
#976=EDGE_LOOP('',(#5655,#5656,#5657,#5658));
#977=EDGE_LOOP('',(#5659,#5660,#5661,#5662));
#978=EDGE_LOOP('',(#5663,#5664,#5665,#5666));
#979=EDGE_LOOP('',(#5667,#5668,#5669,#5670));
#980=EDGE_LOOP('',(#5671,#5672,#5673,#5674));
#981=EDGE_LOOP('',(#5675,#5676,#5677,#5678));
#982=EDGE_LOOP('',(#5679,#5680,#5681,#5682));
#983=EDGE_LOOP('',(#5683,#5684,#5685,#5686));
#984=EDGE_LOOP('',(#5687,#5688,#5689,#5690));
#985=EDGE_LOOP('',(#5691,#5692,#5693,#5694));
#986=EDGE_LOOP('',(#5695,#5696,#5697,#5698));
#987=EDGE_LOOP('',(#5699,#5700,#5701,#5702));
#988=EDGE_LOOP('',(#5703,#5704,#5705,#5706));
#989=EDGE_LOOP('',(#5707,#5708,#5709,#5710));
#990=EDGE_LOOP('',(#5711,#5712,#5713,#5714));
#991=EDGE_LOOP('',(#5715,#5716,#5717,#5718));
#992=EDGE_LOOP('',(#5719,#5720,#5721,#5722));
#993=EDGE_LOOP('',(#5723,#5724,#5725,#5726));
#994=EDGE_LOOP('',(#5727,#5728,#5729,#5730));
#995=EDGE_LOOP('',(#5731,#5732,#5733,#5734));
#996=EDGE_LOOP('',(#5735,#5736,#5737,#5738));
#997=EDGE_LOOP('',(#5739,#5740,#5741,#5742));
#998=EDGE_LOOP('',(#5743,#5744,#5745,#5746));
#999=EDGE_LOOP('',(#5747,#5748,#5749,#5750));
#1000=EDGE_LOOP('',(#5751,#5752,#5753,#5754));
#1001=EDGE_LOOP('',(#5755,#5756,#5757,#5758));
#1002=EDGE_LOOP('',(#5759,#5760,#5761,#5762));
#1003=EDGE_LOOP('',(#5763,#5764,#5765,#5766));
#1004=EDGE_LOOP('',(#5767,#5768,#5769,#5770));
#1005=EDGE_LOOP('',(#5771,#5772,#5773,#5774));
#1006=EDGE_LOOP('',(#5775,#5776,#5777,#5778));
#1007=EDGE_LOOP('',(#5779,#5780,#5781,#5782));
#1008=EDGE_LOOP('',(#5783,#5784,#5785,#5786));
#1009=EDGE_LOOP('',(#5787,#5788,#5789,#5790));
#1010=EDGE_LOOP('',(#5791,#5792,#5793,#5794));
#1011=EDGE_LOOP('',(#5795,#5796,#5797,#5798));
#1012=EDGE_LOOP('',(#5799,#5800,#5801,#5802));
#1013=EDGE_LOOP('',(#5803,#5804,#5805,#5806));
#1014=EDGE_LOOP('',(#5807,#5808,#5809,#5810));
#1015=EDGE_LOOP('',(#5811,#5812,#5813,#5814));
#1016=EDGE_LOOP('',(#5815,#5816,#5817,#5818));
#1017=EDGE_LOOP('',(#5819,#5820,#5821,#5822));
#1018=EDGE_LOOP('',(#5823,#5824,#5825,#5826));
#1019=EDGE_LOOP('',(#5827,#5828,#5829,#5830));
#1020=EDGE_LOOP('',(#5831,#5832,#5833,#5834));
#1021=EDGE_LOOP('',(#5835,#5836,#5837,#5838));
#1022=EDGE_LOOP('',(#5839,#5840,#5841,#5842));
#1023=EDGE_LOOP('',(#5843,#5844,#5845,#5846));
#1024=EDGE_LOOP('',(#5847,#5848,#5849,#5850));
#1025=EDGE_LOOP('',(#5851,#5852,#5853,#5854));
#1026=EDGE_LOOP('',(#5855,#5856,#5857,#5858));
#1027=EDGE_LOOP('',(#5859,#5860,#5861,#5862));
#1028=EDGE_LOOP('',(#5863,#5864,#5865,#5866));
#1029=EDGE_LOOP('',(#5867,#5868,#5869,#5870));
#1030=EDGE_LOOP('',(#5871,#5872,#5873,#5874));
#1031=EDGE_LOOP('',(#5875,#5876,#5877,#5878));
#1032=EDGE_LOOP('',(#5879,#5880,#5881,#5882));
#1033=EDGE_LOOP('',(#5883,#5884,#5885,#5886));
#1034=EDGE_LOOP('',(#5887,#5888,#5889,#5890));
#1035=EDGE_LOOP('',(#5891,#5892,#5893,#5894));
#1036=EDGE_LOOP('',(#5895,#5896,#5897,#5898));
#1037=EDGE_LOOP('',(#5899,#5900,#5901,#5902));
#1038=EDGE_LOOP('',(#5903,#5904,#5905,#5906));
#1039=EDGE_LOOP('',(#5907,#5908,#5909,#5910));
#1040=EDGE_LOOP('',(#5911,#5912,#5913,#5914));
#1041=EDGE_LOOP('',(#5915,#5916,#5917,#5918));
#1042=EDGE_LOOP('',(#5919,#5920,#5921,#5922));
#1043=EDGE_LOOP('',(#5923,#5924,#5925,#5926));
#1044=EDGE_LOOP('',(#5927,#5928,#5929,#5930));
#1045=EDGE_LOOP('',(#5931,#5932,#5933,#5934));
#1046=EDGE_LOOP('',(#5935,#5936,#5937,#5938));
#1047=EDGE_LOOP('',(#5939,#5940,#5941,#5942));
#1048=EDGE_LOOP('',(#5943,#5944,#5945,#5946));
#1049=EDGE_LOOP('',(#5947,#5948,#5949,#5950));
#1050=EDGE_LOOP('',(#5951,#5952,#5953,#5954));
#1051=EDGE_LOOP('',(#5955,#5956,#5957,#5958));
#1052=EDGE_LOOP('',(#5959,#5960,#5961,#5962));
#1053=EDGE_LOOP('',(#5963,#5964,#5965,#5966));
#1054=EDGE_LOOP('',(#5967,#5968,#5969,#5970));
#1055=EDGE_LOOP('',(#5971,#5972,#5973,#5974));
#1056=EDGE_LOOP('',(#5975,#5976,#5977,#5978));
#1057=EDGE_LOOP('',(#5979,#5980,#5981,#5982));
#1058=EDGE_LOOP('',(#5983,#5984,#5985,#5986));
#1059=EDGE_LOOP('',(#5987,#5988,#5989,#5990));
#1060=EDGE_LOOP('',(#5991,#5992,#5993,#5994));
#1061=EDGE_LOOP('',(#5995,#5996,#5997,#5998));
#1062=EDGE_LOOP('',(#5999,#6000,#6001,#6002));
#1063=EDGE_LOOP('',(#6003,#6004,#6005,#6006));
#1064=EDGE_LOOP('',(#6007,#6008,#6009,#6010));
#1065=EDGE_LOOP('',(#6011,#6012,#6013,#6014));
#1066=EDGE_LOOP('',(#6015,#6016,#6017,#6018));
#1067=EDGE_LOOP('',(#6019,#6020,#6021,#6022));
#1068=EDGE_LOOP('',(#6023,#6024,#6025,#6026));
#1069=EDGE_LOOP('',(#6027,#6028,#6029,#6030));
#1070=EDGE_LOOP('',(#6031,#6032,#6033,#6034));
#1071=EDGE_LOOP('',(#6035,#6036,#6037,#6038));
#1072=EDGE_LOOP('',(#6039,#6040,#6041,#6042));
#1073=EDGE_LOOP('',(#6043,#6044,#6045,#6046));
#1074=EDGE_LOOP('',(#6047,#6048,#6049,#6050));
#1075=EDGE_LOOP('',(#6051,#6052,#6053,#6054));
#1076=EDGE_LOOP('',(#6055,#6056,#6057,#6058));
#1077=EDGE_LOOP('',(#6059,#6060,#6061,#6062));
#1078=EDGE_LOOP('',(#6063,#6064,#6065,#6066));
#1079=EDGE_LOOP('',(#6067,#6068,#6069,#6070));
#1080=EDGE_LOOP('',(#6071,#6072,#6073,#6074));
#1081=EDGE_LOOP('',(#6075,#6076,#6077,#6078));
#1082=EDGE_LOOP('',(#6079,#6080,#6081,#6082));
#1083=EDGE_LOOP('',(#6083,#6084,#6085,#6086));
#1084=EDGE_LOOP('',(#6087,#6088,#6089,#6090));
#1085=EDGE_LOOP('',(#6091,#6092,#6093,#6094));
#1086=EDGE_LOOP('',(#6095,#6096,#6097,#6098));
#1087=EDGE_LOOP('',(#6099,#6100,#6101,#6102));
#1088=EDGE_LOOP('',(#6103,#6104,#6105,#6106));
#1089=EDGE_LOOP('',(#6107,#6108,#6109,#6110));
#1090=EDGE_LOOP('',(#6111,#6112,#6113,#6114));
#1091=EDGE_LOOP('',(#6115,#6116,#6117,#6118));
#1092=EDGE_LOOP('',(#6119,#6120,#6121,#6122));
#1093=EDGE_LOOP('',(#6123,#6124,#6125,#6126));
#1094=EDGE_LOOP('',(#6127,#6128,#6129,#6130));
#1095=EDGE_LOOP('',(#6131,#6132,#6133,#6134));
#1096=EDGE_LOOP('',(#6135,#6136,#6137,#6138));
#1097=EDGE_LOOP('',(#6139,#6140,#6141,#6142));
#1098=EDGE_LOOP('',(#6143,#6144,#6145,#6146));
#1099=EDGE_LOOP('',(#6147,#6148,#6149,#6150));
#1100=EDGE_LOOP('',(#6151,#6152,#6153,#6154));
#1101=EDGE_LOOP('',(#6155,#6156,#6157,#6158));
#1102=EDGE_LOOP('',(#6159,#6160,#6161,#6162));
#1103=EDGE_LOOP('',(#6163,#6164,#6165,#6166));
#1104=EDGE_LOOP('',(#6167,#6168,#6169,#6170));
#1105=EDGE_LOOP('',(#6171,#6172,#6173,#6174));
#1106=EDGE_LOOP('',(#6175,#6176,#6177,#6178));
#1107=EDGE_LOOP('',(#6179,#6180,#6181,#6182));
#1108=EDGE_LOOP('',(#6183,#6184,#6185,#6186));
#1109=EDGE_LOOP('',(#6187,#6188,#6189,#6190));
#1110=EDGE_LOOP('',(#6191,#6192,#6193,#6194));
#1111=EDGE_LOOP('',(#6195,#6196,#6197,#6198));
#1112=EDGE_LOOP('',(#6199,#6200,#6201,#6202));
#1113=EDGE_LOOP('',(#6203,#6204,#6205,#6206));
#1114=EDGE_LOOP('',(#6207,#6208,#6209,#6210));
#1115=EDGE_LOOP('',(#6211,#6212,#6213,#6214));
#1116=EDGE_LOOP('',(#6215,#6216,#6217,#6218));
#1117=EDGE_LOOP('',(#6219,#6220,#6221,#6222));
#1118=EDGE_LOOP('',(#6223,#6224,#6225,#6226));
#1119=EDGE_LOOP('',(#6227,#6228,#6229,#6230));
#1120=EDGE_LOOP('',(#6231,#6232,#6233,#6234));
#1121=EDGE_LOOP('',(#6235,#6236,#6237,#6238));
#1122=EDGE_LOOP('',(#6239,#6240,#6241,#6242));
#1123=EDGE_LOOP('',(#6243,#6244,#6245,#6246));
#1124=EDGE_LOOP('',(#6247,#6248,#6249,#6250));
#1125=EDGE_LOOP('',(#6251,#6252,#6253,#6254));
#1126=EDGE_LOOP('',(#6255,#6256,#6257,#6258));
#1127=EDGE_LOOP('',(#6259,#6260,#6261,#6262));
#1128=EDGE_LOOP('',(#6263,#6264,#6265,#6266));
#1129=EDGE_LOOP('',(#6267,#6268,#6269,#6270));
#1130=EDGE_LOOP('',(#6271,#6272,#6273,#6274));
#1131=EDGE_LOOP('',(#6275,#6276,#6277,#6278));
#1132=EDGE_LOOP('',(#6279,#6280,#6281,#6282));
#1133=EDGE_LOOP('',(#6283,#6284,#6285,#6286));
#1134=EDGE_LOOP('',(#6287,#6288,#6289,#6290));
#1135=EDGE_LOOP('',(#6291,#6292,#6293,#6294));
#1136=EDGE_LOOP('',(#6295,#6296,#6297,#6298));
#1137=EDGE_LOOP('',(#6299,#6300,#6301,#6302));
#1138=EDGE_LOOP('',(#6303,#6304,#6305,#6306));
#1139=EDGE_LOOP('',(#6307,#6308,#6309,#6310));
#1140=EDGE_LOOP('',(#6311,#6312,#6313,#6314));
#1141=EDGE_LOOP('',(#6315,#6316,#6317,#6318));
#1142=EDGE_LOOP('',(#6319,#6320,#6321,#6322));
#1143=EDGE_LOOP('',(#6323,#6324,#6325,#6326));
#1144=EDGE_LOOP('',(#6327,#6328,#6329,#6330));
#1145=EDGE_LOOP('',(#6331,#6332,#6333,#6334));
#1146=EDGE_LOOP('',(#6335,#6336,#6337,#6338));
#1147=EDGE_LOOP('',(#6339,#6340,#6341,#6342,#6343,#6344,#6345,#6346,#6347,
#6348,#6349,#6350,#6351,#6352,#6353,#6354,#6355,#6356,#6357,#6358,#6359,
#6360,#6361,#6362,#6363,#6364,#6365,#6366,#6367,#6368,#6369,#6370,#6371,
#6372,#6373,#6374,#6375,#6376,#6377,#6378,#6379,#6380,#6381,#6382,#6383,
#6384,#6385,#6386,#6387,#6388,#6389,#6390,#6391,#6392,#6393,#6394,#6395,
#6396,#6397,#6398,#6399,#6400,#6401,#6402,#6403,#6404,#6405,#6406,#6407,
#6408,#6409,#6410,#6411,#6412,#6413,#6414,#6415,#6416,#6417,#6418,#6419,
#6420,#6421,#6422,#6423,#6424,#6425,#6426,#6427,#6428,#6429,#6430,#6431,
#6432,#6433,#6434,#6435,#6436,#6437,#6438,#6439,#6440,#6441,#6442,#6443,
#6444,#6445,#6446,#6447,#6448,#6449,#6450,#6451,#6452,#6453,#6454,#6455,
#6456,#6457,#6458,#6459,#6460,#6461,#6462,#6463,#6464,#6465,#6466,#6467,
#6468,#6469,#6470,#6471,#6472,#6473,#6474,#6475,#6476,#6477,#6478,#6479,
#6480,#6481,#6482,#6483,#6484,#6485,#6486,#6487,#6488,#6489,#6490,#6491,
#6492,#6493,#6494,#6495,#6496,#6497,#6498,#6499,#6500,#6501,#6502,#6503,
#6504,#6505,#6506,#6507,#6508,#6509,#6510,#6511,#6512,#6513,#6514,#6515,
#6516,#6517,#6518,#6519,#6520,#6521,#6522,#6523,#6524,#6525,#6526,#6527,
#6528,#6529,#6530,#6531,#6532,#6533,#6534,#6535,#6536,#6537,#6538,#6539,
#6540,#6541,#6542,#6543,#6544,#6545,#6546,#6547,#6548,#6549,#6550,#6551,
#6552,#6553,#6554,#6555,#6556,#6557,#6558,#6559,#6560,#6561,#6562,#6563,
#6564,#6565,#6566,#6567,#6568,#6569,#6570,#6571,#6572,#6573,#6574,#6575,
#6576,#6577,#6578,#6579,#6580,#6581,#6582,#6583,#6584,#6585,#6586,#6587,
#6588,#6589,#6590,#6591,#6592,#6593,#6594,#6595,#6596,#6597,#6598,#6599,
#6600,#6601,#6602,#6603,#6604,#6605,#6606,#6607,#6608,#6609,#6610,#6611,
#6612,#6613,#6614,#6615,#6616,#6617,#6618,#6619,#6620,#6621,#6622,#6623,
#6624,#6625,#6626,#6627,#6628,#6629,#6630,#6631,#6632,#6633,#6634,#6635,
#6636,#6637,#6638,#6639,#6640,#6641,#6642,#6643,#6644,#6645,#6646));
#1148=EDGE_LOOP('',(#6647));
#1149=EDGE_LOOP('',(#6648,#6649,#6650,#6651));
#1150=EDGE_LOOP('',(#6652,#6653,#6654,#6655));
#1151=EDGE_LOOP('',(#6656,#6657,#6658,#6659));
#1152=EDGE_LOOP('',(#6660,#6661,#6662,#6663));
#1153=EDGE_LOOP('',(#6664,#6665,#6666,#6667));
#1154=EDGE_LOOP('',(#6668,#6669,#6670,#6671));
#1155=EDGE_LOOP('',(#6672,#6673,#6674,#6675));
#1156=EDGE_LOOP('',(#6676,#6677,#6678,#6679));
#1157=EDGE_LOOP('',(#6680,#6681,#6682,#6683));
#1158=EDGE_LOOP('',(#6684,#6685,#6686,#6687));
#1159=EDGE_LOOP('',(#6688,#6689,#6690,#6691));
#1160=EDGE_LOOP('',(#6692,#6693,#6694,#6695));
#1161=EDGE_LOOP('',(#6696,#6697,#6698,#6699));
#1162=EDGE_LOOP('',(#6700,#6701,#6702,#6703));
#1163=EDGE_LOOP('',(#6704,#6705,#6706,#6707));
#1164=EDGE_LOOP('',(#6708,#6709,#6710,#6711));
#1165=EDGE_LOOP('',(#6712,#6713,#6714,#6715));
#1166=EDGE_LOOP('',(#6716,#6717,#6718,#6719));
#1167=EDGE_LOOP('',(#6720,#6721,#6722,#6723));
#1168=EDGE_LOOP('',(#6724,#6725,#6726,#6727));
#1169=EDGE_LOOP('',(#6728,#6729,#6730,#6731));
#1170=EDGE_LOOP('',(#6732,#6733,#6734,#6735));
#1171=EDGE_LOOP('',(#6736,#6737,#6738,#6739));
#1172=EDGE_LOOP('',(#6740,#6741,#6742,#6743,#6744));
#1173=EDGE_LOOP('',(#6745,#6746,#6747,#6748));
#1174=EDGE_LOOP('',(#6749,#6750,#6751,#6752));
#1175=EDGE_LOOP('',(#6753,#6754,#6755,#6756));
#1176=EDGE_LOOP('',(#6757,#6758,#6759,#6760));
#1177=EDGE_LOOP('',(#6761,#6762,#6763,#6764));
#1178=EDGE_LOOP('',(#6765,#6766,#6767,#6768));
#1179=EDGE_LOOP('',(#6769,#6770,#6771,#6772));
#1180=EDGE_LOOP('',(#6773,#6774,#6775,#6776));
#1181=EDGE_LOOP('',(#6777,#6778,#6779,#6780));
#1182=EDGE_LOOP('',(#6781,#6782,#6783,#6784));
#1183=EDGE_LOOP('',(#6785,#6786,#6787,#6788));
#1184=EDGE_LOOP('',(#6789,#6790,#6791,#6792));
#1185=EDGE_LOOP('',(#6793,#6794,#6795,#6796));
#1186=EDGE_LOOP('',(#6797,#6798,#6799,#6800));
#1187=EDGE_LOOP('',(#6801,#6802,#6803,#6804));
#1188=EDGE_LOOP('',(#6805,#6806,#6807,#6808));
#1189=EDGE_LOOP('',(#6809,#6810,#6811,#6812,#6813,#6814,#6815,#6816,#6817,
#6818,#6819,#6820,#6821,#6822,#6823,#6824,#6825,#6826,#6827,#6828,#6829,
#6830,#6831,#6832,#6833,#6834,#6835,#6836,#6837,#6838,#6839,#6840,#6841,
#6842,#6843,#6844,#6845,#6846,#6847,#6848,#6849,#6850,#6851,#6852,#6853,
#6854,#6855,#6856,#6857,#6858,#6859,#6860,#6861,#6862,#6863,#6864,#6865,
#6866,#6867,#6868,#6869,#6870,#6871,#6872,#6873,#6874,#6875,#6876,#6877,
#6878,#6879,#6880));
#1190=EDGE_LOOP('',(#6881,#6882,#6883,#6884));
#1191=EDGE_LOOP('',(#6885,#6886,#6887,#6888));
#1192=EDGE_LOOP('',(#6889,#6890,#6891,#6892));
#1193=EDGE_LOOP('',(#6893,#6894,#6895,#6896));
#1194=EDGE_LOOP('',(#6897,#6898,#6899,#6900));
#1195=EDGE_LOOP('',(#6901,#6902,#6903,#6904));
#1196=EDGE_LOOP('',(#6905,#6906,#6907,#6908));
#1197=EDGE_LOOP('',(#6909,#6910,#6911,#6912));
#1198=EDGE_LOOP('',(#6913,#6914,#6915,#6916));
#1199=EDGE_LOOP('',(#6917,#6918,#6919,#6920));
#1200=EDGE_LOOP('',(#6921,#6922,#6923,#6924));
#1201=EDGE_LOOP('',(#6925,#6926,#6927,#6928));
#1202=EDGE_LOOP('',(#6929,#6930,#6931,#6932));
#1203=EDGE_LOOP('',(#6933,#6934,#6935,#6936));
#1204=EDGE_LOOP('',(#6937,#6938,#6939,#6940));
#1205=EDGE_LOOP('',(#6941,#6942,#6943,#6944));
#1206=EDGE_LOOP('',(#6945,#6946,#6947,#6948));
#1207=EDGE_LOOP('',(#6949));
#1208=EDGE_LOOP('',(#6950,#6951,#6952,#6953,#6954,#6955,#6956,#6957,#6958,
#6959,#6960,#6961,#6962,#6963,#6964,#6965,#6966,#6967,#6968,#6969,#6970,
#6971,#6972,#6973,#6974,#6975,#6976,#6977,#6978,#6979,#6980,#6981,#6982,
#6983,#6984,#6985,#6986,#6987,#6988,#6989,#6990,#6991,#6992,#6993,#6994,
#6995,#6996,#6997,#6998,#6999,#7000,#7001,#7002,#7003,#7004,#7005,#7006,
#7007,#7008,#7009,#7010,#7011,#7012,#7013,#7014,#7015,#7016,#7017));
#1209=EDGE_LOOP('',(#7018,#7019,#7020,#7021));
#1210=EDGE_LOOP('',(#7022,#7023,#7024,#7025));
#1211=EDGE_LOOP('',(#7026,#7027,#7028,#7029));
#1212=EDGE_LOOP('',(#7030,#7031,#7032,#7033));
#1213=EDGE_LOOP('',(#7034,#7035,#7036,#7037));
#1214=EDGE_LOOP('',(#7038,#7039,#7040,#7041));
#1215=EDGE_LOOP('',(#7042,#7043,#7044,#7045));
#1216=EDGE_LOOP('',(#7046,#7047,#7048,#7049));
#1217=EDGE_LOOP('',(#7050,#7051,#7052,#7053));
#1218=EDGE_LOOP('',(#7054,#7055,#7056,#7057));
#1219=EDGE_LOOP('',(#7058,#7059,#7060,#7061));
#1220=EDGE_LOOP('',(#7062,#7063,#7064,#7065));
#1221=EDGE_LOOP('',(#7066,#7067,#7068,#7069));
#1222=EDGE_LOOP('',(#7070,#7071,#7072,#7073));
#1223=EDGE_LOOP('',(#7074,#7075,#7076,#7077));
#1224=EDGE_LOOP('',(#7078,#7079,#7080,#7081));
#1225=EDGE_LOOP('',(#7082,#7083,#7084,#7085));
#1226=EDGE_LOOP('',(#7086,#7087,#7088,#7089));
#1227=LINE('',#10739,#1818);
#1228=LINE('',#10743,#1819);
#1229=LINE('',#10754,#1820);
#1230=LINE('',#10760,#1821);
#1231=LINE('',#10768,#1822);
#1232=LINE('',#10774,#1823);
#1233=LINE('',#10782,#1824);
#1234=LINE('',#10788,#1825);
#1235=LINE('',#10796,#1826);
#1236=LINE('',#10802,#1827);
#1237=LINE('',#10810,#1828);
#1238=LINE('',#10816,#1829);
#1239=LINE('',#10824,#1830);
#1240=LINE('',#10830,#1831);
#1241=LINE('',#10838,#1832);
#1242=LINE('',#10844,#1833);
#1243=LINE('',#10852,#1834);
#1244=LINE('',#10858,#1835);
#1245=LINE('',#10866,#1836);
#1246=LINE('',#10872,#1837);
#1247=LINE('',#10880,#1838);
#1248=LINE('',#10886,#1839);
#1249=LINE('',#10894,#1840);
#1250=LINE('',#10900,#1841);
#1251=LINE('',#10908,#1842);
#1252=LINE('',#10914,#1843);
#1253=LINE('',#10922,#1844);
#1254=LINE('',#10928,#1845);
#1255=LINE('',#10936,#1846);
#1256=LINE('',#10942,#1847);
#1257=LINE('',#10950,#1848);
#1258=LINE('',#10956,#1849);
#1259=LINE('',#10964,#1850);
#1260=LINE('',#10970,#1851);
#1261=LINE('',#10978,#1852);
#1262=LINE('',#10984,#1853);
#1263=LINE('',#10992,#1854);
#1264=LINE('',#10998,#1855);
#1265=LINE('',#11006,#1856);
#1266=LINE('',#11012,#1857);
#1267=LINE('',#11020,#1858);
#1268=LINE('',#11026,#1859);
#1269=LINE('',#11034,#1860);
#1270=LINE('',#11040,#1861);
#1271=LINE('',#11048,#1862);
#1272=LINE('',#11054,#1863);
#1273=LINE('',#11062,#1864);
#1274=LINE('',#11068,#1865);
#1275=LINE('',#11076,#1866);
#1276=LINE('',#11082,#1867);
#1277=LINE('',#11090,#1868);
#1278=LINE('',#11096,#1869);
#1279=LINE('',#11104,#1870);
#1280=LINE('',#11110,#1871);
#1281=LINE('',#11118,#1872);
#1282=LINE('',#11124,#1873);
#1283=LINE('',#11132,#1874);
#1284=LINE('',#11138,#1875);
#1285=LINE('',#11146,#1876);
#1286=LINE('',#11152,#1877);
#1287=LINE('',#11160,#1878);
#1288=LINE('',#11166,#1879);
#1289=LINE('',#11174,#1880);
#1290=LINE('',#11180,#1881);
#1291=LINE('',#11188,#1882);
#1292=LINE('',#11194,#1883);
#1293=LINE('',#11202,#1884);
#1294=LINE('',#11208,#1885);
#1295=LINE('',#11216,#1886);
#1296=LINE('',#11222,#1887);
#1297=LINE('',#11230,#1888);
#1298=LINE('',#11236,#1889);
#1299=LINE('',#11244,#1890);
#1300=LINE('',#11250,#1891);
#1301=LINE('',#11258,#1892);
#1302=LINE('',#11264,#1893);
#1303=LINE('',#11272,#1894);
#1304=LINE('',#11278,#1895);
#1305=LINE('',#11286,#1896);
#1306=LINE('',#11292,#1897);
#1307=LINE('',#11300,#1898);
#1308=LINE('',#11306,#1899);
#1309=LINE('',#11314,#1900);
#1310=LINE('',#11320,#1901);
#1311=LINE('',#11328,#1902);
#1312=LINE('',#11334,#1903);
#1313=LINE('',#11342,#1904);
#1314=LINE('',#11348,#1905);
#1315=LINE('',#11356,#1906);
#1316=LINE('',#11361,#1907);
#1317=LINE('',#11365,#1908);
#1318=LINE('',#11371,#1909);
#1319=LINE('',#11373,#1910);
#1320=LINE('',#11378,#1911);
#1321=LINE('',#11381,#1912);
#1322=LINE('',#11382,#1913);
#1323=LINE('',#11385,#1914);
#1324=LINE('',#11386,#1915);
#1325=LINE('',#11390,#1916);
#1326=LINE('',#11393,#1917);
#1327=LINE('',#11396,#1918);
#1328=LINE('',#11401,#1919);
#1329=LINE('',#11403,#1920);
#1330=LINE('',#11408,#1921);
#1331=LINE('',#11411,#1922);
#1332=LINE('',#11412,#1923);
#1333=LINE('',#11416,#1924);
#1334=LINE('',#11419,#1925);
#1335=LINE('',#11420,#1926);
#1336=LINE('',#11425,#1927);
#1337=LINE('',#11429,#1928);
#1338=LINE('',#11431,#1929);
#1339=LINE('',#11436,#1930);
#1340=LINE('',#11439,#1931);
#1341=LINE('',#11440,#1932);
#1342=LINE('',#11444,#1933);
#1343=LINE('',#11447,#1934);
#1344=LINE('',#11448,#1935);
#1345=LINE('',#11453,#1936);
#1346=LINE('',#11457,#1937);
#1347=LINE('',#11459,#1938);
#1348=LINE('',#11464,#1939);
#1349=LINE('',#11467,#1940);
#1350=LINE('',#11468,#1941);
#1351=LINE('',#11472,#1942);
#1352=LINE('',#11475,#1943);
#1353=LINE('',#11476,#1944);
#1354=LINE('',#11481,#1945);
#1355=LINE('',#11485,#1946);
#1356=LINE('',#11487,#1947);
#1357=LINE('',#11492,#1948);
#1358=LINE('',#11495,#1949);
#1359=LINE('',#11496,#1950);
#1360=LINE('',#11500,#1951);
#1361=LINE('',#11503,#1952);
#1362=LINE('',#11504,#1953);
#1363=LINE('',#11509,#1954);
#1364=LINE('',#11513,#1955);
#1365=LINE('',#11515,#1956);
#1366=LINE('',#11520,#1957);
#1367=LINE('',#11523,#1958);
#1368=LINE('',#11524,#1959);
#1369=LINE('',#11528,#1960);
#1370=LINE('',#11531,#1961);
#1371=LINE('',#11532,#1962);
#1372=LINE('',#11537,#1963);
#1373=LINE('',#11541,#1964);
#1374=LINE('',#11543,#1965);
#1375=LINE('',#11548,#1966);
#1376=LINE('',#11551,#1967);
#1377=LINE('',#11552,#1968);
#1378=LINE('',#11556,#1969);
#1379=LINE('',#11559,#1970);
#1380=LINE('',#11560,#1971);
#1381=LINE('',#11565,#1972);
#1382=LINE('',#11569,#1973);
#1383=LINE('',#11571,#1974);
#1384=LINE('',#11576,#1975);
#1385=LINE('',#11579,#1976);
#1386=LINE('',#11580,#1977);
#1387=LINE('',#11584,#1978);
#1388=LINE('',#11587,#1979);
#1389=LINE('',#11588,#1980);
#1390=LINE('',#11593,#1981);
#1391=LINE('',#11597,#1982);
#1392=LINE('',#11599,#1983);
#1393=LINE('',#11604,#1984);
#1394=LINE('',#11607,#1985);
#1395=LINE('',#11608,#1986);
#1396=LINE('',#11612,#1987);
#1397=LINE('',#11615,#1988);
#1398=LINE('',#11616,#1989);
#1399=LINE('',#11621,#1990);
#1400=LINE('',#11625,#1991);
#1401=LINE('',#11627,#1992);
#1402=LINE('',#11632,#1993);
#1403=LINE('',#11635,#1994);
#1404=LINE('',#11636,#1995);
#1405=LINE('',#11640,#1996);
#1406=LINE('',#11643,#1997);
#1407=LINE('',#11644,#1998);
#1408=LINE('',#11649,#1999);
#1409=LINE('',#11653,#2000);
#1410=LINE('',#11655,#2001);
#1411=LINE('',#11660,#2002);
#1412=LINE('',#11663,#2003);
#1413=LINE('',#11664,#2004);
#1414=LINE('',#11668,#2005);
#1415=LINE('',#11671,#2006);
#1416=LINE('',#11672,#2007);
#1417=LINE('',#11677,#2008);
#1418=LINE('',#11681,#2009);
#1419=LINE('',#11683,#2010);
#1420=LINE('',#11688,#2011);
#1421=LINE('',#11691,#2012);
#1422=LINE('',#11692,#2013);
#1423=LINE('',#11696,#2014);
#1424=LINE('',#11699,#2015);
#1425=LINE('',#11700,#2016);
#1426=LINE('',#11705,#2017);
#1427=LINE('',#11709,#2018);
#1428=LINE('',#11711,#2019);
#1429=LINE('',#11716,#2020);
#1430=LINE('',#11719,#2021);
#1431=LINE('',#11720,#2022);
#1432=LINE('',#11724,#2023);
#1433=LINE('',#11727,#2024);
#1434=LINE('',#11728,#2025);
#1435=LINE('',#11733,#2026);
#1436=LINE('',#11737,#2027);
#1437=LINE('',#11739,#2028);
#1438=LINE('',#11744,#2029);
#1439=LINE('',#11747,#2030);
#1440=LINE('',#11748,#2031);
#1441=LINE('',#11752,#2032);
#1442=LINE('',#11755,#2033);
#1443=LINE('',#11756,#2034);
#1444=LINE('',#11761,#2035);
#1445=LINE('',#11765,#2036);
#1446=LINE('',#11767,#2037);
#1447=LINE('',#11772,#2038);
#1448=LINE('',#11775,#2039);
#1449=LINE('',#11776,#2040);
#1450=LINE('',#11780,#2041);
#1451=LINE('',#11783,#2042);
#1452=LINE('',#11784,#2043);
#1453=LINE('',#11789,#2044);
#1454=LINE('',#11793,#2045);
#1455=LINE('',#11795,#2046);
#1456=LINE('',#11800,#2047);
#1457=LINE('',#11803,#2048);
#1458=LINE('',#11804,#2049);
#1459=LINE('',#11808,#2050);
#1460=LINE('',#11811,#2051);
#1461=LINE('',#11812,#2052);
#1462=LINE('',#11817,#2053);
#1463=LINE('',#11821,#2054);
#1464=LINE('',#11823,#2055);
#1465=LINE('',#11828,#2056);
#1466=LINE('',#11831,#2057);
#1467=LINE('',#11832,#2058);
#1468=LINE('',#11836,#2059);
#1469=LINE('',#11839,#2060);
#1470=LINE('',#11840,#2061);
#1471=LINE('',#11845,#2062);
#1472=LINE('',#11849,#2063);
#1473=LINE('',#11851,#2064);
#1474=LINE('',#11856,#2065);
#1475=LINE('',#11859,#2066);
#1476=LINE('',#11860,#2067);
#1477=LINE('',#11864,#2068);
#1478=LINE('',#11867,#2069);
#1479=LINE('',#11868,#2070);
#1480=LINE('',#11873,#2071);
#1481=LINE('',#11877,#2072);
#1482=LINE('',#11879,#2073);
#1483=LINE('',#11884,#2074);
#1484=LINE('',#11887,#2075);
#1485=LINE('',#11888,#2076);
#1486=LINE('',#11892,#2077);
#1487=LINE('',#11895,#2078);
#1488=LINE('',#11896,#2079);
#1489=LINE('',#11901,#2080);
#1490=LINE('',#11905,#2081);
#1491=LINE('',#11907,#2082);
#1492=LINE('',#11912,#2083);
#1493=LINE('',#11915,#2084);
#1494=LINE('',#11916,#2085);
#1495=LINE('',#11920,#2086);
#1496=LINE('',#11923,#2087);
#1497=LINE('',#11924,#2088);
#1498=LINE('',#11929,#2089);
#1499=LINE('',#11933,#2090);
#1500=LINE('',#11935,#2091);
#1501=LINE('',#11940,#2092);
#1502=LINE('',#11943,#2093);
#1503=LINE('',#11944,#2094);
#1504=LINE('',#11948,#2095);
#1505=LINE('',#11951,#2096);
#1506=LINE('',#11952,#2097);
#1507=LINE('',#11957,#2098);
#1508=LINE('',#11961,#2099);
#1509=LINE('',#11963,#2100);
#1510=LINE('',#11968,#2101);
#1511=LINE('',#11971,#2102);
#1512=LINE('',#11972,#2103);
#1513=LINE('',#11976,#2104);
#1514=LINE('',#11979,#2105);
#1515=LINE('',#11980,#2106);
#1516=LINE('',#11985,#2107);
#1517=LINE('',#11989,#2108);
#1518=LINE('',#11991,#2109);
#1519=LINE('',#11996,#2110);
#1520=LINE('',#11999,#2111);
#1521=LINE('',#12000,#2112);
#1522=LINE('',#12004,#2113);
#1523=LINE('',#12007,#2114);
#1524=LINE('',#12008,#2115);
#1525=LINE('',#12013,#2116);
#1526=LINE('',#12017,#2117);
#1527=LINE('',#12019,#2118);
#1528=LINE('',#12024,#2119);
#1529=LINE('',#12027,#2120);
#1530=LINE('',#12028,#2121);
#1531=LINE('',#12032,#2122);
#1532=LINE('',#12035,#2123);
#1533=LINE('',#12036,#2124);
#1534=LINE('',#12041,#2125);
#1535=LINE('',#12045,#2126);
#1536=LINE('',#12047,#2127);
#1537=LINE('',#12052,#2128);
#1538=LINE('',#12055,#2129);
#1539=LINE('',#12056,#2130);
#1540=LINE('',#12060,#2131);
#1541=LINE('',#12063,#2132);
#1542=LINE('',#12064,#2133);
#1543=LINE('',#12069,#2134);
#1544=LINE('',#12073,#2135);
#1545=LINE('',#12075,#2136);
#1546=LINE('',#12080,#2137);
#1547=LINE('',#12083,#2138);
#1548=LINE('',#12084,#2139);
#1549=LINE('',#12088,#2140);
#1550=LINE('',#12091,#2141);
#1551=LINE('',#12092,#2142);
#1552=LINE('',#12097,#2143);
#1553=LINE('',#12101,#2144);
#1554=LINE('',#12103,#2145);
#1555=LINE('',#12108,#2146);
#1556=LINE('',#12111,#2147);
#1557=LINE('',#12112,#2148);
#1558=LINE('',#12116,#2149);
#1559=LINE('',#12119,#2150);
#1560=LINE('',#12120,#2151);
#1561=LINE('',#12125,#2152);
#1562=LINE('',#12129,#2153);
#1563=LINE('',#12131,#2154);
#1564=LINE('',#12136,#2155);
#1565=LINE('',#12139,#2156);
#1566=LINE('',#12140,#2157);
#1567=LINE('',#12144,#2158);
#1568=LINE('',#12147,#2159);
#1569=LINE('',#12148,#2160);
#1570=LINE('',#12153,#2161);
#1571=LINE('',#12157,#2162);
#1572=LINE('',#12159,#2163);
#1573=LINE('',#12164,#2164);
#1574=LINE('',#12167,#2165);
#1575=LINE('',#12168,#2166);
#1576=LINE('',#12172,#2167);
#1577=LINE('',#12175,#2168);
#1578=LINE('',#12176,#2169);
#1579=LINE('',#12181,#2170);
#1580=LINE('',#12185,#2171);
#1581=LINE('',#12187,#2172);
#1582=LINE('',#12192,#2173);
#1583=LINE('',#12195,#2174);
#1584=LINE('',#12196,#2175);
#1585=LINE('',#12200,#2176);
#1586=LINE('',#12203,#2177);
#1587=LINE('',#12204,#2178);
#1588=LINE('',#12209,#2179);
#1589=LINE('',#12213,#2180);
#1590=LINE('',#12215,#2181);
#1591=LINE('',#12220,#2182);
#1592=LINE('',#12223,#2183);
#1593=LINE('',#12224,#2184);
#1594=LINE('',#12228,#2185);
#1595=LINE('',#12231,#2186);
#1596=LINE('',#12232,#2187);
#1597=LINE('',#12237,#2188);
#1598=LINE('',#12241,#2189);
#1599=LINE('',#12243,#2190);
#1600=LINE('',#12248,#2191);
#1601=LINE('',#12251,#2192);
#1602=LINE('',#12252,#2193);
#1603=LINE('',#12256,#2194);
#1604=LINE('',#12259,#2195);
#1605=LINE('',#12260,#2196);
#1606=LINE('',#12265,#2197);
#1607=LINE('',#12269,#2198);
#1608=LINE('',#12271,#2199);
#1609=LINE('',#12276,#2200);
#1610=LINE('',#12279,#2201);
#1611=LINE('',#12280,#2202);
#1612=LINE('',#12284,#2203);
#1613=LINE('',#12287,#2204);
#1614=LINE('',#12288,#2205);
#1615=LINE('',#12293,#2206);
#1616=LINE('',#12297,#2207);
#1617=LINE('',#12299,#2208);
#1618=LINE('',#12304,#2209);
#1619=LINE('',#12307,#2210);
#1620=LINE('',#12308,#2211);
#1621=LINE('',#12312,#2212);
#1622=LINE('',#12315,#2213);
#1623=LINE('',#12316,#2214);
#1624=LINE('',#12321,#2215);
#1625=LINE('',#12325,#2216);
#1626=LINE('',#12327,#2217);
#1627=LINE('',#12332,#2218);
#1628=LINE('',#12335,#2219);
#1629=LINE('',#12336,#2220);
#1630=LINE('',#12340,#2221);
#1631=LINE('',#12343,#2222);
#1632=LINE('',#12344,#2223);
#1633=LINE('',#12349,#2224);
#1634=LINE('',#12353,#2225);
#1635=LINE('',#12355,#2226);
#1636=LINE('',#12360,#2227);
#1637=LINE('',#12363,#2228);
#1638=LINE('',#12364,#2229);
#1639=LINE('',#12368,#2230);
#1640=LINE('',#12371,#2231);
#1641=LINE('',#12372,#2232);
#1642=LINE('',#12377,#2233);
#1643=LINE('',#12381,#2234);
#1644=LINE('',#12383,#2235);
#1645=LINE('',#12388,#2236);
#1646=LINE('',#12391,#2237);
#1647=LINE('',#12392,#2238);
#1648=LINE('',#12396,#2239);
#1649=LINE('',#12399,#2240);
#1650=LINE('',#12400,#2241);
#1651=LINE('',#12405,#2242);
#1652=LINE('',#12409,#2243);
#1653=LINE('',#12411,#2244);
#1654=LINE('',#12416,#2245);
#1655=LINE('',#12419,#2246);
#1656=LINE('',#12420,#2247);
#1657=LINE('',#12424,#2248);
#1658=LINE('',#12427,#2249);
#1659=LINE('',#12428,#2250);
#1660=LINE('',#12433,#2251);
#1661=LINE('',#12437,#2252);
#1662=LINE('',#12439,#2253);
#1663=LINE('',#12444,#2254);
#1664=LINE('',#12447,#2255);
#1665=LINE('',#12448,#2256);
#1666=LINE('',#12452,#2257);
#1667=LINE('',#12455,#2258);
#1668=LINE('',#12456,#2259);
#1669=LINE('',#12461,#2260);
#1670=LINE('',#12465,#2261);
#1671=LINE('',#12467,#2262);
#1672=LINE('',#12472,#2263);
#1673=LINE('',#12475,#2264);
#1674=LINE('',#12476,#2265);
#1675=LINE('',#12480,#2266);
#1676=LINE('',#12483,#2267);
#1677=LINE('',#12484,#2268);
#1678=LINE('',#12489,#2269);
#1679=LINE('',#12493,#2270);
#1680=LINE('',#12495,#2271);
#1681=LINE('',#12500,#2272);
#1682=LINE('',#12503,#2273);
#1683=LINE('',#12504,#2274);
#1684=LINE('',#12508,#2275);
#1685=LINE('',#12511,#2276);
#1686=LINE('',#12512,#2277);
#1687=LINE('',#12517,#2278);
#1688=LINE('',#12521,#2279);
#1689=LINE('',#12523,#2280);
#1690=LINE('',#12528,#2281);
#1691=LINE('',#12531,#2282);
#1692=LINE('',#12532,#2283);
#1693=LINE('',#12536,#2284);
#1694=LINE('',#12539,#2285);
#1695=LINE('',#12540,#2286);
#1696=LINE('',#12545,#2287);
#1697=LINE('',#12549,#2288);
#1698=LINE('',#12551,#2289);
#1699=LINE('',#12556,#2290);
#1700=LINE('',#12559,#2291);
#1701=LINE('',#12560,#2292);
#1702=LINE('',#12564,#2293);
#1703=LINE('',#12567,#2294);
#1704=LINE('',#12568,#2295);
#1705=LINE('',#12573,#2296);
#1706=LINE('',#12577,#2297);
#1707=LINE('',#12583,#2298);
#1708=LINE('',#12589,#2299);
#1709=LINE('',#12594,#2300);
#1710=LINE('',#12595,#2301);
#1711=LINE('',#12597,#2302);
#1712=LINE('',#12599,#2303);
#1713=LINE('',#12602,#2304);
#1714=LINE('',#12607,#2305);
#1715=LINE('',#12609,#2306);
#1716=LINE('',#12611,#2307);
#1717=LINE('',#12633,#2308);
#1718=LINE('',#12637,#2309);
#1719=LINE('',#12643,#2310);
#1720=LINE('',#12644,#2311);
#1721=LINE('',#12662,#2312);
#1722=LINE('',#12667,#2313);
#1723=LINE('',#12673,#2314);
#1724=LINE('',#12674,#2315);
#1725=LINE('',#12692,#2316);
#1726=LINE('',#12697,#2317);
#1727=LINE('',#12703,#2318);
#1728=LINE('',#12704,#2319);
#1729=LINE('',#12708,#2320);
#1730=LINE('',#12710,#2321);
#1731=LINE('',#12712,#2322);
#1732=LINE('',#12735,#2323);
#1733=LINE('',#12741,#2324);
#1734=LINE('',#12742,#2325);
#1735=LINE('',#12746,#2326);
#1736=LINE('',#12748,#2327);
#1737=LINE('',#12750,#2328);
#1738=LINE('',#12773,#2329);
#1739=LINE('',#12779,#2330);
#1740=LINE('',#12780,#2331);
#1741=LINE('',#12784,#2332);
#1742=LINE('',#12786,#2333);
#1743=LINE('',#12788,#2334);
#1744=LINE('',#12811,#2335);
#1745=LINE('',#12817,#2336);
#1746=LINE('',#12818,#2337);
#1747=LINE('',#12822,#2338);
#1748=LINE('',#12824,#2339);
#1749=LINE('',#12826,#2340);
#1750=LINE('',#12854,#2341);
#1751=LINE('',#12860,#2342);
#1752=LINE('',#12861,#2343);
#1753=LINE('',#12865,#2344);
#1754=LINE('',#12867,#2345);
#1755=LINE('',#12869,#2346);
#1756=LINE('',#12892,#2347);
#1757=LINE('',#12898,#2348);
#1758=LINE('',#12899,#2349);
#1759=LINE('',#12903,#2350);
#1760=LINE('',#12905,#2351);
#1761=LINE('',#12907,#2352);
#1762=LINE('',#12930,#2353);
#1763=LINE('',#12934,#2354);
#1764=LINE('',#12953,#2355);
#1765=LINE('',#12956,#2356);
#1766=LINE('',#12975,#2357);
#1767=LINE('',#12978,#2358);
#1768=LINE('',#12997,#2359);
#1769=LINE('',#13000,#2360);
#1770=LINE('',#13019,#2361);
#1771=LINE('',#13022,#2362);
#1772=LINE('',#13041,#2363);
#1773=LINE('',#13044,#2364);
#1774=LINE('',#13063,#2365);
#1775=LINE('',#13066,#2366);
#1776=LINE('',#13085,#2367);
#1777=LINE('',#13088,#2368);
#1778=LINE('',#13107,#2369);
#1779=LINE('',#13110,#2370);
#1780=LINE('',#13114,#2371);
#1781=LINE('',#13118,#2372);
#1782=LINE('',#13120,#2373);
#1783=LINE('',#13209,#2374);
#1784=LINE('',#13212,#2375);
#1785=LINE('',#13213,#2376);
#1786=LINE('',#13216,#2377);
#1787=LINE('',#13217,#2378);
#1788=LINE('',#13220,#2379);
#1789=LINE('',#13221,#2380);
#1790=LINE('',#13224,#2381);
#1791=LINE('',#13225,#2382);
#1792=LINE('',#13228,#2383);
#1793=LINE('',#13229,#2384);
#1794=LINE('',#13232,#2385);
#1795=LINE('',#13233,#2386);
#1796=LINE('',#13236,#2387);
#1797=LINE('',#13237,#2388);
#1798=LINE('',#13240,#2389);
#1799=LINE('',#13241,#2390);
#1800=LINE('',#13244,#2391);
#1801=LINE('',#13245,#2392);
#1802=LINE('',#13248,#2393);
#1803=LINE('',#13249,#2394);
#1804=LINE('',#13252,#2395);
#1805=LINE('',#13253,#2396);
#1806=LINE('',#13256,#2397);
#1807=LINE('',#13257,#2398);
#1808=LINE('',#13260,#2399);
#1809=LINE('',#13261,#2400);
#1810=LINE('',#13264,#2401);
#1811=LINE('',#13265,#2402);
#1812=LINE('',#13268,#2403);
#1813=LINE('',#13269,#2404);
#1814=LINE('',#13272,#2405);
#1815=LINE('',#13273,#2406);
#1816=LINE('',#13293,#2407);
#1817=LINE('',#13295,#2408);
#1818=VECTOR('',#8381,1.75);
#1819=VECTOR('',#8386,1.6);
#1820=VECTOR('',#8397,10.);
#1821=VECTOR('',#8402,10.);
#1822=VECTOR('',#8409,10.);
#1823=VECTOR('',#8414,10.);
#1824=VECTOR('',#8421,10.);
#1825=VECTOR('',#8426,10.);
#1826=VECTOR('',#8433,10.);
#1827=VECTOR('',#8438,10.);
#1828=VECTOR('',#8445,10.);
#1829=VECTOR('',#8450,10.);
#1830=VECTOR('',#8457,10.);
#1831=VECTOR('',#8462,10.);
#1832=VECTOR('',#8469,10.);
#1833=VECTOR('',#8474,10.);
#1834=VECTOR('',#8481,10.);
#1835=VECTOR('',#8486,10.);
#1836=VECTOR('',#8493,10.);
#1837=VECTOR('',#8498,10.);
#1838=VECTOR('',#8505,10.);
#1839=VECTOR('',#8510,10.);
#1840=VECTOR('',#8517,10.);
#1841=VECTOR('',#8522,10.);
#1842=VECTOR('',#8529,10.);
#1843=VECTOR('',#8534,10.);
#1844=VECTOR('',#8541,10.);
#1845=VECTOR('',#8546,10.);
#1846=VECTOR('',#8553,10.);
#1847=VECTOR('',#8558,10.);
#1848=VECTOR('',#8565,10.);
#1849=VECTOR('',#8570,10.);
#1850=VECTOR('',#8577,10.);
#1851=VECTOR('',#8582,10.);
#1852=VECTOR('',#8589,10.);
#1853=VECTOR('',#8594,10.);
#1854=VECTOR('',#8601,10.);
#1855=VECTOR('',#8606,10.);
#1856=VECTOR('',#8613,10.);
#1857=VECTOR('',#8618,10.);
#1858=VECTOR('',#8625,10.);
#1859=VECTOR('',#8630,10.);
#1860=VECTOR('',#8637,10.);
#1861=VECTOR('',#8642,10.);
#1862=VECTOR('',#8649,10.);
#1863=VECTOR('',#8654,10.);
#1864=VECTOR('',#8661,10.);
#1865=VECTOR('',#8666,10.);
#1866=VECTOR('',#8673,10.);
#1867=VECTOR('',#8678,10.);
#1868=VECTOR('',#8685,10.);
#1869=VECTOR('',#8690,10.);
#1870=VECTOR('',#8697,10.);
#1871=VECTOR('',#8702,10.);
#1872=VECTOR('',#8709,10.);
#1873=VECTOR('',#8714,10.);
#1874=VECTOR('',#8721,10.);
#1875=VECTOR('',#8726,10.);
#1876=VECTOR('',#8733,10.);
#1877=VECTOR('',#8738,10.);
#1878=VECTOR('',#8745,10.);
#1879=VECTOR('',#8750,10.);
#1880=VECTOR('',#8757,10.);
#1881=VECTOR('',#8762,10.);
#1882=VECTOR('',#8769,10.);
#1883=VECTOR('',#8774,10.);
#1884=VECTOR('',#8781,10.);
#1885=VECTOR('',#8786,10.);
#1886=VECTOR('',#8793,10.);
#1887=VECTOR('',#8798,10.);
#1888=VECTOR('',#8805,10.);
#1889=VECTOR('',#8810,10.);
#1890=VECTOR('',#8817,10.);
#1891=VECTOR('',#8822,10.);
#1892=VECTOR('',#8829,10.);
#1893=VECTOR('',#8834,10.);
#1894=VECTOR('',#8841,10.);
#1895=VECTOR('',#8846,10.);
#1896=VECTOR('',#8853,10.);
#1897=VECTOR('',#8858,10.);
#1898=VECTOR('',#8865,10.);
#1899=VECTOR('',#8870,10.);
#1900=VECTOR('',#8877,10.);
#1901=VECTOR('',#8882,10.);
#1902=VECTOR('',#8889,10.);
#1903=VECTOR('',#8894,10.);
#1904=VECTOR('',#8901,10.);
#1905=VECTOR('',#8906,10.);
#1906=VECTOR('',#8913,10.);
#1907=VECTOR('',#8918,10.);
#1908=VECTOR('',#8923,1.75);
#1909=VECTOR('',#8930,10.);
#1910=VECTOR('',#8931,10.);
#1911=VECTOR('',#8938,10.);
#1912=VECTOR('',#8941,10.);
#1913=VECTOR('',#8942,10.);
#1914=VECTOR('',#8945,10.);
#1915=VECTOR('',#8946,10.);
#1916=VECTOR('',#8951,10.);
#1917=VECTOR('',#8954,10.);
#1918=VECTOR('',#8957,10.);
#1919=VECTOR('',#8964,10.);
#1920=VECTOR('',#8965,10.);
#1921=VECTOR('',#8972,10.);
#1922=VECTOR('',#8975,10.);
#1923=VECTOR('',#8976,10.);
#1924=VECTOR('',#8981,10.);
#1925=VECTOR('',#8984,10.);
#1926=VECTOR('',#8985,10.);
#1927=VECTOR('',#8992,10.);
#1928=VECTOR('',#8997,10.);
#1929=VECTOR('',#8998,10.);
#1930=VECTOR('',#9005,10.);
#1931=VECTOR('',#9008,10.);
#1932=VECTOR('',#9009,10.);
#1933=VECTOR('',#9014,10.);
#1934=VECTOR('',#9017,10.);
#1935=VECTOR('',#9018,10.);
#1936=VECTOR('',#9025,10.);
#1937=VECTOR('',#9030,10.);
#1938=VECTOR('',#9031,10.);
#1939=VECTOR('',#9038,10.);
#1940=VECTOR('',#9041,10.);
#1941=VECTOR('',#9042,10.);
#1942=VECTOR('',#9047,10.);
#1943=VECTOR('',#9050,10.);
#1944=VECTOR('',#9051,10.);
#1945=VECTOR('',#9058,10.);
#1946=VECTOR('',#9063,10.);
#1947=VECTOR('',#9064,10.);
#1948=VECTOR('',#9071,10.);
#1949=VECTOR('',#9074,10.);
#1950=VECTOR('',#9075,10.);
#1951=VECTOR('',#9080,10.);
#1952=VECTOR('',#9083,10.);
#1953=VECTOR('',#9084,10.);
#1954=VECTOR('',#9091,10.);
#1955=VECTOR('',#9096,10.);
#1956=VECTOR('',#9097,10.);
#1957=VECTOR('',#9104,10.);
#1958=VECTOR('',#9107,10.);
#1959=VECTOR('',#9108,10.);
#1960=VECTOR('',#9113,10.);
#1961=VECTOR('',#9116,10.);
#1962=VECTOR('',#9117,10.);
#1963=VECTOR('',#9124,10.);
#1964=VECTOR('',#9129,10.);
#1965=VECTOR('',#9130,10.);
#1966=VECTOR('',#9137,10.);
#1967=VECTOR('',#9140,10.);
#1968=VECTOR('',#9141,10.);
#1969=VECTOR('',#9146,10.);
#1970=VECTOR('',#9149,10.);
#1971=VECTOR('',#9150,10.);
#1972=VECTOR('',#9157,10.);
#1973=VECTOR('',#9162,10.);
#1974=VECTOR('',#9163,10.);
#1975=VECTOR('',#9170,10.);
#1976=VECTOR('',#9173,10.);
#1977=VECTOR('',#9174,10.);
#1978=VECTOR('',#9179,10.);
#1979=VECTOR('',#9182,10.);
#1980=VECTOR('',#9183,10.);
#1981=VECTOR('',#9190,10.);
#1982=VECTOR('',#9195,10.);
#1983=VECTOR('',#9196,10.);
#1984=VECTOR('',#9203,10.);
#1985=VECTOR('',#9206,10.);
#1986=VECTOR('',#9207,10.);
#1987=VECTOR('',#9212,10.);
#1988=VECTOR('',#9215,10.);
#1989=VECTOR('',#9216,10.);
#1990=VECTOR('',#9223,10.);
#1991=VECTOR('',#9228,10.);
#1992=VECTOR('',#9229,10.);
#1993=VECTOR('',#9236,10.);
#1994=VECTOR('',#9239,10.);
#1995=VECTOR('',#9240,10.);
#1996=VECTOR('',#9245,10.);
#1997=VECTOR('',#9248,10.);
#1998=VECTOR('',#9249,10.);
#1999=VECTOR('',#9256,10.);
#2000=VECTOR('',#9261,10.);
#2001=VECTOR('',#9262,10.);
#2002=VECTOR('',#9269,10.);
#2003=VECTOR('',#9272,10.);
#2004=VECTOR('',#9273,10.);
#2005=VECTOR('',#9278,10.);
#2006=VECTOR('',#9281,10.);
#2007=VECTOR('',#9282,10.);
#2008=VECTOR('',#9289,10.);
#2009=VECTOR('',#9294,10.);
#2010=VECTOR('',#9295,10.);
#2011=VECTOR('',#9302,10.);
#2012=VECTOR('',#9305,10.);
#2013=VECTOR('',#9306,10.);
#2014=VECTOR('',#9311,10.);
#2015=VECTOR('',#9314,10.);
#2016=VECTOR('',#9315,10.);
#2017=VECTOR('',#9322,10.);
#2018=VECTOR('',#9327,10.);
#2019=VECTOR('',#9328,10.);
#2020=VECTOR('',#9335,10.);
#2021=VECTOR('',#9338,10.);
#2022=VECTOR('',#9339,10.);
#2023=VECTOR('',#9344,10.);
#2024=VECTOR('',#9347,10.);
#2025=VECTOR('',#9348,10.);
#2026=VECTOR('',#9355,10.);
#2027=VECTOR('',#9360,10.);
#2028=VECTOR('',#9361,10.);
#2029=VECTOR('',#9368,10.);
#2030=VECTOR('',#9371,10.);
#2031=VECTOR('',#9372,10.);
#2032=VECTOR('',#9377,10.);
#2033=VECTOR('',#9380,10.);
#2034=VECTOR('',#9381,10.);
#2035=VECTOR('',#9388,10.);
#2036=VECTOR('',#9393,10.);
#2037=VECTOR('',#9394,10.);
#2038=VECTOR('',#9401,10.);
#2039=VECTOR('',#9404,10.);
#2040=VECTOR('',#9405,10.);
#2041=VECTOR('',#9410,10.);
#2042=VECTOR('',#9413,10.);
#2043=VECTOR('',#9414,10.);
#2044=VECTOR('',#9421,10.);
#2045=VECTOR('',#9426,10.);
#2046=VECTOR('',#9427,10.);
#2047=VECTOR('',#9434,10.);
#2048=VECTOR('',#9437,10.);
#2049=VECTOR('',#9438,10.);
#2050=VECTOR('',#9443,10.);
#2051=VECTOR('',#9446,10.);
#2052=VECTOR('',#9447,10.);
#2053=VECTOR('',#9454,10.);
#2054=VECTOR('',#9459,10.);
#2055=VECTOR('',#9460,10.);
#2056=VECTOR('',#9467,10.);
#2057=VECTOR('',#9470,10.);
#2058=VECTOR('',#9471,10.);
#2059=VECTOR('',#9476,10.);
#2060=VECTOR('',#9479,10.);
#2061=VECTOR('',#9480,10.);
#2062=VECTOR('',#9487,10.);
#2063=VECTOR('',#9492,10.);
#2064=VECTOR('',#9493,10.);
#2065=VECTOR('',#9500,10.);
#2066=VECTOR('',#9503,10.);
#2067=VECTOR('',#9504,10.);
#2068=VECTOR('',#9509,10.);
#2069=VECTOR('',#9512,10.);
#2070=VECTOR('',#9513,10.);
#2071=VECTOR('',#9520,10.);
#2072=VECTOR('',#9525,10.);
#2073=VECTOR('',#9526,10.);
#2074=VECTOR('',#9533,10.);
#2075=VECTOR('',#9536,10.);
#2076=VECTOR('',#9537,10.);
#2077=VECTOR('',#9542,10.);
#2078=VECTOR('',#9545,10.);
#2079=VECTOR('',#9546,10.);
#2080=VECTOR('',#9553,10.);
#2081=VECTOR('',#9558,10.);
#2082=VECTOR('',#9559,10.);
#2083=VECTOR('',#9566,10.);
#2084=VECTOR('',#9569,10.);
#2085=VECTOR('',#9570,10.);
#2086=VECTOR('',#9575,10.);
#2087=VECTOR('',#9578,10.);
#2088=VECTOR('',#9579,10.);
#2089=VECTOR('',#9586,10.);
#2090=VECTOR('',#9591,10.);
#2091=VECTOR('',#9592,10.);
#2092=VECTOR('',#9599,10.);
#2093=VECTOR('',#9602,10.);
#2094=VECTOR('',#9603,10.);
#2095=VECTOR('',#9608,10.);
#2096=VECTOR('',#9611,10.);
#2097=VECTOR('',#9612,10.);
#2098=VECTOR('',#9619,10.);
#2099=VECTOR('',#9624,10.);
#2100=VECTOR('',#9625,10.);
#2101=VECTOR('',#9632,10.);
#2102=VECTOR('',#9635,10.);
#2103=VECTOR('',#9636,10.);
#2104=VECTOR('',#9641,10.);
#2105=VECTOR('',#9644,10.);
#2106=VECTOR('',#9645,10.);
#2107=VECTOR('',#9652,10.);
#2108=VECTOR('',#9657,10.);
#2109=VECTOR('',#9658,10.);
#2110=VECTOR('',#9665,10.);
#2111=VECTOR('',#9668,10.);
#2112=VECTOR('',#9669,10.);
#2113=VECTOR('',#9674,10.);
#2114=VECTOR('',#9677,10.);
#2115=VECTOR('',#9678,10.);
#2116=VECTOR('',#9685,10.);
#2117=VECTOR('',#9690,10.);
#2118=VECTOR('',#9691,10.);
#2119=VECTOR('',#9698,10.);
#2120=VECTOR('',#9701,10.);
#2121=VECTOR('',#9702,10.);
#2122=VECTOR('',#9707,10.);
#2123=VECTOR('',#9710,10.);
#2124=VECTOR('',#9711,10.);
#2125=VECTOR('',#9718,10.);
#2126=VECTOR('',#9723,10.);
#2127=VECTOR('',#9724,10.);
#2128=VECTOR('',#9731,10.);
#2129=VECTOR('',#9734,10.);
#2130=VECTOR('',#9735,10.);
#2131=VECTOR('',#9740,10.);
#2132=VECTOR('',#9743,10.);
#2133=VECTOR('',#9744,10.);
#2134=VECTOR('',#9751,10.);
#2135=VECTOR('',#9756,10.);
#2136=VECTOR('',#9757,10.);
#2137=VECTOR('',#9764,10.);
#2138=VECTOR('',#9767,10.);
#2139=VECTOR('',#9768,10.);
#2140=VECTOR('',#9773,10.);
#2141=VECTOR('',#9776,10.);
#2142=VECTOR('',#9777,10.);
#2143=VECTOR('',#9784,10.);
#2144=VECTOR('',#9789,10.);
#2145=VECTOR('',#9790,10.);
#2146=VECTOR('',#9797,10.);
#2147=VECTOR('',#9800,10.);
#2148=VECTOR('',#9801,10.);
#2149=VECTOR('',#9806,10.);
#2150=VECTOR('',#9809,10.);
#2151=VECTOR('',#9810,10.);
#2152=VECTOR('',#9817,10.);
#2153=VECTOR('',#9822,10.);
#2154=VECTOR('',#9823,10.);
#2155=VECTOR('',#9830,10.);
#2156=VECTOR('',#9833,10.);
#2157=VECTOR('',#9834,10.);
#2158=VECTOR('',#9839,10.);
#2159=VECTOR('',#9842,10.);
#2160=VECTOR('',#9843,10.);
#2161=VECTOR('',#9850,10.);
#2162=VECTOR('',#9855,10.);
#2163=VECTOR('',#9856,10.);
#2164=VECTOR('',#9863,10.);
#2165=VECTOR('',#9866,10.);
#2166=VECTOR('',#9867,10.);
#2167=VECTOR('',#9872,10.);
#2168=VECTOR('',#9875,10.);
#2169=VECTOR('',#9876,10.);
#2170=VECTOR('',#9883,10.);
#2171=VECTOR('',#9888,10.);
#2172=VECTOR('',#9889,10.);
#2173=VECTOR('',#9896,10.);
#2174=VECTOR('',#9899,10.);
#2175=VECTOR('',#9900,10.);
#2176=VECTOR('',#9905,10.);
#2177=VECTOR('',#9908,10.);
#2178=VECTOR('',#9909,10.);
#2179=VECTOR('',#9916,10.);
#2180=VECTOR('',#9921,10.);
#2181=VECTOR('',#9922,10.);
#2182=VECTOR('',#9929,10.);
#2183=VECTOR('',#9932,10.);
#2184=VECTOR('',#9933,10.);
#2185=VECTOR('',#9938,10.);
#2186=VECTOR('',#9941,10.);
#2187=VECTOR('',#9942,10.);
#2188=VECTOR('',#9949,10.);
#2189=VECTOR('',#9954,10.);
#2190=VECTOR('',#9955,10.);
#2191=VECTOR('',#9962,10.);
#2192=VECTOR('',#9965,10.);
#2193=VECTOR('',#9966,10.);
#2194=VECTOR('',#9971,10.);
#2195=VECTOR('',#9974,10.);
#2196=VECTOR('',#9975,10.);
#2197=VECTOR('',#9982,10.);
#2198=VECTOR('',#9987,10.);
#2199=VECTOR('',#9988,10.);
#2200=VECTOR('',#9995,10.);
#2201=VECTOR('',#9998,10.);
#2202=VECTOR('',#9999,10.);
#2203=VECTOR('',#10004,10.);
#2204=VECTOR('',#10007,10.);
#2205=VECTOR('',#10008,10.);
#2206=VECTOR('',#10015,10.);
#2207=VECTOR('',#10020,10.);
#2208=VECTOR('',#10021,10.);
#2209=VECTOR('',#10028,10.);
#2210=VECTOR('',#10031,10.);
#2211=VECTOR('',#10032,10.);
#2212=VECTOR('',#10037,10.);
#2213=VECTOR('',#10040,10.);
#2214=VECTOR('',#10041,10.);
#2215=VECTOR('',#10048,10.);
#2216=VECTOR('',#10053,10.);
#2217=VECTOR('',#10054,10.);
#2218=VECTOR('',#10061,10.);
#2219=VECTOR('',#10064,10.);
#2220=VECTOR('',#10065,10.);
#2221=VECTOR('',#10070,10.);
#2222=VECTOR('',#10073,10.);
#2223=VECTOR('',#10074,10.);
#2224=VECTOR('',#10081,10.);
#2225=VECTOR('',#10086,10.);
#2226=VECTOR('',#10087,10.);
#2227=VECTOR('',#10094,10.);
#2228=VECTOR('',#10097,10.);
#2229=VECTOR('',#10098,10.);
#2230=VECTOR('',#10103,10.);
#2231=VECTOR('',#10106,10.);
#2232=VECTOR('',#10107,10.);
#2233=VECTOR('',#10114,10.);
#2234=VECTOR('',#10119,10.);
#2235=VECTOR('',#10120,10.);
#2236=VECTOR('',#10127,10.);
#2237=VECTOR('',#10130,10.);
#2238=VECTOR('',#10131,10.);
#2239=VECTOR('',#10136,10.);
#2240=VECTOR('',#10139,10.);
#2241=VECTOR('',#10140,10.);
#2242=VECTOR('',#10147,10.);
#2243=VECTOR('',#10152,10.);
#2244=VECTOR('',#10153,10.);
#2245=VECTOR('',#10160,10.);
#2246=VECTOR('',#10163,10.);
#2247=VECTOR('',#10164,10.);
#2248=VECTOR('',#10169,10.);
#2249=VECTOR('',#10172,10.);
#2250=VECTOR('',#10173,10.);
#2251=VECTOR('',#10180,10.);
#2252=VECTOR('',#10185,10.);
#2253=VECTOR('',#10186,10.);
#2254=VECTOR('',#10193,10.);
#2255=VECTOR('',#10196,10.);
#2256=VECTOR('',#10197,10.);
#2257=VECTOR('',#10202,10.);
#2258=VECTOR('',#10205,10.);
#2259=VECTOR('',#10206,10.);
#2260=VECTOR('',#10213,10.);
#2261=VECTOR('',#10218,10.);
#2262=VECTOR('',#10219,10.);
#2263=VECTOR('',#10226,10.);
#2264=VECTOR('',#10229,10.);
#2265=VECTOR('',#10230,10.);
#2266=VECTOR('',#10235,10.);
#2267=VECTOR('',#10238,10.);
#2268=VECTOR('',#10239,10.);
#2269=VECTOR('',#10246,10.);
#2270=VECTOR('',#10251,10.);
#2271=VECTOR('',#10252,10.);
#2272=VECTOR('',#10259,10.);
#2273=VECTOR('',#10262,10.);
#2274=VECTOR('',#10263,10.);
#2275=VECTOR('',#10268,10.);
#2276=VECTOR('',#10271,10.);
#2277=VECTOR('',#10272,10.);
#2278=VECTOR('',#10279,10.);
#2279=VECTOR('',#10284,10.);
#2280=VECTOR('',#10285,10.);
#2281=VECTOR('',#10292,10.);
#2282=VECTOR('',#10295,10.);
#2283=VECTOR('',#10296,10.);
#2284=VECTOR('',#10301,10.);
#2285=VECTOR('',#10304,10.);
#2286=VECTOR('',#10305,10.);
#2287=VECTOR('',#10312,10.);
#2288=VECTOR('',#10317,10.);
#2289=VECTOR('',#10318,10.);
#2290=VECTOR('',#10325,10.);
#2291=VECTOR('',#10328,10.);
#2292=VECTOR('',#10329,10.);
#2293=VECTOR('',#10334,10.);
#2294=VECTOR('',#10337,10.);
#2295=VECTOR('',#10338,10.);
#2296=VECTOR('',#10345,10.);
#2297=VECTOR('',#10350,10.);
#2298=VECTOR('',#10357,10.);
#2299=VECTOR('',#10362,10.);
#2300=VECTOR('',#10369,10.);
#2301=VECTOR('',#10370,10.);
#2302=VECTOR('',#10373,10.);
#2303=VECTOR('',#10376,10.);
#2304=VECTOR('',#10381,10.);
#2305=VECTOR('',#10386,10.);
#2306=VECTOR('',#10387,10.);
#2307=VECTOR('',#10388,10.);
#2308=VECTOR('',#10393,10.);
#2309=VECTOR('',#10396,10.);
#2310=VECTOR('',#10397,10.);
#2311=VECTOR('',#10398,10.);
#2312=VECTOR('',#10401,10.);
#2313=VECTOR('',#10406,10.);
#2314=VECTOR('',#10407,10.);
#2315=VECTOR('',#10408,10.);
#2316=VECTOR('',#10411,10.);
#2317=VECTOR('',#10416,10.);
#2318=VECTOR('',#10417,10.);
#2319=VECTOR('',#10418,10.);
#2320=VECTOR('',#10421,10.);
#2321=VECTOR('',#10422,10.);
#2322=VECTOR('',#10423,10.);
#2323=VECTOR('',#10430,10.);
#2324=VECTOR('',#10431,10.);
#2325=VECTOR('',#10432,10.);
#2326=VECTOR('',#10435,10.);
#2327=VECTOR('',#10436,10.);
#2328=VECTOR('',#10437,10.);
#2329=VECTOR('',#10444,10.);
#2330=VECTOR('',#10445,10.);
#2331=VECTOR('',#10446,10.);
#2332=VECTOR('',#10449,10.);
#2333=VECTOR('',#10450,10.);
#2334=VECTOR('',#10451,10.);
#2335=VECTOR('',#10458,10.);
#2336=VECTOR('',#10459,10.);
#2337=VECTOR('',#10460,10.);
#2338=VECTOR('',#10463,10.);
#2339=VECTOR('',#10464,10.);
#2340=VECTOR('',#10465,10.);
#2341=VECTOR('',#10472,10.);
#2342=VECTOR('',#10473,10.);
#2343=VECTOR('',#10474,10.);
#2344=VECTOR('',#10477,10.);
#2345=VECTOR('',#10478,10.);
#2346=VECTOR('',#10479,10.);
#2347=VECTOR('',#10486,10.);
#2348=VECTOR('',#10487,10.);
#2349=VECTOR('',#10488,10.);
#2350=VECTOR('',#10491,10.);
#2351=VECTOR('',#10492,10.);
#2352=VECTOR('',#10493,10.);
#2353=VECTOR('',#10500,10.);
#2354=VECTOR('',#10501,10.);
#2355=VECTOR('',#10504,10.);
#2356=VECTOR('',#10507,10.);
#2357=VECTOR('',#10510,10.);
#2358=VECTOR('',#10513,10.);
#2359=VECTOR('',#10516,10.);
#2360=VECTOR('',#10519,10.);
#2361=VECTOR('',#10522,10.);
#2362=VECTOR('',#10525,10.);
#2363=VECTOR('',#10528,10.);
#2364=VECTOR('',#10531,10.);
#2365=VECTOR('',#10534,10.);
#2366=VECTOR('',#10537,10.);
#2367=VECTOR('',#10540,10.);
#2368=VECTOR('',#10543,10.);
#2369=VECTOR('',#10546,10.);
#2370=VECTOR('',#10549,10.);
#2371=VECTOR('',#10552,10.);
#2372=VECTOR('',#10553,10.);
#2373=VECTOR('',#10556,4.175);
#2374=VECTOR('',#10595,4.725);
#2375=VECTOR('',#10598,10.);
#2376=VECTOR('',#10599,10.);
#2377=VECTOR('',#10602,10.);
#2378=VECTOR('',#10603,10.);
#2379=VECTOR('',#10606,10.);
#2380=VECTOR('',#10607,10.);
#2381=VECTOR('',#10610,10.);
#2382=VECTOR('',#10611,10.);
#2383=VECTOR('',#10614,10.);
#2384=VECTOR('',#10615,10.);
#2385=VECTOR('',#10618,10.);
#2386=VECTOR('',#10619,10.);
#2387=VECTOR('',#10622,10.);
#2388=VECTOR('',#10623,10.);
#2389=VECTOR('',#10626,10.);
#2390=VECTOR('',#10627,10.);
#2391=VECTOR('',#10630,10.);
#2392=VECTOR('',#10631,10.);
#2393=VECTOR('',#10634,10.);
#2394=VECTOR('',#10635,10.);
#2395=VECTOR('',#10638,10.);
#2396=VECTOR('',#10639,10.);
#2397=VECTOR('',#10642,10.);
#2398=VECTOR('',#10643,10.);
#2399=VECTOR('',#10646,10.);
#2400=VECTOR('',#10647,10.);
#2401=VECTOR('',#10650,10.);
#2402=VECTOR('',#10651,10.);
#2403=VECTOR('',#10654,10.);
#2404=VECTOR('',#10655,10.);
#2405=VECTOR('',#10658,10.);
#2406=VECTOR('',#10659,10.);
#2407=VECTOR('',#10696,10.);
#2408=VECTOR('',#10699,10.);
#2409=CIRCLE('',#7493,1.9);
#2410=CIRCLE('',#7494,1.6);
#2411=CIRCLE('',#7496,1.6);
#2412=CIRCLE('',#7498,0.0999999999999491);
#2413=CIRCLE('',#7499,11.6);
#2414=CIRCLE('',#7500,0.0999999999999491);
#2415=CIRCLE('',#7501,0.15);
#2416=CIRCLE('',#7502,0.15);
#2417=CIRCLE('',#7503,0.0999999999999491);
#2418=CIRCLE('',#7504,11.6);
#2419=CIRCLE('',#7505,0.0999999999999491);
#2420=CIRCLE('',#7506,0.15);
#2421=CIRCLE('',#7507,0.15);
#2422=CIRCLE('',#7508,0.0999999999999491);
#2423=CIRCLE('',#7509,11.6);
#2424=CIRCLE('',#7510,0.0999999999999491);
#2425=CIRCLE('',#7511,0.15);
#2426=CIRCLE('',#7512,0.15);
#2427=CIRCLE('',#7513,0.0999999999999491);
#2428=CIRCLE('',#7514,11.6);
#2429=CIRCLE('',#7515,0.0999999999999491);
#2430=CIRCLE('',#7516,0.15);
#2431=CIRCLE('',#7517,0.15);
#2432=CIRCLE('',#7518,0.0999999999999491);
#2433=CIRCLE('',#7519,11.6);
#2434=CIRCLE('',#7520,0.0999999999999491);
#2435=CIRCLE('',#7521,0.15);
#2436=CIRCLE('',#7522,0.15);
#2437=CIRCLE('',#7523,0.0999999999999491);
#2438=CIRCLE('',#7524,11.6);
#2439=CIRCLE('',#7525,0.0999999999999491);
#2440=CIRCLE('',#7526,0.15);
#2441=CIRCLE('',#7527,0.15);
#2442=CIRCLE('',#7528,0.0999999999999491);
#2443=CIRCLE('',#7529,11.6);
#2444=CIRCLE('',#7530,0.0999999999999491);
#2445=CIRCLE('',#7531,0.15);
#2446=CIRCLE('',#7532,0.15);
#2447=CIRCLE('',#7533,0.0999999999999491);
#2448=CIRCLE('',#7534,11.6);
#2449=CIRCLE('',#7535,0.0999999999999491);
#2450=CIRCLE('',#7536,0.15);
#2451=CIRCLE('',#7537,0.15);
#2452=CIRCLE('',#7538,0.0999999999999491);
#2453=CIRCLE('',#7539,11.6);
#2454=CIRCLE('',#7540,0.0999999999999491);
#2455=CIRCLE('',#7541,0.15);
#2456=CIRCLE('',#7542,0.15);
#2457=CIRCLE('',#7543,0.0999999999999491);
#2458=CIRCLE('',#7544,11.6);
#2459=CIRCLE('',#7545,0.0999999999999491);
#2460=CIRCLE('',#7546,0.15);
#2461=CIRCLE('',#7547,0.15);
#2462=CIRCLE('',#7548,0.0999999999999491);
#2463=CIRCLE('',#7549,11.6);
#2464=CIRCLE('',#7550,0.0999999999999491);
#2465=CIRCLE('',#7551,0.15);
#2466=CIRCLE('',#7552,0.15);
#2467=CIRCLE('',#7553,0.0999999999999491);
#2468=CIRCLE('',#7554,11.6);
#2469=CIRCLE('',#7555,0.0999999999999491);
#2470=CIRCLE('',#7556,0.15);
#2471=CIRCLE('',#7557,0.15);
#2472=CIRCLE('',#7558,0.0999999999999491);
#2473=CIRCLE('',#7559,11.6);
#2474=CIRCLE('',#7560,0.0999999999999491);
#2475=CIRCLE('',#7561,0.15);
#2476=CIRCLE('',#7562,0.15);
#2477=CIRCLE('',#7563,0.0999999999999491);
#2478=CIRCLE('',#7564,11.6);
#2479=CIRCLE('',#7565,0.0999999999999491);
#2480=CIRCLE('',#7566,0.15);
#2481=CIRCLE('',#7567,0.15);
#2482=CIRCLE('',#7568,0.0999999999999491);
#2483=CIRCLE('',#7569,11.6);
#2484=CIRCLE('',#7570,0.0999999999999491);
#2485=CIRCLE('',#7571,0.15);
#2486=CIRCLE('',#7572,0.15);
#2487=CIRCLE('',#7573,0.0999999999999491);
#2488=CIRCLE('',#7574,11.6);
#2489=CIRCLE('',#7575,0.0999999999999491);
#2490=CIRCLE('',#7576,0.15);
#2491=CIRCLE('',#7577,0.15);
#2492=CIRCLE('',#7578,0.0999999999999491);
#2493=CIRCLE('',#7579,11.6);
#2494=CIRCLE('',#7580,0.0999999999999491);
#2495=CIRCLE('',#7581,0.15);
#2496=CIRCLE('',#7582,0.15);
#2497=CIRCLE('',#7583,0.0999999999999491);
#2498=CIRCLE('',#7584,11.6);
#2499=CIRCLE('',#7585,0.0999999999999491);
#2500=CIRCLE('',#7586,0.15);
#2501=CIRCLE('',#7587,0.15);
#2502=CIRCLE('',#7588,0.0999999999999491);
#2503=CIRCLE('',#7589,11.6);
#2504=CIRCLE('',#7590,0.0999999999999491);
#2505=CIRCLE('',#7591,0.15);
#2506=CIRCLE('',#7592,0.15);
#2507=CIRCLE('',#7593,0.0999999999999491);
#2508=CIRCLE('',#7594,11.6);
#2509=CIRCLE('',#7595,0.0999999999999491);
#2510=CIRCLE('',#7596,0.15);
#2511=CIRCLE('',#7597,0.15);
#2512=CIRCLE('',#7598,0.0999999999999491);
#2513=CIRCLE('',#7599,11.6);
#2514=CIRCLE('',#7600,0.0999999999999491);
#2515=CIRCLE('',#7601,0.15);
#2516=CIRCLE('',#7602,0.15);
#2517=CIRCLE('',#7603,0.0999999999999491);
#2518=CIRCLE('',#7604,11.6);
#2519=CIRCLE('',#7605,0.0999999999999491);
#2520=CIRCLE('',#7606,0.15);
#2521=CIRCLE('',#7607,0.15);
#2522=CIRCLE('',#7608,0.0999999999999491);
#2523=CIRCLE('',#7609,11.6);
#2524=CIRCLE('',#7610,0.0999999999999491);
#2525=CIRCLE('',#7611,0.15);
#2526=CIRCLE('',#7612,0.15);
#2527=CIRCLE('',#7613,0.0999999999999491);
#2528=CIRCLE('',#7614,11.6);
#2529=CIRCLE('',#7615,0.0999999999999491);
#2530=CIRCLE('',#7616,0.15);
#2531=CIRCLE('',#7617,0.15);
#2532=CIRCLE('',#7618,0.0999999999999491);
#2533=CIRCLE('',#7619,11.6);
#2534=CIRCLE('',#7620,0.0999999999999491);
#2535=CIRCLE('',#7621,0.15);
#2536=CIRCLE('',#7622,0.15);
#2537=CIRCLE('',#7623,0.0999999999999491);
#2538=CIRCLE('',#7624,11.6);
#2539=CIRCLE('',#7625,0.0999999999999491);
#2540=CIRCLE('',#7626,0.15);
#2541=CIRCLE('',#7627,0.15);
#2542=CIRCLE('',#7628,0.0999999999999491);
#2543=CIRCLE('',#7629,11.6);
#2544=CIRCLE('',#7630,0.0999999999999491);
#2545=CIRCLE('',#7631,0.15);
#2546=CIRCLE('',#7632,0.15);
#2547=CIRCLE('',#7633,0.0999999999999491);
#2548=CIRCLE('',#7634,11.6);
#2549=CIRCLE('',#7635,0.0999999999999491);
#2550=CIRCLE('',#7636,0.15);
#2551=CIRCLE('',#7637,0.15);
#2552=CIRCLE('',#7638,0.0999999999999491);
#2553=CIRCLE('',#7639,11.6);
#2554=CIRCLE('',#7640,0.0999999999999491);
#2555=CIRCLE('',#7641,0.15);
#2556=CIRCLE('',#7642,0.15);
#2557=CIRCLE('',#7643,0.0999999999999491);
#2558=CIRCLE('',#7644,11.6);
#2559=CIRCLE('',#7645,0.0999999999999491);
#2560=CIRCLE('',#7646,0.15);
#2561=CIRCLE('',#7647,0.15);
#2562=CIRCLE('',#7648,0.0999999999999491);
#2563=CIRCLE('',#7649,11.6);
#2564=CIRCLE('',#7650,0.0999999999999491);
#2565=CIRCLE('',#7651,0.15);
#2566=CIRCLE('',#7652,0.15);
#2567=CIRCLE('',#7653,0.0999999999999491);
#2568=CIRCLE('',#7654,11.6);
#2569=CIRCLE('',#7655,0.0999999999999491);
#2570=CIRCLE('',#7656,0.15);
#2571=CIRCLE('',#7657,0.15);
#2572=CIRCLE('',#7658,0.0999999999999491);
#2573=CIRCLE('',#7659,11.6);
#2574=CIRCLE('',#7660,0.0999999999999491);
#2575=CIRCLE('',#7661,0.15);
#2576=CIRCLE('',#7662,0.15);
#2577=CIRCLE('',#7663,0.0999999999999491);
#2578=CIRCLE('',#7664,11.6);
#2579=CIRCLE('',#7665,0.0999999999999491);
#2580=CIRCLE('',#7666,0.15);
#2581=CIRCLE('',#7667,0.15);
#2582=CIRCLE('',#7668,0.0999999999999491);
#2583=CIRCLE('',#7669,11.6);
#2584=CIRCLE('',#7670,0.0999999999999491);
#2585=CIRCLE('',#7671,0.15);
#2586=CIRCLE('',#7672,0.15);
#2587=CIRCLE('',#7673,0.0999999999999491);
#2588=CIRCLE('',#7674,11.6);
#2589=CIRCLE('',#7675,0.0999999999999491);
#2590=CIRCLE('',#7676,0.15);
#2591=CIRCLE('',#7677,0.15);
#2592=CIRCLE('',#7678,0.0999999999999491);
#2593=CIRCLE('',#7679,11.6);
#2594=CIRCLE('',#7680,0.0999999999999491);
#2595=CIRCLE('',#7681,0.15);
#2596=CIRCLE('',#7682,0.15);
#2597=CIRCLE('',#7683,0.0999999999999491);
#2598=CIRCLE('',#7684,11.6);
#2599=CIRCLE('',#7685,0.0999999999999491);
#2600=CIRCLE('',#7686,0.15);
#2601=CIRCLE('',#7687,0.15);
#2602=CIRCLE('',#7688,0.0999999999999491);
#2603=CIRCLE('',#7689,11.6);
#2604=CIRCLE('',#7690,0.0999999999999491);
#2605=CIRCLE('',#7691,0.15);
#2606=CIRCLE('',#7692,0.15);
#2607=CIRCLE('',#7693,0.0999999999999491);
#2608=CIRCLE('',#7694,11.6);
#2609=CIRCLE('',#7695,0.0999999999999491);
#2610=CIRCLE('',#7696,0.15);
#2611=CIRCLE('',#7697,0.15);
#2612=CIRCLE('',#7698,0.0999999999999491);
#2613=CIRCLE('',#7699,11.6);
#2614=CIRCLE('',#7700,0.0999999999999491);
#2615=CIRCLE('',#7701,0.15);
#2616=CIRCLE('',#7702,0.15);
#2617=CIRCLE('',#7703,0.0999999999999491);
#2618=CIRCLE('',#7704,11.6);
#2619=CIRCLE('',#7705,0.0999999999999491);
#2620=CIRCLE('',#7706,0.15);
#2621=CIRCLE('',#7707,0.15);
#2622=CIRCLE('',#7708,0.0999999999999491);
#2623=CIRCLE('',#7709,11.6);
#2624=CIRCLE('',#7710,0.0999999999999491);
#2625=CIRCLE('',#7711,0.15);
#2626=CIRCLE('',#7712,0.15);
#2627=CIRCLE('',#7713,0.0999999999999491);
#2628=CIRCLE('',#7714,11.6);
#2629=CIRCLE('',#7715,0.0999999999999491);
#2630=CIRCLE('',#7716,0.15);
#2631=CIRCLE('',#7717,0.15);
#2632=CIRCLE('',#7719,1.9);
#2633=CIRCLE('',#7721,3.625);
#2634=CIRCLE('',#7723,0.15);
#2635=CIRCLE('',#7725,0.15);
#2636=CIRCLE('',#7729,0.0999999999999491);
#2637=CIRCLE('',#7731,11.6);
#2638=CIRCLE('',#7733,0.0999999999999491);
#2639=CIRCLE('',#7735,0.15);
#2640=CIRCLE('',#7737,0.15);
#2641=CIRCLE('',#7740,0.0999999999999491);
#2642=CIRCLE('',#7743,0.0999999999999491);
#2643=CIRCLE('',#7745,11.6);
#2644=CIRCLE('',#7747,0.15);
#2645=CIRCLE('',#7749,0.15);
#2646=CIRCLE('',#7752,0.0999999999999491);
#2647=CIRCLE('',#7755,0.0999999999999491);
#2648=CIRCLE('',#7757,11.6);
#2649=CIRCLE('',#7759,0.15);
#2650=CIRCLE('',#7761,0.15);
#2651=CIRCLE('',#7764,0.0999999999999491);
#2652=CIRCLE('',#7767,0.0999999999999491);
#2653=CIRCLE('',#7769,11.6);
#2654=CIRCLE('',#7771,0.15);
#2655=CIRCLE('',#7773,0.15);
#2656=CIRCLE('',#7776,0.0999999999999491);
#2657=CIRCLE('',#7779,0.0999999999999491);
#2658=CIRCLE('',#7781,11.6);
#2659=CIRCLE('',#7783,0.15);
#2660=CIRCLE('',#7785,0.15);
#2661=CIRCLE('',#7788,0.0999999999999491);
#2662=CIRCLE('',#7791,0.0999999999999491);
#2663=CIRCLE('',#7793,11.6);
#2664=CIRCLE('',#7795,0.15);
#2665=CIRCLE('',#7797,0.15);
#2666=CIRCLE('',#7800,0.0999999999999491);
#2667=CIRCLE('',#7803,0.0999999999999491);
#2668=CIRCLE('',#7805,11.6);
#2669=CIRCLE('',#7807,0.15);
#2670=CIRCLE('',#7809,0.15);
#2671=CIRCLE('',#7812,0.0999999999999491);
#2672=CIRCLE('',#7815,0.0999999999999491);
#2673=CIRCLE('',#7817,11.6);
#2674=CIRCLE('',#7819,0.15);
#2675=CIRCLE('',#7821,0.15);
#2676=CIRCLE('',#7824,0.0999999999999491);
#2677=CIRCLE('',#7827,0.0999999999999491);
#2678=CIRCLE('',#7829,11.6);
#2679=CIRCLE('',#7831,0.15);
#2680=CIRCLE('',#7833,0.15);
#2681=CIRCLE('',#7836,0.0999999999999491);
#2682=CIRCLE('',#7839,0.0999999999999491);
#2683=CIRCLE('',#7841,11.6);
#2684=CIRCLE('',#7843,0.15);
#2685=CIRCLE('',#7845,0.15);
#2686=CIRCLE('',#7848,0.0999999999999491);
#2687=CIRCLE('',#7851,0.0999999999999491);
#2688=CIRCLE('',#7853,11.6);
#2689=CIRCLE('',#7855,0.15);
#2690=CIRCLE('',#7857,0.15);
#2691=CIRCLE('',#7860,0.0999999999999491);
#2692=CIRCLE('',#7863,0.0999999999999491);
#2693=CIRCLE('',#7865,11.6);
#2694=CIRCLE('',#7867,0.15);
#2695=CIRCLE('',#7869,0.15);
#2696=CIRCLE('',#7872,0.0999999999999491);
#2697=CIRCLE('',#7875,0.0999999999999491);
#2698=CIRCLE('',#7877,11.6);
#2699=CIRCLE('',#7879,0.15);
#2700=CIRCLE('',#7881,0.15);
#2701=CIRCLE('',#7884,0.0999999999999491);
#2702=CIRCLE('',#7887,0.0999999999999491);
#2703=CIRCLE('',#7889,11.6);
#2704=CIRCLE('',#7891,0.15);
#2705=CIRCLE('',#7893,0.15);
#2706=CIRCLE('',#7896,0.0999999999999491);
#2707=CIRCLE('',#7899,0.0999999999999491);
#2708=CIRCLE('',#7901,11.6);
#2709=CIRCLE('',#7903,0.15);
#2710=CIRCLE('',#7905,0.15);
#2711=CIRCLE('',#7908,0.0999999999999491);
#2712=CIRCLE('',#7911,0.0999999999999491);
#2713=CIRCLE('',#7913,11.6);
#2714=CIRCLE('',#7915,0.15);
#2715=CIRCLE('',#7917,0.15);
#2716=CIRCLE('',#7920,0.0999999999999491);
#2717=CIRCLE('',#7923,0.0999999999999491);
#2718=CIRCLE('',#7925,11.6);
#2719=CIRCLE('',#7927,0.15);
#2720=CIRCLE('',#7929,0.15);
#2721=CIRCLE('',#7932,0.0999999999999491);
#2722=CIRCLE('',#7935,0.0999999999999491);
#2723=CIRCLE('',#7937,11.6);
#2724=CIRCLE('',#7939,0.15);
#2725=CIRCLE('',#7941,0.15);
#2726=CIRCLE('',#7944,0.0999999999999491);
#2727=CIRCLE('',#7947,0.0999999999999491);
#2728=CIRCLE('',#7949,11.6);
#2729=CIRCLE('',#7951,0.15);
#2730=CIRCLE('',#7953,0.15);
#2731=CIRCLE('',#7956,0.0999999999999491);
#2732=CIRCLE('',#7959,0.0999999999999491);
#2733=CIRCLE('',#7961,11.6);
#2734=CIRCLE('',#7963,0.15);
#2735=CIRCLE('',#7965,0.15);
#2736=CIRCLE('',#7968,0.0999999999999491);
#2737=CIRCLE('',#7971,0.0999999999999491);
#2738=CIRCLE('',#7973,11.6);
#2739=CIRCLE('',#7975,0.15);
#2740=CIRCLE('',#7977,0.15);
#2741=CIRCLE('',#7980,0.0999999999999491);
#2742=CIRCLE('',#7983,0.0999999999999491);
#2743=CIRCLE('',#7985,11.6);
#2744=CIRCLE('',#7987,0.15);
#2745=CIRCLE('',#7989,0.15);
#2746=CIRCLE('',#7992,0.0999999999999491);
#2747=CIRCLE('',#7995,0.0999999999999491);
#2748=CIRCLE('',#7997,11.6);
#2749=CIRCLE('',#7999,0.15);
#2750=CIRCLE('',#8001,0.15);
#2751=CIRCLE('',#8004,0.0999999999999491);
#2752=CIRCLE('',#8007,0.0999999999999491);
#2753=CIRCLE('',#8009,11.6);
#2754=CIRCLE('',#8011,0.15);
#2755=CIRCLE('',#8013,0.15);
#2756=CIRCLE('',#8016,0.0999999999999491);
#2757=CIRCLE('',#8019,0.0999999999999491);
#2758=CIRCLE('',#8021,11.6);
#2759=CIRCLE('',#8023,0.15);
#2760=CIRCLE('',#8025,0.15);
#2761=CIRCLE('',#8028,0.0999999999999491);
#2762=CIRCLE('',#8031,0.0999999999999491);
#2763=CIRCLE('',#8033,11.6);
#2764=CIRCLE('',#8035,0.15);
#2765=CIRCLE('',#8037,0.15);
#2766=CIRCLE('',#8040,0.0999999999999491);
#2767=CIRCLE('',#8043,0.0999999999999491);
#2768=CIRCLE('',#8045,11.6);
#2769=CIRCLE('',#8047,0.15);
#2770=CIRCLE('',#8049,0.15);
#2771=CIRCLE('',#8052,0.0999999999999491);
#2772=CIRCLE('',#8055,0.0999999999999491);
#2773=CIRCLE('',#8057,11.6);
#2774=CIRCLE('',#8059,0.15);
#2775=CIRCLE('',#8061,0.15);
#2776=CIRCLE('',#8064,0.0999999999999491);
#2777=CIRCLE('',#8067,0.0999999999999491);
#2778=CIRCLE('',#8069,11.6);
#2779=CIRCLE('',#8071,0.15);
#2780=CIRCLE('',#8073,0.15);
#2781=CIRCLE('',#8076,0.0999999999999491);
#2782=CIRCLE('',#8079,0.0999999999999491);
#2783=CIRCLE('',#8081,11.6);
#2784=CIRCLE('',#8083,0.15);
#2785=CIRCLE('',#8085,0.15);
#2786=CIRCLE('',#8088,0.0999999999999491);
#2787=CIRCLE('',#8091,0.0999999999999491);
#2788=CIRCLE('',#8093,11.6);
#2789=CIRCLE('',#8095,0.15);
#2790=CIRCLE('',#8097,0.15);
#2791=CIRCLE('',#8100,0.0999999999999491);
#2792=CIRCLE('',#8103,0.0999999999999491);
#2793=CIRCLE('',#8105,11.6);
#2794=CIRCLE('',#8107,0.15);
#2795=CIRCLE('',#8109,0.15);
#2796=CIRCLE('',#8112,0.0999999999999491);
#2797=CIRCLE('',#8115,0.0999999999999491);
#2798=CIRCLE('',#8117,11.6);
#2799=CIRCLE('',#8119,0.15);
#2800=CIRCLE('',#8121,0.15);
#2801=CIRCLE('',#8124,0.0999999999999491);
#2802=CIRCLE('',#8127,0.0999999999999491);
#2803=CIRCLE('',#8129,11.6);
#2804=CIRCLE('',#8131,0.15);
#2805=CIRCLE('',#8133,0.15);
#2806=CIRCLE('',#8136,0.0999999999999491);
#2807=CIRCLE('',#8139,0.0999999999999491);
#2808=CIRCLE('',#8141,11.6);
#2809=CIRCLE('',#8143,0.15);
#2810=CIRCLE('',#8145,0.15);
#2811=CIRCLE('',#8148,0.0999999999999491);
#2812=CIRCLE('',#8151,0.0999999999999491);
#2813=CIRCLE('',#8153,11.6);
#2814=CIRCLE('',#8155,0.15);
#2815=CIRCLE('',#8157,0.15);
#2816=CIRCLE('',#8160,0.0999999999999491);
#2817=CIRCLE('',#8163,0.0999999999999491);
#2818=CIRCLE('',#8165,11.6);
#2819=CIRCLE('',#8167,0.15);
#2820=CIRCLE('',#8169,0.15);
#2821=CIRCLE('',#8172,0.0999999999999491);
#2822=CIRCLE('',#8175,0.0999999999999491);
#2823=CIRCLE('',#8177,11.6);
#2824=CIRCLE('',#8179,0.15);
#2825=CIRCLE('',#8181,0.15);
#2826=CIRCLE('',#8184,0.0999999999999491);
#2827=CIRCLE('',#8187,0.0999999999999491);
#2828=CIRCLE('',#8189,11.6);
#2829=CIRCLE('',#8191,0.15);
#2830=CIRCLE('',#8193,0.15);
#2831=CIRCLE('',#8196,0.0999999999999491);
#2832=CIRCLE('',#8199,0.0999999999999491);
#2833=CIRCLE('',#8201,11.6);
#2834=CIRCLE('',#8203,0.15);
#2835=CIRCLE('',#8205,0.15);
#2836=CIRCLE('',#8208,0.0999999999999491);
#2837=CIRCLE('',#8211,0.0999999999999491);
#2838=CIRCLE('',#8213,11.6);
#2839=CIRCLE('',#8215,0.15);
#2840=CIRCLE('',#8217,0.15);
#2841=CIRCLE('',#8220,0.0999999999999491);
#2842=CIRCLE('',#8223,0.0999999999999491);
#2843=CIRCLE('',#8225,11.6);
#2844=CIRCLE('',#8227,0.15);
#2845=CIRCLE('',#8229,0.15);
#2846=CIRCLE('',#8232,0.0999999999999491);
#2847=CIRCLE('',#8235,0.0999999999999491);
#2848=CIRCLE('',#8237,11.6);
#2849=CIRCLE('',#8239,11.6);
#2850=CIRCLE('',#8241,0.0999999999999491);
#2851=CIRCLE('',#8242,0.15);
#2852=CIRCLE('',#8243,0.15);
#2853=CIRCLE('',#8244,0.0999999999999491);
#2854=CIRCLE('',#8245,4.725);
#2855=CIRCLE('',#8254,0.225);
#2856=CIRCLE('',#8257,0.225);
#2857=CIRCLE('',#8260,0.225);
#2858=CIRCLE('',#8264,0.225);
#2859=CIRCLE('',#8268,0.225);
#2860=CIRCLE('',#8272,0.225);
#2861=CIRCLE('',#8276,0.225);
#2862=CIRCLE('',#8280,0.225);
#2863=CIRCLE('',#8284,0.225);
#2864=CIRCLE('',#8287,0.225);
#2865=CIRCLE('',#8289,0.225);
#2866=CIRCLE('',#8291,0.225);
#2867=CIRCLE('',#8293,0.225);
#2868=CIRCLE('',#8295,0.225);
#2869=CIRCLE('',#8297,0.225);
#2870=CIRCLE('',#8299,0.225);
#2871=CIRCLE('',#8301,0.225);
#2872=CIRCLE('',#8304,4.675);
#2873=CIRCLE('',#8305,4.675);
#2874=CIRCLE('',#8306,4.675);
#2875=CIRCLE('',#8307,4.675);
#2876=CIRCLE('',#8308,4.675);
#2877=CIRCLE('',#8309,4.675);
#2878=CIRCLE('',#8310,4.675);
#2879=CIRCLE('',#8311,4.675);
#2880=CIRCLE('',#8312,4.675);
#2881=CIRCLE('',#8313,4.675);
#2882=CIRCLE('',#8314,4.675);
#2883=CIRCLE('',#8315,4.675);
#2884=CIRCLE('',#8316,4.675);
#2885=CIRCLE('',#8317,4.675);
#2886=CIRCLE('',#8318,4.675);
#2887=CIRCLE('',#8319,4.675);
#2888=CIRCLE('',#8320,4.675);
#2889=CIRCLE('',#8322,4.725);
#2890=CIRCLE('',#8340,4.675);
#2891=CIRCLE('',#8341,4.675);
#2892=CIRCLE('',#8342,4.675);
#2893=CIRCLE('',#8343,4.675);
#2894=CIRCLE('',#8344,4.675);
#2895=CIRCLE('',#8345,4.675);
#2896=CIRCLE('',#8346,4.675);
#2897=CIRCLE('',#8347,4.675);
#2898=CIRCLE('',#8348,4.675);
#2899=CIRCLE('',#8349,4.675);
#2900=CIRCLE('',#8350,4.675);
#2901=CIRCLE('',#8351,4.675);
#2902=CIRCLE('',#8352,4.675);
#2903=CIRCLE('',#8353,4.675);
#2904=CIRCLE('',#8354,4.675);
#2905=CIRCLE('',#8355,4.675);
#2906=CIRCLE('',#8356,4.675);
#2907=VERTEX_POINT('',#10736);
#2908=VERTEX_POINT('',#10738);
#2909=VERTEX_POINT('',#10742);
#2910=VERTEX_POINT('',#10746);
#2911=VERTEX_POINT('',#10747);
#2912=VERTEX_POINT('',#10749);
#2913=VERTEX_POINT('',#10751);
#2914=VERTEX_POINT('',#10753);
#2915=VERTEX_POINT('',#10755);
#2916=VERTEX_POINT('',#10757);
#2917=VERTEX_POINT('',#10759);
#2918=VERTEX_POINT('',#10761);
#2919=VERTEX_POINT('',#10763);
#2920=VERTEX_POINT('',#10765);
#2921=VERTEX_POINT('',#10767);
#2922=VERTEX_POINT('',#10769);
#2923=VERTEX_POINT('',#10771);
#2924=VERTEX_POINT('',#10773);
#2925=VERTEX_POINT('',#10775);
#2926=VERTEX_POINT('',#10777);
#2927=VERTEX_POINT('',#10779);
#2928=VERTEX_POINT('',#10781);
#2929=VERTEX_POINT('',#10783);
#2930=VERTEX_POINT('',#10785);
#2931=VERTEX_POINT('',#10787);
#2932=VERTEX_POINT('',#10789);
#2933=VERTEX_POINT('',#10791);
#2934=VERTEX_POINT('',#10793);
#2935=VERTEX_POINT('',#10795);
#2936=VERTEX_POINT('',#10797);
#2937=VERTEX_POINT('',#10799);
#2938=VERTEX_POINT('',#10801);
#2939=VERTEX_POINT('',#10803);
#2940=VERTEX_POINT('',#10805);
#2941=VERTEX_POINT('',#10807);
#2942=VERTEX_POINT('',#10809);
#2943=VERTEX_POINT('',#10811);
#2944=VERTEX_POINT('',#10813);
#2945=VERTEX_POINT('',#10815);
#2946=VERTEX_POINT('',#10817);
#2947=VERTEX_POINT('',#10819);
#2948=VERTEX_POINT('',#10821);
#2949=VERTEX_POINT('',#10823);
#2950=VERTEX_POINT('',#10825);
#2951=VERTEX_POINT('',#10827);
#2952=VERTEX_POINT('',#10829);
#2953=VERTEX_POINT('',#10831);
#2954=VERTEX_POINT('',#10833);
#2955=VERTEX_POINT('',#10835);
#2956=VERTEX_POINT('',#10837);
#2957=VERTEX_POINT('',#10839);
#2958=VERTEX_POINT('',#10841);
#2959=VERTEX_POINT('',#10843);
#2960=VERTEX_POINT('',#10845);
#2961=VERTEX_POINT('',#10847);
#2962=VERTEX_POINT('',#10849);
#2963=VERTEX_POINT('',#10851);
#2964=VERTEX_POINT('',#10853);
#2965=VERTEX_POINT('',#10855);
#2966=VERTEX_POINT('',#10857);
#2967=VERTEX_POINT('',#10859);
#2968=VERTEX_POINT('',#10861);
#2969=VERTEX_POINT('',#10863);
#2970=VERTEX_POINT('',#10865);
#2971=VERTEX_POINT('',#10867);
#2972=VERTEX_POINT('',#10869);
#2973=VERTEX_POINT('',#10871);
#2974=VERTEX_POINT('',#10873);
#2975=VERTEX_POINT('',#10875);
#2976=VERTEX_POINT('',#10877);
#2977=VERTEX_POINT('',#10879);
#2978=VERTEX_POINT('',#10881);
#2979=VERTEX_POINT('',#10883);
#2980=VERTEX_POINT('',#10885);
#2981=VERTEX_POINT('',#10887);
#2982=VERTEX_POINT('',#10889);
#2983=VERTEX_POINT('',#10891);
#2984=VERTEX_POINT('',#10893);
#2985=VERTEX_POINT('',#10895);
#2986=VERTEX_POINT('',#10897);
#2987=VERTEX_POINT('',#10899);
#2988=VERTEX_POINT('',#10901);
#2989=VERTEX_POINT('',#10903);
#2990=VERTEX_POINT('',#10905);
#2991=VERTEX_POINT('',#10907);
#2992=VERTEX_POINT('',#10909);
#2993=VERTEX_POINT('',#10911);
#2994=VERTEX_POINT('',#10913);
#2995=VERTEX_POINT('',#10915);
#2996=VERTEX_POINT('',#10917);
#2997=VERTEX_POINT('',#10919);
#2998=VERTEX_POINT('',#10921);
#2999=VERTEX_POINT('',#10923);
#3000=VERTEX_POINT('',#10925);
#3001=VERTEX_POINT('',#10927);
#3002=VERTEX_POINT('',#10929);
#3003=VERTEX_POINT('',#10931);
#3004=VERTEX_POINT('',#10933);
#3005=VERTEX_POINT('',#10935);
#3006=VERTEX_POINT('',#10937);
#3007=VERTEX_POINT('',#10939);
#3008=VERTEX_POINT('',#10941);
#3009=VERTEX_POINT('',#10943);
#3010=VERTEX_POINT('',#10945);
#3011=VERTEX_POINT('',#10947);
#3012=VERTEX_POINT('',#10949);
#3013=VERTEX_POINT('',#10951);
#3014=VERTEX_POINT('',#10953);
#3015=VERTEX_POINT('',#10955);
#3016=VERTEX_POINT('',#10957);
#3017=VERTEX_POINT('',#10959);
#3018=VERTEX_POINT('',#10961);
#3019=VERTEX_POINT('',#10963);
#3020=VERTEX_POINT('',#10965);
#3021=VERTEX_POINT('',#10967);
#3022=VERTEX_POINT('',#10969);
#3023=VERTEX_POINT('',#10971);
#3024=VERTEX_POINT('',#10973);
#3025=VERTEX_POINT('',#10975);
#3026=VERTEX_POINT('',#10977);
#3027=VERTEX_POINT('',#10979);
#3028=VERTEX_POINT('',#10981);
#3029=VERTEX_POINT('',#10983);
#3030=VERTEX_POINT('',#10985);
#3031=VERTEX_POINT('',#10987);
#3032=VERTEX_POINT('',#10989);
#3033=VERTEX_POINT('',#10991);
#3034=VERTEX_POINT('',#10993);
#3035=VERTEX_POINT('',#10995);
#3036=VERTEX_POINT('',#10997);
#3037=VERTEX_POINT('',#10999);
#3038=VERTEX_POINT('',#11001);
#3039=VERTEX_POINT('',#11003);
#3040=VERTEX_POINT('',#11005);
#3041=VERTEX_POINT('',#11007);
#3042=VERTEX_POINT('',#11009);
#3043=VERTEX_POINT('',#11011);
#3044=VERTEX_POINT('',#11013);
#3045=VERTEX_POINT('',#11015);
#3046=VERTEX_POINT('',#11017);
#3047=VERTEX_POINT('',#11019);
#3048=VERTEX_POINT('',#11021);
#3049=VERTEX_POINT('',#11023);
#3050=VERTEX_POINT('',#11025);
#3051=VERTEX_POINT('',#11027);
#3052=VERTEX_POINT('',#11029);
#3053=VERTEX_POINT('',#11031);
#3054=VERTEX_POINT('',#11033);
#3055=VERTEX_POINT('',#11035);
#3056=VERTEX_POINT('',#11037);
#3057=VERTEX_POINT('',#11039);
#3058=VERTEX_POINT('',#11041);
#3059=VERTEX_POINT('',#11043);
#3060=VERTEX_POINT('',#11045);
#3061=VERTEX_POINT('',#11047);
#3062=VERTEX_POINT('',#11049);
#3063=VERTEX_POINT('',#11051);
#3064=VERTEX_POINT('',#11053);
#3065=VERTEX_POINT('',#11055);
#3066=VERTEX_POINT('',#11057);
#3067=VERTEX_POINT('',#11059);
#3068=VERTEX_POINT('',#11061);
#3069=VERTEX_POINT('',#11063);
#3070=VERTEX_POINT('',#11065);
#3071=VERTEX_POINT('',#11067);
#3072=VERTEX_POINT('',#11069);
#3073=VERTEX_POINT('',#11071);
#3074=VERTEX_POINT('',#11073);
#3075=VERTEX_POINT('',#11075);
#3076=VERTEX_POINT('',#11077);
#3077=VERTEX_POINT('',#11079);
#3078=VERTEX_POINT('',#11081);
#3079=VERTEX_POINT('',#11083);
#3080=VERTEX_POINT('',#11085);
#3081=VERTEX_POINT('',#11087);
#3082=VERTEX_POINT('',#11089);
#3083=VERTEX_POINT('',#11091);
#3084=VERTEX_POINT('',#11093);
#3085=VERTEX_POINT('',#11095);
#3086=VERTEX_POINT('',#11097);
#3087=VERTEX_POINT('',#11099);
#3088=VERTEX_POINT('',#11101);
#3089=VERTEX_POINT('',#11103);
#3090=VERTEX_POINT('',#11105);
#3091=VERTEX_POINT('',#11107);
#3092=VERTEX_POINT('',#11109);
#3093=VERTEX_POINT('',#11111);
#3094=VERTEX_POINT('',#11113);
#3095=VERTEX_POINT('',#11115);
#3096=VERTEX_POINT('',#11117);
#3097=VERTEX_POINT('',#11119);
#3098=VERTEX_POINT('',#11121);
#3099=VERTEX_POINT('',#11123);
#3100=VERTEX_POINT('',#11125);
#3101=VERTEX_POINT('',#11127);
#3102=VERTEX_POINT('',#11129);
#3103=VERTEX_POINT('',#11131);
#3104=VERTEX_POINT('',#11133);
#3105=VERTEX_POINT('',#11135);
#3106=VERTEX_POINT('',#11137);
#3107=VERTEX_POINT('',#11139);
#3108=VERTEX_POINT('',#11141);
#3109=VERTEX_POINT('',#11143);
#3110=VERTEX_POINT('',#11145);
#3111=VERTEX_POINT('',#11147);
#3112=VERTEX_POINT('',#11149);
#3113=VERTEX_POINT('',#11151);
#3114=VERTEX_POINT('',#11153);
#3115=VERTEX_POINT('',#11155);
#3116=VERTEX_POINT('',#11157);
#3117=VERTEX_POINT('',#11159);
#3118=VERTEX_POINT('',#11161);
#3119=VERTEX_POINT('',#11163);
#3120=VERTEX_POINT('',#11165);
#3121=VERTEX_POINT('',#11167);
#3122=VERTEX_POINT('',#11169);
#3123=VERTEX_POINT('',#11171);
#3124=VERTEX_POINT('',#11173);
#3125=VERTEX_POINT('',#11175);
#3126=VERTEX_POINT('',#11177);
#3127=VERTEX_POINT('',#11179);
#3128=VERTEX_POINT('',#11181);
#3129=VERTEX_POINT('',#11183);
#3130=VERTEX_POINT('',#11185);
#3131=VERTEX_POINT('',#11187);
#3132=VERTEX_POINT('',#11189);
#3133=VERTEX_POINT('',#11191);
#3134=VERTEX_POINT('',#11193);
#3135=VERTEX_POINT('',#11195);
#3136=VERTEX_POINT('',#11197);
#3137=VERTEX_POINT('',#11199);
#3138=VERTEX_POINT('',#11201);
#3139=VERTEX_POINT('',#11203);
#3140=VERTEX_POINT('',#11205);
#3141=VERTEX_POINT('',#11207);
#3142=VERTEX_POINT('',#11209);
#3143=VERTEX_POINT('',#11211);
#3144=VERTEX_POINT('',#11213);
#3145=VERTEX_POINT('',#11215);
#3146=VERTEX_POINT('',#11217);
#3147=VERTEX_POINT('',#11219);
#3148=VERTEX_POINT('',#11221);
#3149=VERTEX_POINT('',#11223);
#3150=VERTEX_POINT('',#11225);
#3151=VERTEX_POINT('',#11227);
#3152=VERTEX_POINT('',#11229);
#3153=VERTEX_POINT('',#11231);
#3154=VERTEX_POINT('',#11233);
#3155=VERTEX_POINT('',#11235);
#3156=VERTEX_POINT('',#11237);
#3157=VERTEX_POINT('',#11239);
#3158=VERTEX_POINT('',#11241);
#3159=VERTEX_POINT('',#11243);
#3160=VERTEX_POINT('',#11245);
#3161=VERTEX_POINT('',#11247);
#3162=VERTEX_POINT('',#11249);
#3163=VERTEX_POINT('',#11251);
#3164=VERTEX_POINT('',#11253);
#3165=VERTEX_POINT('',#11255);
#3166=VERTEX_POINT('',#11257);
#3167=VERTEX_POINT('',#11259);
#3168=VERTEX_POINT('',#11261);
#3169=VERTEX_POINT('',#11263);
#3170=VERTEX_POINT('',#11265);
#3171=VERTEX_POINT('',#11267);
#3172=VERTEX_POINT('',#11269);
#3173=VERTEX_POINT('',#11271);
#3174=VERTEX_POINT('',#11273);
#3175=VERTEX_POINT('',#11275);
#3176=VERTEX_POINT('',#11277);
#3177=VERTEX_POINT('',#11279);
#3178=VERTEX_POINT('',#11281);
#3179=VERTEX_POINT('',#11283);
#3180=VERTEX_POINT('',#11285);
#3181=VERTEX_POINT('',#11287);
#3182=VERTEX_POINT('',#11289);
#3183=VERTEX_POINT('',#11291);
#3184=VERTEX_POINT('',#11293);
#3185=VERTEX_POINT('',#11295);
#3186=VERTEX_POINT('',#11297);
#3187=VERTEX_POINT('',#11299);
#3188=VERTEX_POINT('',#11301);
#3189=VERTEX_POINT('',#11303);
#3190=VERTEX_POINT('',#11305);
#3191=VERTEX_POINT('',#11307);
#3192=VERTEX_POINT('',#11309);
#3193=VERTEX_POINT('',#11311);
#3194=VERTEX_POINT('',#11313);
#3195=VERTEX_POINT('',#11315);
#3196=VERTEX_POINT('',#11317);
#3197=VERTEX_POINT('',#11319);
#3198=VERTEX_POINT('',#11321);
#3199=VERTEX_POINT('',#11323);
#3200=VERTEX_POINT('',#11325);
#3201=VERTEX_POINT('',#11327);
#3202=VERTEX_POINT('',#11329);
#3203=VERTEX_POINT('',#11331);
#3204=VERTEX_POINT('',#11333);
#3205=VERTEX_POINT('',#11335);
#3206=VERTEX_POINT('',#11337);
#3207=VERTEX_POINT('',#11339);
#3208=VERTEX_POINT('',#11341);
#3209=VERTEX_POINT('',#11343);
#3210=VERTEX_POINT('',#11345);
#3211=VERTEX_POINT('',#11347);
#3212=VERTEX_POINT('',#11349);
#3213=VERTEX_POINT('',#11351);
#3214=VERTEX_POINT('',#11353);
#3215=VERTEX_POINT('',#11355);
#3216=VERTEX_POINT('',#11357);
#3217=VERTEX_POINT('',#11359);
#3218=VERTEX_POINT('',#11363);
#3219=VERTEX_POINT('',#11367);
#3220=VERTEX_POINT('',#11370);
#3221=VERTEX_POINT('',#11372);
#3222=VERTEX_POINT('',#11376);
#3223=VERTEX_POINT('',#11380);
#3224=VERTEX_POINT('',#11384);
#3225=VERTEX_POINT('',#11388);
#3226=VERTEX_POINT('',#11392);
#3227=VERTEX_POINT('',#11394);
#3228=VERTEX_POINT('',#11400);
#3229=VERTEX_POINT('',#11402);
#3230=VERTEX_POINT('',#11406);
#3231=VERTEX_POINT('',#11410);
#3232=VERTEX_POINT('',#11414);
#3233=VERTEX_POINT('',#11418);
#3234=VERTEX_POINT('',#11424);
#3235=VERTEX_POINT('',#11428);
#3236=VERTEX_POINT('',#11430);
#3237=VERTEX_POINT('',#11434);
#3238=VERTEX_POINT('',#11438);
#3239=VERTEX_POINT('',#11442);
#3240=VERTEX_POINT('',#11446);
#3241=VERTEX_POINT('',#11452);
#3242=VERTEX_POINT('',#11456);
#3243=VERTEX_POINT('',#11458);
#3244=VERTEX_POINT('',#11462);
#3245=VERTEX_POINT('',#11466);
#3246=VERTEX_POINT('',#11470);
#3247=VERTEX_POINT('',#11474);
#3248=VERTEX_POINT('',#11480);
#3249=VERTEX_POINT('',#11484);
#3250=VERTEX_POINT('',#11486);
#3251=VERTEX_POINT('',#11490);
#3252=VERTEX_POINT('',#11494);
#3253=VERTEX_POINT('',#11498);
#3254=VERTEX_POINT('',#11502);
#3255=VERTEX_POINT('',#11508);
#3256=VERTEX_POINT('',#11512);
#3257=VERTEX_POINT('',#11514);
#3258=VERTEX_POINT('',#11518);
#3259=VERTEX_POINT('',#11522);
#3260=VERTEX_POINT('',#11526);
#3261=VERTEX_POINT('',#11530);
#3262=VERTEX_POINT('',#11536);
#3263=VERTEX_POINT('',#11540);
#3264=VERTEX_POINT('',#11542);
#3265=VERTEX_POINT('',#11546);
#3266=VERTEX_POINT('',#11550);
#3267=VERTEX_POINT('',#11554);
#3268=VERTEX_POINT('',#11558);
#3269=VERTEX_POINT('',#11564);
#3270=VERTEX_POINT('',#11568);
#3271=VERTEX_POINT('',#11570);
#3272=VERTEX_POINT('',#11574);
#3273=VERTEX_POINT('',#11578);
#3274=VERTEX_POINT('',#11582);
#3275=VERTEX_POINT('',#11586);
#3276=VERTEX_POINT('',#11592);
#3277=VERTEX_POINT('',#11596);
#3278=VERTEX_POINT('',#11598);
#3279=VERTEX_POINT('',#11602);
#3280=VERTEX_POINT('',#11606);
#3281=VERTEX_POINT('',#11610);
#3282=VERTEX_POINT('',#11614);
#3283=VERTEX_POINT('',#11620);
#3284=VERTEX_POINT('',#11624);
#3285=VERTEX_POINT('',#11626);
#3286=VERTEX_POINT('',#11630);
#3287=VERTEX_POINT('',#11634);
#3288=VERTEX_POINT('',#11638);
#3289=VERTEX_POINT('',#11642);
#3290=VERTEX_POINT('',#11648);
#3291=VERTEX_POINT('',#11652);
#3292=VERTEX_POINT('',#11654);
#3293=VERTEX_POINT('',#11658);
#3294=VERTEX_POINT('',#11662);
#3295=VERTEX_POINT('',#11666);
#3296=VERTEX_POINT('',#11670);
#3297=VERTEX_POINT('',#11676);
#3298=VERTEX_POINT('',#11680);
#3299=VERTEX_POINT('',#11682);
#3300=VERTEX_POINT('',#11686);
#3301=VERTEX_POINT('',#11690);
#3302=VERTEX_POINT('',#11694);
#3303=VERTEX_POINT('',#11698);
#3304=VERTEX_POINT('',#11704);
#3305=VERTEX_POINT('',#11708);
#3306=VERTEX_POINT('',#11710);
#3307=VERTEX_POINT('',#11714);
#3308=VERTEX_POINT('',#11718);
#3309=VERTEX_POINT('',#11722);
#3310=VERTEX_POINT('',#11726);
#3311=VERTEX_POINT('',#11732);
#3312=VERTEX_POINT('',#11736);
#3313=VERTEX_POINT('',#11738);
#3314=VERTEX_POINT('',#11742);
#3315=VERTEX_POINT('',#11746);
#3316=VERTEX_POINT('',#11750);
#3317=VERTEX_POINT('',#11754);
#3318=VERTEX_POINT('',#11760);
#3319=VERTEX_POINT('',#11764);
#3320=VERTEX_POINT('',#11766);
#3321=VERTEX_POINT('',#11770);
#3322=VERTEX_POINT('',#11774);
#3323=VERTEX_POINT('',#11778);
#3324=VERTEX_POINT('',#11782);
#3325=VERTEX_POINT('',#11788);
#3326=VERTEX_POINT('',#11792);
#3327=VERTEX_POINT('',#11794);
#3328=VERTEX_POINT('',#11798);
#3329=VERTEX_POINT('',#11802);
#3330=VERTEX_POINT('',#11806);
#3331=VERTEX_POINT('',#11810);
#3332=VERTEX_POINT('',#11816);
#3333=VERTEX_POINT('',#11820);
#3334=VERTEX_POINT('',#11822);
#3335=VERTEX_POINT('',#11826);
#3336=VERTEX_POINT('',#11830);
#3337=VERTEX_POINT('',#11834);
#3338=VERTEX_POINT('',#11838);
#3339=VERTEX_POINT('',#11844);
#3340=VERTEX_POINT('',#11848);
#3341=VERTEX_POINT('',#11850);
#3342=VERTEX_POINT('',#11854);
#3343=VERTEX_POINT('',#11858);
#3344=VERTEX_POINT('',#11862);
#3345=VERTEX_POINT('',#11866);
#3346=VERTEX_POINT('',#11872);
#3347=VERTEX_POINT('',#11876);
#3348=VERTEX_POINT('',#11878);
#3349=VERTEX_POINT('',#11882);
#3350=VERTEX_POINT('',#11886);
#3351=VERTEX_POINT('',#11890);
#3352=VERTEX_POINT('',#11894);
#3353=VERTEX_POINT('',#11900);
#3354=VERTEX_POINT('',#11904);
#3355=VERTEX_POINT('',#11906);
#3356=VERTEX_POINT('',#11910);
#3357=VERTEX_POINT('',#11914);
#3358=VERTEX_POINT('',#11918);
#3359=VERTEX_POINT('',#11922);
#3360=VERTEX_POINT('',#11928);
#3361=VERTEX_POINT('',#11932);
#3362=VERTEX_POINT('',#11934);
#3363=VERTEX_POINT('',#11938);
#3364=VERTEX_POINT('',#11942);
#3365=VERTEX_POINT('',#11946);
#3366=VERTEX_POINT('',#11950);
#3367=VERTEX_POINT('',#11956);
#3368=VERTEX_POINT('',#11960);
#3369=VERTEX_POINT('',#11962);
#3370=VERTEX_POINT('',#11966);
#3371=VERTEX_POINT('',#11970);
#3372=VERTEX_POINT('',#11974);
#3373=VERTEX_POINT('',#11978);
#3374=VERTEX_POINT('',#11984);
#3375=VERTEX_POINT('',#11988);
#3376=VERTEX_POINT('',#11990);
#3377=VERTEX_POINT('',#11994);
#3378=VERTEX_POINT('',#11998);
#3379=VERTEX_POINT('',#12002);
#3380=VERTEX_POINT('',#12006);
#3381=VERTEX_POINT('',#12012);
#3382=VERTEX_POINT('',#12016);
#3383=VERTEX_POINT('',#12018);
#3384=VERTEX_POINT('',#12022);
#3385=VERTEX_POINT('',#12026);
#3386=VERTEX_POINT('',#12030);
#3387=VERTEX_POINT('',#12034);
#3388=VERTEX_POINT('',#12040);
#3389=VERTEX_POINT('',#12044);
#3390=VERTEX_POINT('',#12046);
#3391=VERTEX_POINT('',#12050);
#3392=VERTEX_POINT('',#12054);
#3393=VERTEX_POINT('',#12058);
#3394=VERTEX_POINT('',#12062);
#3395=VERTEX_POINT('',#12068);
#3396=VERTEX_POINT('',#12072);
#3397=VERTEX_POINT('',#12074);
#3398=VERTEX_POINT('',#12078);
#3399=VERTEX_POINT('',#12082);
#3400=VERTEX_POINT('',#12086);
#3401=VERTEX_POINT('',#12090);
#3402=VERTEX_POINT('',#12096);
#3403=VERTEX_POINT('',#12100);
#3404=VERTEX_POINT('',#12102);
#3405=VERTEX_POINT('',#12106);
#3406=VERTEX_POINT('',#12110);
#3407=VERTEX_POINT('',#12114);
#3408=VERTEX_POINT('',#12118);
#3409=VERTEX_POINT('',#12124);
#3410=VERTEX_POINT('',#12128);
#3411=VERTEX_POINT('',#12130);
#3412=VERTEX_POINT('',#12134);
#3413=VERTEX_POINT('',#12138);
#3414=VERTEX_POINT('',#12142);
#3415=VERTEX_POINT('',#12146);
#3416=VERTEX_POINT('',#12152);
#3417=VERTEX_POINT('',#12156);
#3418=VERTEX_POINT('',#12158);
#3419=VERTEX_POINT('',#12162);
#3420=VERTEX_POINT('',#12166);
#3421=VERTEX_POINT('',#12170);
#3422=VERTEX_POINT('',#12174);
#3423=VERTEX_POINT('',#12180);
#3424=VERTEX_POINT('',#12184);
#3425=VERTEX_POINT('',#12186);
#3426=VERTEX_POINT('',#12190);
#3427=VERTEX_POINT('',#12194);
#3428=VERTEX_POINT('',#12198);
#3429=VERTEX_POINT('',#12202);
#3430=VERTEX_POINT('',#12208);
#3431=VERTEX_POINT('',#12212);
#3432=VERTEX_POINT('',#12214);
#3433=VERTEX_POINT('',#12218);
#3434=VERTEX_POINT('',#12222);
#3435=VERTEX_POINT('',#12226);
#3436=VERTEX_POINT('',#12230);
#3437=VERTEX_POINT('',#12236);
#3438=VERTEX_POINT('',#12240);
#3439=VERTEX_POINT('',#12242);
#3440=VERTEX_POINT('',#12246);
#3441=VERTEX_POINT('',#12250);
#3442=VERTEX_POINT('',#12254);
#3443=VERTEX_POINT('',#12258);
#3444=VERTEX_POINT('',#12264);
#3445=VERTEX_POINT('',#12268);
#3446=VERTEX_POINT('',#12270);
#3447=VERTEX_POINT('',#12274);
#3448=VERTEX_POINT('',#12278);
#3449=VERTEX_POINT('',#12282);
#3450=VERTEX_POINT('',#12286);
#3451=VERTEX_POINT('',#12292);
#3452=VERTEX_POINT('',#12296);
#3453=VERTEX_POINT('',#12298);
#3454=VERTEX_POINT('',#12302);
#3455=VERTEX_POINT('',#12306);
#3456=VERTEX_POINT('',#12310);
#3457=VERTEX_POINT('',#12314);
#3458=VERTEX_POINT('',#12320);
#3459=VERTEX_POINT('',#12324);
#3460=VERTEX_POINT('',#12326);
#3461=VERTEX_POINT('',#12330);
#3462=VERTEX_POINT('',#12334);
#3463=VERTEX_POINT('',#12338);
#3464=VERTEX_POINT('',#12342);
#3465=VERTEX_POINT('',#12348);
#3466=VERTEX_POINT('',#12352);
#3467=VERTEX_POINT('',#12354);
#3468=VERTEX_POINT('',#12358);
#3469=VERTEX_POINT('',#12362);
#3470=VERTEX_POINT('',#12366);
#3471=VERTEX_POINT('',#12370);
#3472=VERTEX_POINT('',#12376);
#3473=VERTEX_POINT('',#12380);
#3474=VERTEX_POINT('',#12382);
#3475=VERTEX_POINT('',#12386);
#3476=VERTEX_POINT('',#12390);
#3477=VERTEX_POINT('',#12394);
#3478=VERTEX_POINT('',#12398);
#3479=VERTEX_POINT('',#12404);
#3480=VERTEX_POINT('',#12408);
#3481=VERTEX_POINT('',#12410);
#3482=VERTEX_POINT('',#12414);
#3483=VERTEX_POINT('',#12418);
#3484=VERTEX_POINT('',#12422);
#3485=VERTEX_POINT('',#12426);
#3486=VERTEX_POINT('',#12432);
#3487=VERTEX_POINT('',#12436);
#3488=VERTEX_POINT('',#12438);
#3489=VERTEX_POINT('',#12442);
#3490=VERTEX_POINT('',#12446);
#3491=VERTEX_POINT('',#12450);
#3492=VERTEX_POINT('',#12454);
#3493=VERTEX_POINT('',#12460);
#3494=VERTEX_POINT('',#12464);
#3495=VERTEX_POINT('',#12466);
#3496=VERTEX_POINT('',#12470);
#3497=VERTEX_POINT('',#12474);
#3498=VERTEX_POINT('',#12478);
#3499=VERTEX_POINT('',#12482);
#3500=VERTEX_POINT('',#12488);
#3501=VERTEX_POINT('',#12492);
#3502=VERTEX_POINT('',#12494);
#3503=VERTEX_POINT('',#12498);
#3504=VERTEX_POINT('',#12502);
#3505=VERTEX_POINT('',#12506);
#3506=VERTEX_POINT('',#12510);
#3507=VERTEX_POINT('',#12516);
#3508=VERTEX_POINT('',#12520);
#3509=VERTEX_POINT('',#12522);
#3510=VERTEX_POINT('',#12526);
#3511=VERTEX_POINT('',#12530);
#3512=VERTEX_POINT('',#12534);
#3513=VERTEX_POINT('',#12538);
#3514=VERTEX_POINT('',#12544);
#3515=VERTEX_POINT('',#12548);
#3516=VERTEX_POINT('',#12550);
#3517=VERTEX_POINT('',#12554);
#3518=VERTEX_POINT('',#12558);
#3519=VERTEX_POINT('',#12562);
#3520=VERTEX_POINT('',#12566);
#3521=VERTEX_POINT('',#12572);
#3522=VERTEX_POINT('',#12576);
#3523=VERTEX_POINT('',#12580);
#3524=VERTEX_POINT('',#12582);
#3525=VERTEX_POINT('',#12584);
#3526=VERTEX_POINT('',#12586);
#3527=VERTEX_POINT('',#12588);
#3528=VERTEX_POINT('',#12591);
#3529=VERTEX_POINT('',#12605);
#3530=VERTEX_POINT('',#12606);
#3531=VERTEX_POINT('',#12608);
#3532=VERTEX_POINT('',#12610);
#3533=VERTEX_POINT('',#12616);
#3534=VERTEX_POINT('',#12631);
#3535=VERTEX_POINT('',#12635);
#3536=VERTEX_POINT('',#12636);
#3537=VERTEX_POINT('',#12638);
#3538=VERTEX_POINT('',#12642);
#3539=VERTEX_POINT('',#12646);
#3540=VERTEX_POINT('',#12661);
#3541=VERTEX_POINT('',#12665);
#3542=VERTEX_POINT('',#12666);
#3543=VERTEX_POINT('',#12668);
#3544=VERTEX_POINT('',#12672);
#3545=VERTEX_POINT('',#12676);
#3546=VERTEX_POINT('',#12691);
#3547=VERTEX_POINT('',#12695);
#3548=VERTEX_POINT('',#12696);
#3549=VERTEX_POINT('',#12698);
#3550=VERTEX_POINT('',#12702);
#3551=VERTEX_POINT('',#12706);
#3552=VERTEX_POINT('',#12707);
#3553=VERTEX_POINT('',#12709);
#3554=VERTEX_POINT('',#12711);
#3555=VERTEX_POINT('',#12733);
#3556=VERTEX_POINT('',#12734);
#3557=VERTEX_POINT('',#12736);
#3558=VERTEX_POINT('',#12740);
#3559=VERTEX_POINT('',#12744);
#3560=VERTEX_POINT('',#12745);
#3561=VERTEX_POINT('',#12747);
#3562=VERTEX_POINT('',#12749);
#3563=VERTEX_POINT('',#12771);
#3564=VERTEX_POINT('',#12772);
#3565=VERTEX_POINT('',#12774);
#3566=VERTEX_POINT('',#12778);
#3567=VERTEX_POINT('',#12782);
#3568=VERTEX_POINT('',#12783);
#3569=VERTEX_POINT('',#12785);
#3570=VERTEX_POINT('',#12787);
#3571=VERTEX_POINT('',#12809);
#3572=VERTEX_POINT('',#12810);
#3573=VERTEX_POINT('',#12812);
#3574=VERTEX_POINT('',#12816);
#3575=VERTEX_POINT('',#12820);
#3576=VERTEX_POINT('',#12821);
#3577=VERTEX_POINT('',#12823);
#3578=VERTEX_POINT('',#12825);
#3579=VERTEX_POINT('',#12831);
#3580=VERTEX_POINT('',#12852);
#3581=VERTEX_POINT('',#12853);
#3582=VERTEX_POINT('',#12855);
#3583=VERTEX_POINT('',#12859);
#3584=VERTEX_POINT('',#12863);
#3585=VERTEX_POINT('',#12864);
#3586=VERTEX_POINT('',#12866);
#3587=VERTEX_POINT('',#12868);
#3588=VERTEX_POINT('',#12890);
#3589=VERTEX_POINT('',#12891);
#3590=VERTEX_POINT('',#12893);
#3591=VERTEX_POINT('',#12897);
#3592=VERTEX_POINT('',#12901);
#3593=VERTEX_POINT('',#12902);
#3594=VERTEX_POINT('',#12904);
#3595=VERTEX_POINT('',#12906);
#3596=VERTEX_POINT('',#12928);
#3597=VERTEX_POINT('',#12929);
#3598=VERTEX_POINT('',#12936);
#3599=VERTEX_POINT('',#12937);
#3600=VERTEX_POINT('',#12952);
#3601=VERTEX_POINT('',#12954);
#3602=VERTEX_POINT('',#12958);
#3603=VERTEX_POINT('',#12959);
#3604=VERTEX_POINT('',#12974);
#3605=VERTEX_POINT('',#12976);
#3606=VERTEX_POINT('',#12980);
#3607=VERTEX_POINT('',#12981);
#3608=VERTEX_POINT('',#12996);
#3609=VERTEX_POINT('',#12998);
#3610=VERTEX_POINT('',#13002);
#3611=VERTEX_POINT('',#13003);
#3612=VERTEX_POINT('',#13018);
#3613=VERTEX_POINT('',#13020);
#3614=VERTEX_POINT('',#13024);
#3615=VERTEX_POINT('',#13025);
#3616=VERTEX_POINT('',#13040);
#3617=VERTEX_POINT('',#13042);
#3618=VERTEX_POINT('',#13046);
#3619=VERTEX_POINT('',#13047);
#3620=VERTEX_POINT('',#13062);
#3621=VERTEX_POINT('',#13064);
#3622=VERTEX_POINT('',#13068);
#3623=VERTEX_POINT('',#13069);
#3624=VERTEX_POINT('',#13084);
#3625=VERTEX_POINT('',#13086);
#3626=VERTEX_POINT('',#13090);
#3627=VERTEX_POINT('',#13091);
#3628=VERTEX_POINT('',#13106);
#3629=VERTEX_POINT('',#13108);
#3630=VERTEX_POINT('',#13112);
#3631=VERTEX_POINT('',#13113);
#3632=VERTEX_POINT('',#13124);
#3633=VERTEX_POINT('',#13129);
#3634=VERTEX_POINT('',#13133);
#3635=VERTEX_POINT('',#13138);
#3636=VERTEX_POINT('',#13142);
#3637=VERTEX_POINT('',#13147);
#3638=VERTEX_POINT('',#13151);
#3639=VERTEX_POINT('',#13156);
#3640=VERTEX_POINT('',#13160);
#3641=VERTEX_POINT('',#13165);
#3642=VERTEX_POINT('',#13169);
#3643=VERTEX_POINT('',#13174);
#3644=VERTEX_POINT('',#13178);
#3645=VERTEX_POINT('',#13183);
#3646=VERTEX_POINT('',#13187);
#3647=VERTEX_POINT('',#13192);
#3648=VERTEX_POINT('',#13197);
#3649=VERTEX_POINT('',#13207);
#3650=VERTEX_POINT('',#13211);
#3651=VERTEX_POINT('',#13215);
#3652=VERTEX_POINT('',#13219);
#3653=VERTEX_POINT('',#13223);
#3654=VERTEX_POINT('',#13227);
#3655=VERTEX_POINT('',#13231);
#3656=VERTEX_POINT('',#13235);
#3657=VERTEX_POINT('',#13239);
#3658=VERTEX_POINT('',#13243);
#3659=VERTEX_POINT('',#13247);
#3660=VERTEX_POINT('',#13251);
#3661=VERTEX_POINT('',#13255);
#3662=VERTEX_POINT('',#13259);
#3663=VERTEX_POINT('',#13263);
#3664=VERTEX_POINT('',#13267);
#3665=VERTEX_POINT('',#13271);
#3666=VERTEX_POINT('',#13275);
#3667=EDGE_CURVE('',#2907,#2907,#2409,.T.);
#3668=EDGE_CURVE('',#2907,#2908,#1227,.T.);
#3669=EDGE_CURVE('',#2908,#2908,#2410,.T.);
#3670=EDGE_CURVE('',#2908,#2909,#1228,.T.);
#3671=EDGE_CURVE('',#2909,#2909,#2411,.T.);
#3672=EDGE_CURVE('',#2910,#2911,#2412,.T.);
#3673=EDGE_CURVE('',#2912,#2910,#2413,.T.);
#3674=EDGE_CURVE('',#2913,#2912,#2414,.T.);
#3675=EDGE_CURVE('',#2914,#2913,#1229,.T.);
#3676=EDGE_CURVE('',#2915,#2914,#2415,.T.);
#3677=EDGE_CURVE('',#2916,#2915,#2416,.T.);
#3678=EDGE_CURVE('',#2917,#2916,#1230,.T.);
#3679=EDGE_CURVE('',#2918,#2917,#2417,.T.);
#3680=EDGE_CURVE('',#2919,#2918,#2418,.T.);
#3681=EDGE_CURVE('',#2920,#2919,#2419,.T.);
#3682=EDGE_CURVE('',#2921,#2920,#1231,.T.);
#3683=EDGE_CURVE('',#2922,#2921,#2420,.T.);
#3684=EDGE_CURVE('',#2923,#2922,#2421,.T.);
#3685=EDGE_CURVE('',#2924,#2923,#1232,.T.);
#3686=EDGE_CURVE('',#2925,#2924,#2422,.T.);
#3687=EDGE_CURVE('',#2926,#2925,#2423,.T.);
#3688=EDGE_CURVE('',#2927,#2926,#2424,.T.);
#3689=EDGE_CURVE('',#2928,#2927,#1233,.T.);
#3690=EDGE_CURVE('',#2929,#2928,#2425,.T.);
#3691=EDGE_CURVE('',#2930,#2929,#2426,.T.);
#3692=EDGE_CURVE('',#2931,#2930,#1234,.T.);
#3693=EDGE_CURVE('',#2932,#2931,#2427,.T.);
#3694=EDGE_CURVE('',#2933,#2932,#2428,.T.);
#3695=EDGE_CURVE('',#2934,#2933,#2429,.T.);
#3696=EDGE_CURVE('',#2935,#2934,#1235,.T.);
#3697=EDGE_CURVE('',#2936,#2935,#2430,.T.);
#3698=EDGE_CURVE('',#2937,#2936,#2431,.T.);
#3699=EDGE_CURVE('',#2938,#2937,#1236,.T.);
#3700=EDGE_CURVE('',#2939,#2938,#2432,.T.);
#3701=EDGE_CURVE('',#2940,#2939,#2433,.T.);
#3702=EDGE_CURVE('',#2941,#2940,#2434,.T.);
#3703=EDGE_CURVE('',#2942,#2941,#1237,.T.);
#3704=EDGE_CURVE('',#2943,#2942,#2435,.T.);
#3705=EDGE_CURVE('',#2944,#2943,#2436,.T.);
#3706=EDGE_CURVE('',#2945,#2944,#1238,.T.);
#3707=EDGE_CURVE('',#2946,#2945,#2437,.T.);
#3708=EDGE_CURVE('',#2947,#2946,#2438,.T.);
#3709=EDGE_CURVE('',#2948,#2947,#2439,.T.);
#3710=EDGE_CURVE('',#2949,#2948,#1239,.T.);
#3711=EDGE_CURVE('',#2950,#2949,#2440,.T.);
#3712=EDGE_CURVE('',#2951,#2950,#2441,.T.);
#3713=EDGE_CURVE('',#2952,#2951,#1240,.T.);
#3714=EDGE_CURVE('',#2953,#2952,#2442,.T.);
#3715=EDGE_CURVE('',#2954,#2953,#2443,.T.);
#3716=EDGE_CURVE('',#2955,#2954,#2444,.T.);
#3717=EDGE_CURVE('',#2956,#2955,#1241,.T.);
#3718=EDGE_CURVE('',#2957,#2956,#2445,.T.);
#3719=EDGE_CURVE('',#2958,#2957,#2446,.T.);
#3720=EDGE_CURVE('',#2959,#2958,#1242,.T.);
#3721=EDGE_CURVE('',#2960,#2959,#2447,.T.);
#3722=EDGE_CURVE('',#2961,#2960,#2448,.T.);
#3723=EDGE_CURVE('',#2962,#2961,#2449,.T.);
#3724=EDGE_CURVE('',#2963,#2962,#1243,.T.);
#3725=EDGE_CURVE('',#2964,#2963,#2450,.T.);
#3726=EDGE_CURVE('',#2965,#2964,#2451,.T.);
#3727=EDGE_CURVE('',#2966,#2965,#1244,.T.);
#3728=EDGE_CURVE('',#2967,#2966,#2452,.T.);
#3729=EDGE_CURVE('',#2968,#2967,#2453,.T.);
#3730=EDGE_CURVE('',#2969,#2968,#2454,.T.);
#3731=EDGE_CURVE('',#2970,#2969,#1245,.T.);
#3732=EDGE_CURVE('',#2971,#2970,#2455,.T.);
#3733=EDGE_CURVE('',#2972,#2971,#2456,.T.);
#3734=EDGE_CURVE('',#2973,#2972,#1246,.T.);
#3735=EDGE_CURVE('',#2974,#2973,#2457,.T.);
#3736=EDGE_CURVE('',#2975,#2974,#2458,.T.);
#3737=EDGE_CURVE('',#2976,#2975,#2459,.T.);
#3738=EDGE_CURVE('',#2977,#2976,#1247,.T.);
#3739=EDGE_CURVE('',#2978,#2977,#2460,.T.);
#3740=EDGE_CURVE('',#2979,#2978,#2461,.T.);
#3741=EDGE_CURVE('',#2980,#2979,#1248,.T.);
#3742=EDGE_CURVE('',#2981,#2980,#2462,.T.);
#3743=EDGE_CURVE('',#2982,#2981,#2463,.T.);
#3744=EDGE_CURVE('',#2983,#2982,#2464,.T.);
#3745=EDGE_CURVE('',#2984,#2983,#1249,.T.);
#3746=EDGE_CURVE('',#2985,#2984,#2465,.T.);
#3747=EDGE_CURVE('',#2986,#2985,#2466,.T.);
#3748=EDGE_CURVE('',#2987,#2986,#1250,.T.);
#3749=EDGE_CURVE('',#2988,#2987,#2467,.T.);
#3750=EDGE_CURVE('',#2989,#2988,#2468,.T.);
#3751=EDGE_CURVE('',#2990,#2989,#2469,.T.);
#3752=EDGE_CURVE('',#2991,#2990,#1251,.T.);
#3753=EDGE_CURVE('',#2992,#2991,#2470,.T.);
#3754=EDGE_CURVE('',#2993,#2992,#2471,.T.);
#3755=EDGE_CURVE('',#2994,#2993,#1252,.T.);
#3756=EDGE_CURVE('',#2995,#2994,#2472,.T.);
#3757=EDGE_CURVE('',#2996,#2995,#2473,.T.);
#3758=EDGE_CURVE('',#2997,#2996,#2474,.T.);
#3759=EDGE_CURVE('',#2998,#2997,#1253,.T.);
#3760=EDGE_CURVE('',#2999,#2998,#2475,.T.);
#3761=EDGE_CURVE('',#3000,#2999,#2476,.T.);
#3762=EDGE_CURVE('',#3001,#3000,#1254,.T.);
#3763=EDGE_CURVE('',#3002,#3001,#2477,.T.);
#3764=EDGE_CURVE('',#3003,#3002,#2478,.T.);
#3765=EDGE_CURVE('',#3004,#3003,#2479,.T.);
#3766=EDGE_CURVE('',#3005,#3004,#1255,.T.);
#3767=EDGE_CURVE('',#3006,#3005,#2480,.T.);
#3768=EDGE_CURVE('',#3007,#3006,#2481,.T.);
#3769=EDGE_CURVE('',#3008,#3007,#1256,.T.);
#3770=EDGE_CURVE('',#3009,#3008,#2482,.T.);
#3771=EDGE_CURVE('',#3010,#3009,#2483,.T.);
#3772=EDGE_CURVE('',#3011,#3010,#2484,.T.);
#3773=EDGE_CURVE('',#3012,#3011,#1257,.T.);
#3774=EDGE_CURVE('',#3013,#3012,#2485,.T.);
#3775=EDGE_CURVE('',#3014,#3013,#2486,.T.);
#3776=EDGE_CURVE('',#3015,#3014,#1258,.T.);
#3777=EDGE_CURVE('',#3016,#3015,#2487,.T.);
#3778=EDGE_CURVE('',#3017,#3016,#2488,.T.);
#3779=EDGE_CURVE('',#3018,#3017,#2489,.T.);
#3780=EDGE_CURVE('',#3019,#3018,#1259,.T.);
#3781=EDGE_CURVE('',#3020,#3019,#2490,.T.);
#3782=EDGE_CURVE('',#3021,#3020,#2491,.T.);
#3783=EDGE_CURVE('',#3022,#3021,#1260,.T.);
#3784=EDGE_CURVE('',#3023,#3022,#2492,.T.);
#3785=EDGE_CURVE('',#3024,#3023,#2493,.T.);
#3786=EDGE_CURVE('',#3025,#3024,#2494,.T.);
#3787=EDGE_CURVE('',#3026,#3025,#1261,.T.);
#3788=EDGE_CURVE('',#3027,#3026,#2495,.T.);
#3789=EDGE_CURVE('',#3028,#3027,#2496,.T.);
#3790=EDGE_CURVE('',#3029,#3028,#1262,.T.);
#3791=EDGE_CURVE('',#3030,#3029,#2497,.T.);
#3792=EDGE_CURVE('',#3031,#3030,#2498,.T.);
#3793=EDGE_CURVE('',#3032,#3031,#2499,.T.);
#3794=EDGE_CURVE('',#3033,#3032,#1263,.T.);
#3795=EDGE_CURVE('',#3034,#3033,#2500,.T.);
#3796=EDGE_CURVE('',#3035,#3034,#2501,.T.);
#3797=EDGE_CURVE('',#3036,#3035,#1264,.T.);
#3798=EDGE_CURVE('',#3037,#3036,#2502,.T.);
#3799=EDGE_CURVE('',#3038,#3037,#2503,.T.);
#3800=EDGE_CURVE('',#3039,#3038,#2504,.T.);
#3801=EDGE_CURVE('',#3040,#3039,#1265,.T.);
#3802=EDGE_CURVE('',#3041,#3040,#2505,.T.);
#3803=EDGE_CURVE('',#3042,#3041,#2506,.T.);
#3804=EDGE_CURVE('',#3043,#3042,#1266,.T.);
#3805=EDGE_CURVE('',#3044,#3043,#2507,.T.);
#3806=EDGE_CURVE('',#3045,#3044,#2508,.T.);
#3807=EDGE_CURVE('',#3046,#3045,#2509,.T.);
#3808=EDGE_CURVE('',#3047,#3046,#1267,.T.);
#3809=EDGE_CURVE('',#3048,#3047,#2510,.T.);
#3810=EDGE_CURVE('',#3049,#3048,#2511,.T.);
#3811=EDGE_CURVE('',#3050,#3049,#1268,.T.);
#3812=EDGE_CURVE('',#3051,#3050,#2512,.T.);
#3813=EDGE_CURVE('',#3052,#3051,#2513,.T.);
#3814=EDGE_CURVE('',#3053,#3052,#2514,.T.);
#3815=EDGE_CURVE('',#3054,#3053,#1269,.T.);
#3816=EDGE_CURVE('',#3055,#3054,#2515,.T.);
#3817=EDGE_CURVE('',#3056,#3055,#2516,.T.);
#3818=EDGE_CURVE('',#3057,#3056,#1270,.T.);
#3819=EDGE_CURVE('',#3058,#3057,#2517,.T.);
#3820=EDGE_CURVE('',#3059,#3058,#2518,.T.);
#3821=EDGE_CURVE('',#3060,#3059,#2519,.T.);
#3822=EDGE_CURVE('',#3061,#3060,#1271,.T.);
#3823=EDGE_CURVE('',#3062,#3061,#2520,.T.);
#3824=EDGE_CURVE('',#3063,#3062,#2521,.T.);
#3825=EDGE_CURVE('',#3064,#3063,#1272,.T.);
#3826=EDGE_CURVE('',#3065,#3064,#2522,.T.);
#3827=EDGE_CURVE('',#3066,#3065,#2523,.T.);
#3828=EDGE_CURVE('',#3067,#3066,#2524,.T.);
#3829=EDGE_CURVE('',#3068,#3067,#1273,.T.);
#3830=EDGE_CURVE('',#3069,#3068,#2525,.T.);
#3831=EDGE_CURVE('',#3070,#3069,#2526,.T.);
#3832=EDGE_CURVE('',#3071,#3070,#1274,.T.);
#3833=EDGE_CURVE('',#3072,#3071,#2527,.T.);
#3834=EDGE_CURVE('',#3073,#3072,#2528,.T.);
#3835=EDGE_CURVE('',#3074,#3073,#2529,.T.);
#3836=EDGE_CURVE('',#3075,#3074,#1275,.T.);
#3837=EDGE_CURVE('',#3076,#3075,#2530,.T.);
#3838=EDGE_CURVE('',#3077,#3076,#2531,.T.);
#3839=EDGE_CURVE('',#3078,#3077,#1276,.T.);
#3840=EDGE_CURVE('',#3079,#3078,#2532,.T.);
#3841=EDGE_CURVE('',#3080,#3079,#2533,.T.);
#3842=EDGE_CURVE('',#3081,#3080,#2534,.T.);
#3843=EDGE_CURVE('',#3082,#3081,#1277,.T.);
#3844=EDGE_CURVE('',#3083,#3082,#2535,.T.);
#3845=EDGE_CURVE('',#3084,#3083,#2536,.T.);
#3846=EDGE_CURVE('',#3085,#3084,#1278,.T.);
#3847=EDGE_CURVE('',#3086,#3085,#2537,.T.);
#3848=EDGE_CURVE('',#3087,#3086,#2538,.T.);
#3849=EDGE_CURVE('',#3088,#3087,#2539,.T.);
#3850=EDGE_CURVE('',#3089,#3088,#1279,.T.);
#3851=EDGE_CURVE('',#3090,#3089,#2540,.T.);
#3852=EDGE_CURVE('',#3091,#3090,#2541,.T.);
#3853=EDGE_CURVE('',#3092,#3091,#1280,.T.);
#3854=EDGE_CURVE('',#3093,#3092,#2542,.T.);
#3855=EDGE_CURVE('',#3094,#3093,#2543,.T.);
#3856=EDGE_CURVE('',#3095,#3094,#2544,.T.);
#3857=EDGE_CURVE('',#3096,#3095,#1281,.T.);
#3858=EDGE_CURVE('',#3097,#3096,#2545,.T.);
#3859=EDGE_CURVE('',#3098,#3097,#2546,.T.);
#3860=EDGE_CURVE('',#3099,#3098,#1282,.T.);
#3861=EDGE_CURVE('',#3100,#3099,#2547,.T.);
#3862=EDGE_CURVE('',#3101,#3100,#2548,.T.);
#3863=EDGE_CURVE('',#3102,#3101,#2549,.T.);
#3864=EDGE_CURVE('',#3103,#3102,#1283,.T.);
#3865=EDGE_CURVE('',#3104,#3103,#2550,.T.);
#3866=EDGE_CURVE('',#3105,#3104,#2551,.T.);
#3867=EDGE_CURVE('',#3106,#3105,#1284,.T.);
#3868=EDGE_CURVE('',#3107,#3106,#2552,.T.);
#3869=EDGE_CURVE('',#3108,#3107,#2553,.T.);
#3870=EDGE_CURVE('',#3109,#3108,#2554,.T.);
#3871=EDGE_CURVE('',#3110,#3109,#1285,.T.);
#3872=EDGE_CURVE('',#3111,#3110,#2555,.T.);
#3873=EDGE_CURVE('',#3112,#3111,#2556,.T.);
#3874=EDGE_CURVE('',#3113,#3112,#1286,.T.);
#3875=EDGE_CURVE('',#3114,#3113,#2557,.T.);
#3876=EDGE_CURVE('',#3115,#3114,#2558,.T.);
#3877=EDGE_CURVE('',#3116,#3115,#2559,.T.);
#3878=EDGE_CURVE('',#3117,#3116,#1287,.T.);
#3879=EDGE_CURVE('',#3118,#3117,#2560,.T.);
#3880=EDGE_CURVE('',#3119,#3118,#2561,.T.);
#3881=EDGE_CURVE('',#3120,#3119,#1288,.T.);
#3882=EDGE_CURVE('',#3121,#3120,#2562,.T.);
#3883=EDGE_CURVE('',#3122,#3121,#2563,.T.);
#3884=EDGE_CURVE('',#3123,#3122,#2564,.T.);
#3885=EDGE_CURVE('',#3124,#3123,#1289,.T.);
#3886=EDGE_CURVE('',#3125,#3124,#2565,.T.);
#3887=EDGE_CURVE('',#3126,#3125,#2566,.T.);
#3888=EDGE_CURVE('',#3127,#3126,#1290,.T.);
#3889=EDGE_CURVE('',#3128,#3127,#2567,.T.);
#3890=EDGE_CURVE('',#3129,#3128,#2568,.T.);
#3891=EDGE_CURVE('',#3130,#3129,#2569,.T.);
#3892=EDGE_CURVE('',#3131,#3130,#1291,.T.);
#3893=EDGE_CURVE('',#3132,#3131,#2570,.T.);
#3894=EDGE_CURVE('',#3133,#3132,#2571,.T.);
#3895=EDGE_CURVE('',#3134,#3133,#1292,.T.);
#3896=EDGE_CURVE('',#3135,#3134,#2572,.T.);
#3897=EDGE_CURVE('',#3136,#3135,#2573,.T.);
#3898=EDGE_CURVE('',#3137,#3136,#2574,.T.);
#3899=EDGE_CURVE('',#3138,#3137,#1293,.T.);
#3900=EDGE_CURVE('',#3139,#3138,#2575,.T.);
#3901=EDGE_CURVE('',#3140,#3139,#2576,.T.);
#3902=EDGE_CURVE('',#3141,#3140,#1294,.T.);
#3903=EDGE_CURVE('',#3142,#3141,#2577,.T.);
#3904=EDGE_CURVE('',#3143,#3142,#2578,.T.);
#3905=EDGE_CURVE('',#3144,#3143,#2579,.T.);
#3906=EDGE_CURVE('',#3145,#3144,#1295,.T.);
#3907=EDGE_CURVE('',#3146,#3145,#2580,.T.);
#3908=EDGE_CURVE('',#3147,#3146,#2581,.T.);
#3909=EDGE_CURVE('',#3148,#3147,#1296,.T.);
#3910=EDGE_CURVE('',#3149,#3148,#2582,.T.);
#3911=EDGE_CURVE('',#3150,#3149,#2583,.T.);
#3912=EDGE_CURVE('',#3151,#3150,#2584,.T.);
#3913=EDGE_CURVE('',#3152,#3151,#1297,.T.);
#3914=EDGE_CURVE('',#3153,#3152,#2585,.T.);
#3915=EDGE_CURVE('',#3154,#3153,#2586,.T.);
#3916=EDGE_CURVE('',#3155,#3154,#1298,.T.);
#3917=EDGE_CURVE('',#3156,#3155,#2587,.T.);
#3918=EDGE_CURVE('',#3157,#3156,#2588,.T.);
#3919=EDGE_CURVE('',#3158,#3157,#2589,.T.);
#3920=EDGE_CURVE('',#3159,#3158,#1299,.T.);
#3921=EDGE_CURVE('',#3160,#3159,#2590,.T.);
#3922=EDGE_CURVE('',#3161,#3160,#2591,.T.);
#3923=EDGE_CURVE('',#3162,#3161,#1300,.T.);
#3924=EDGE_CURVE('',#3163,#3162,#2592,.T.);
#3925=EDGE_CURVE('',#3164,#3163,#2593,.T.);
#3926=EDGE_CURVE('',#3165,#3164,#2594,.T.);
#3927=EDGE_CURVE('',#3166,#3165,#1301,.T.);
#3928=EDGE_CURVE('',#3167,#3166,#2595,.T.);
#3929=EDGE_CURVE('',#3168,#3167,#2596,.T.);
#3930=EDGE_CURVE('',#3169,#3168,#1302,.T.);
#3931=EDGE_CURVE('',#3170,#3169,#2597,.T.);
#3932=EDGE_CURVE('',#3171,#3170,#2598,.T.);
#3933=EDGE_CURVE('',#3172,#3171,#2599,.T.);
#3934=EDGE_CURVE('',#3173,#3172,#1303,.T.);
#3935=EDGE_CURVE('',#3174,#3173,#2600,.T.);
#3936=EDGE_CURVE('',#3175,#3174,#2601,.T.);
#3937=EDGE_CURVE('',#3176,#3175,#1304,.T.);
#3938=EDGE_CURVE('',#3177,#3176,#2602,.T.);
#3939=EDGE_CURVE('',#3178,#3177,#2603,.T.);
#3940=EDGE_CURVE('',#3179,#3178,#2604,.T.);
#3941=EDGE_CURVE('',#3180,#3179,#1305,.T.);
#3942=EDGE_CURVE('',#3181,#3180,#2605,.T.);
#3943=EDGE_CURVE('',#3182,#3181,#2606,.T.);
#3944=EDGE_CURVE('',#3183,#3182,#1306,.T.);
#3945=EDGE_CURVE('',#3184,#3183,#2607,.T.);
#3946=EDGE_CURVE('',#3185,#3184,#2608,.T.);
#3947=EDGE_CURVE('',#3186,#3185,#2609,.T.);
#3948=EDGE_CURVE('',#3187,#3186,#1307,.T.);
#3949=EDGE_CURVE('',#3188,#3187,#2610,.T.);
#3950=EDGE_CURVE('',#3189,#3188,#2611,.T.);
#3951=EDGE_CURVE('',#3190,#3189,#1308,.T.);
#3952=EDGE_CURVE('',#3191,#3190,#2612,.T.);
#3953=EDGE_CURVE('',#3192,#3191,#2613,.T.);
#3954=EDGE_CURVE('',#3193,#3192,#2614,.T.);
#3955=EDGE_CURVE('',#3194,#3193,#1309,.T.);
#3956=EDGE_CURVE('',#3195,#3194,#2615,.T.);
#3957=EDGE_CURVE('',#3196,#3195,#2616,.T.);
#3958=EDGE_CURVE('',#3197,#3196,#1310,.T.);
#3959=EDGE_CURVE('',#3198,#3197,#2617,.T.);
#3960=EDGE_CURVE('',#3199,#3198,#2618,.T.);
#3961=EDGE_CURVE('',#3200,#3199,#2619,.T.);
#3962=EDGE_CURVE('',#3201,#3200,#1311,.T.);
#3963=EDGE_CURVE('',#3202,#3201,#2620,.T.);
#3964=EDGE_CURVE('',#3203,#3202,#2621,.T.);
#3965=EDGE_CURVE('',#3204,#3203,#1312,.T.);
#3966=EDGE_CURVE('',#3205,#3204,#2622,.T.);
#3967=EDGE_CURVE('',#3206,#3205,#2623,.T.);
#3968=EDGE_CURVE('',#3207,#3206,#2624,.T.);
#3969=EDGE_CURVE('',#3207,#3208,#1313,.T.);
#3970=EDGE_CURVE('',#3208,#3209,#2625,.T.);
#3971=EDGE_CURVE('',#3209,#3210,#2626,.T.);
#3972=EDGE_CURVE('',#3210,#3211,#1314,.T.);
#3973=EDGE_CURVE('',#3212,#3211,#2627,.T.);
#3974=EDGE_CURVE('',#3213,#3212,#2628,.T.);
#3975=EDGE_CURVE('',#3214,#3213,#2629,.T.);
#3976=EDGE_CURVE('',#3215,#3214,#1315,.T.);
#3977=EDGE_CURVE('',#3216,#3215,#2630,.T.);
#3978=EDGE_CURVE('',#3217,#3216,#2631,.T.);
#3979=EDGE_CURVE('',#2911,#3217,#1316,.T.);
#3980=EDGE_CURVE('',#3218,#3218,#2632,.T.);
#3981=EDGE_CURVE('',#3218,#2909,#1317,.T.);
#3982=EDGE_CURVE('',#3219,#3219,#2633,.T.);
#3983=EDGE_CURVE('',#3220,#3209,#1318,.T.);
#3984=EDGE_CURVE('',#3221,#3208,#1319,.T.);
#3985=EDGE_CURVE('',#3220,#3221,#2634,.T.);
#3986=EDGE_CURVE('',#3222,#3220,#2635,.T.);
#3987=EDGE_CURVE('',#3222,#3210,#1320,.T.);
#3988=EDGE_CURVE('',#3223,#3207,#1321,.T.);
#3989=EDGE_CURVE('',#3221,#3223,#1322,.T.);
#3990=EDGE_CURVE('',#3211,#3224,#1323,.T.);
#3991=EDGE_CURVE('',#3224,#3222,#1324,.T.);
#3992=EDGE_CURVE('',#3224,#3225,#2636,.T.);
#3993=EDGE_CURVE('',#3225,#3212,#1325,.T.);
#3994=EDGE_CURVE('',#3226,#3205,#1326,.T.);
#3995=EDGE_CURVE('',#3227,#3226,#2637,.T.);
#3996=EDGE_CURVE('',#3206,#3227,#1327,.T.);
#3997=EDGE_CURVE('',#3227,#3223,#2638,.T.);
#3998=EDGE_CURVE('',#3228,#3202,#1328,.T.);
#3999=EDGE_CURVE('',#3229,#3201,#1329,.T.);
#4000=EDGE_CURVE('',#3229,#3228,#2639,.T.);
#4001=EDGE_CURVE('',#3228,#3230,#2640,.T.);
#4002=EDGE_CURVE('',#3230,#3203,#1330,.T.);
#4003=EDGE_CURVE('',#3231,#3200,#1331,.T.);
#4004=EDGE_CURVE('',#3231,#3229,#1332,.T.);
#4005=EDGE_CURVE('',#3232,#3231,#2641,.T.);
#4006=EDGE_CURVE('',#3199,#3232,#1333,.T.);
#4007=EDGE_CURVE('',#3204,#3233,#1334,.T.);
#4008=EDGE_CURVE('',#3230,#3233,#1335,.T.);
#4009=EDGE_CURVE('',#3233,#3226,#2642,.T.);
#4010=EDGE_CURVE('',#3234,#3198,#1336,.T.);
#4011=EDGE_CURVE('',#3232,#3234,#2643,.T.);
#4012=EDGE_CURVE('',#3235,#3195,#1337,.T.);
#4013=EDGE_CURVE('',#3236,#3194,#1338,.T.);
#4014=EDGE_CURVE('',#3236,#3235,#2644,.T.);
#4015=EDGE_CURVE('',#3235,#3237,#2645,.T.);
#4016=EDGE_CURVE('',#3237,#3196,#1339,.T.);
#4017=EDGE_CURVE('',#3238,#3193,#1340,.T.);
#4018=EDGE_CURVE('',#3238,#3236,#1341,.T.);
#4019=EDGE_CURVE('',#3239,#3238,#2646,.T.);
#4020=EDGE_CURVE('',#3192,#3239,#1342,.T.);
#4021=EDGE_CURVE('',#3197,#3240,#1343,.T.);
#4022=EDGE_CURVE('',#3237,#3240,#1344,.T.);
#4023=EDGE_CURVE('',#3240,#3234,#2647,.T.);
#4024=EDGE_CURVE('',#3241,#3191,#1345,.T.);
#4025=EDGE_CURVE('',#3239,#3241,#2648,.T.);
#4026=EDGE_CURVE('',#3242,#3188,#1346,.T.);
#4027=EDGE_CURVE('',#3243,#3187,#1347,.T.);
#4028=EDGE_CURVE('',#3243,#3242,#2649,.T.);
#4029=EDGE_CURVE('',#3242,#3244,#2650,.T.);
#4030=EDGE_CURVE('',#3244,#3189,#1348,.T.);
#4031=EDGE_CURVE('',#3245,#3186,#1349,.T.);
#4032=EDGE_CURVE('',#3245,#3243,#1350,.T.);
#4033=EDGE_CURVE('',#3246,#3245,#2651,.T.);
#4034=EDGE_CURVE('',#3185,#3246,#1351,.T.);
#4035=EDGE_CURVE('',#3190,#3247,#1352,.T.);
#4036=EDGE_CURVE('',#3244,#3247,#1353,.T.);
#4037=EDGE_CURVE('',#3247,#3241,#2652,.T.);
#4038=EDGE_CURVE('',#3248,#3184,#1354,.T.);
#4039=EDGE_CURVE('',#3246,#3248,#2653,.T.);
#4040=EDGE_CURVE('',#3249,#3181,#1355,.T.);
#4041=EDGE_CURVE('',#3250,#3180,#1356,.T.);
#4042=EDGE_CURVE('',#3250,#3249,#2654,.T.);
#4043=EDGE_CURVE('',#3249,#3251,#2655,.T.);
#4044=EDGE_CURVE('',#3251,#3182,#1357,.T.);
#4045=EDGE_CURVE('',#3252,#3179,#1358,.T.);
#4046=EDGE_CURVE('',#3252,#3250,#1359,.T.);
#4047=EDGE_CURVE('',#3253,#3252,#2656,.T.);
#4048=EDGE_CURVE('',#3178,#3253,#1360,.T.);
#4049=EDGE_CURVE('',#3183,#3254,#1361,.T.);
#4050=EDGE_CURVE('',#3251,#3254,#1362,.T.);
#4051=EDGE_CURVE('',#3254,#3248,#2657,.T.);
#4052=EDGE_CURVE('',#3255,#3177,#1363,.T.);
#4053=EDGE_CURVE('',#3253,#3255,#2658,.T.);
#4054=EDGE_CURVE('',#3256,#3174,#1364,.T.);
#4055=EDGE_CURVE('',#3257,#3173,#1365,.T.);
#4056=EDGE_CURVE('',#3257,#3256,#2659,.T.);
#4057=EDGE_CURVE('',#3256,#3258,#2660,.T.);
#4058=EDGE_CURVE('',#3258,#3175,#1366,.T.);
#4059=EDGE_CURVE('',#3259,#3172,#1367,.T.);
#4060=EDGE_CURVE('',#3259,#3257,#1368,.T.);
#4061=EDGE_CURVE('',#3260,#3259,#2661,.T.);
#4062=EDGE_CURVE('',#3171,#3260,#1369,.T.);
#4063=EDGE_CURVE('',#3176,#3261,#1370,.T.);
#4064=EDGE_CURVE('',#3258,#3261,#1371,.T.);
#4065=EDGE_CURVE('',#3261,#3255,#2662,.T.);
#4066=EDGE_CURVE('',#3262,#3170,#1372,.T.);
#4067=EDGE_CURVE('',#3260,#3262,#2663,.T.);
#4068=EDGE_CURVE('',#3263,#3167,#1373,.T.);
#4069=EDGE_CURVE('',#3264,#3166,#1374,.T.);
#4070=EDGE_CURVE('',#3264,#3263,#2664,.T.);
#4071=EDGE_CURVE('',#3263,#3265,#2665,.T.);
#4072=EDGE_CURVE('',#3265,#3168,#1375,.T.);
#4073=EDGE_CURVE('',#3266,#3165,#1376,.T.);
#4074=EDGE_CURVE('',#3266,#3264,#1377,.T.);
#4075=EDGE_CURVE('',#3267,#3266,#2666,.T.);
#4076=EDGE_CURVE('',#3164,#3267,#1378,.T.);
#4077=EDGE_CURVE('',#3169,#3268,#1379,.T.);
#4078=EDGE_CURVE('',#3265,#3268,#1380,.T.);
#4079=EDGE_CURVE('',#3268,#3262,#2667,.T.);
#4080=EDGE_CURVE('',#3269,#3163,#1381,.T.);
#4081=EDGE_CURVE('',#3267,#3269,#2668,.T.);
#4082=EDGE_CURVE('',#3270,#3160,#1382,.T.);
#4083=EDGE_CURVE('',#3271,#3159,#1383,.T.);
#4084=EDGE_CURVE('',#3271,#3270,#2669,.T.);
#4085=EDGE_CURVE('',#3270,#3272,#2670,.T.);
#4086=EDGE_CURVE('',#3272,#3161,#1384,.T.);
#4087=EDGE_CURVE('',#3273,#3158,#1385,.T.);
#4088=EDGE_CURVE('',#3273,#3271,#1386,.T.);
#4089=EDGE_CURVE('',#3274,#3273,#2671,.T.);
#4090=EDGE_CURVE('',#3157,#3274,#1387,.T.);
#4091=EDGE_CURVE('',#3162,#3275,#1388,.T.);
#4092=EDGE_CURVE('',#3272,#3275,#1389,.T.);
#4093=EDGE_CURVE('',#3275,#3269,#2672,.T.);
#4094=EDGE_CURVE('',#3276,#3156,#1390,.T.);
#4095=EDGE_CURVE('',#3274,#3276,#2673,.T.);
#4096=EDGE_CURVE('',#3277,#3153,#1391,.T.);
#4097=EDGE_CURVE('',#3278,#3152,#1392,.T.);
#4098=EDGE_CURVE('',#3278,#3277,#2674,.T.);
#4099=EDGE_CURVE('',#3277,#3279,#2675,.T.);
#4100=EDGE_CURVE('',#3279,#3154,#1393,.T.);
#4101=EDGE_CURVE('',#3280,#3151,#1394,.T.);
#4102=EDGE_CURVE('',#3280,#3278,#1395,.T.);
#4103=EDGE_CURVE('',#3281,#3280,#2676,.T.);
#4104=EDGE_CURVE('',#3150,#3281,#1396,.T.);
#4105=EDGE_CURVE('',#3155,#3282,#1397,.T.);
#4106=EDGE_CURVE('',#3279,#3282,#1398,.T.);
#4107=EDGE_CURVE('',#3282,#3276,#2677,.T.);
#4108=EDGE_CURVE('',#3283,#3149,#1399,.T.);
#4109=EDGE_CURVE('',#3281,#3283,#2678,.T.);
#4110=EDGE_CURVE('',#3284,#3146,#1400,.T.);
#4111=EDGE_CURVE('',#3285,#3145,#1401,.T.);
#4112=EDGE_CURVE('',#3285,#3284,#2679,.T.);
#4113=EDGE_CURVE('',#3284,#3286,#2680,.T.);
#4114=EDGE_CURVE('',#3286,#3147,#1402,.T.);
#4115=EDGE_CURVE('',#3287,#3144,#1403,.T.);
#4116=EDGE_CURVE('',#3287,#3285,#1404,.T.);
#4117=EDGE_CURVE('',#3288,#3287,#2681,.T.);
#4118=EDGE_CURVE('',#3143,#3288,#1405,.T.);
#4119=EDGE_CURVE('',#3148,#3289,#1406,.T.);
#4120=EDGE_CURVE('',#3286,#3289,#1407,.T.);
#4121=EDGE_CURVE('',#3289,#3283,#2682,.T.);
#4122=EDGE_CURVE('',#3290,#3142,#1408,.T.);
#4123=EDGE_CURVE('',#3288,#3290,#2683,.T.);
#4124=EDGE_CURVE('',#3291,#3139,#1409,.T.);
#4125=EDGE_CURVE('',#3292,#3138,#1410,.T.);
#4126=EDGE_CURVE('',#3292,#3291,#2684,.T.);
#4127=EDGE_CURVE('',#3291,#3293,#2685,.T.);
#4128=EDGE_CURVE('',#3293,#3140,#1411,.T.);
#4129=EDGE_CURVE('',#3294,#3137,#1412,.T.);
#4130=EDGE_CURVE('',#3294,#3292,#1413,.T.);
#4131=EDGE_CURVE('',#3295,#3294,#2686,.T.);
#4132=EDGE_CURVE('',#3136,#3295,#1414,.T.);
#4133=EDGE_CURVE('',#3141,#3296,#1415,.T.);
#4134=EDGE_CURVE('',#3293,#3296,#1416,.T.);
#4135=EDGE_CURVE('',#3296,#3290,#2687,.T.);
#4136=EDGE_CURVE('',#3297,#3135,#1417,.T.);
#4137=EDGE_CURVE('',#3295,#3297,#2688,.T.);
#4138=EDGE_CURVE('',#3298,#3132,#1418,.T.);
#4139=EDGE_CURVE('',#3299,#3131,#1419,.T.);
#4140=EDGE_CURVE('',#3299,#3298,#2689,.T.);
#4141=EDGE_CURVE('',#3298,#3300,#2690,.T.);
#4142=EDGE_CURVE('',#3300,#3133,#1420,.T.);
#4143=EDGE_CURVE('',#3301,#3130,#1421,.T.);
#4144=EDGE_CURVE('',#3301,#3299,#1422,.T.);
#4145=EDGE_CURVE('',#3302,#3301,#2691,.T.);
#4146=EDGE_CURVE('',#3129,#3302,#1423,.T.);
#4147=EDGE_CURVE('',#3134,#3303,#1424,.T.);
#4148=EDGE_CURVE('',#3300,#3303,#1425,.T.);
#4149=EDGE_CURVE('',#3303,#3297,#2692,.T.);
#4150=EDGE_CURVE('',#3304,#3128,#1426,.T.);
#4151=EDGE_CURVE('',#3302,#3304,#2693,.T.);
#4152=EDGE_CURVE('',#3305,#3125,#1427,.T.);
#4153=EDGE_CURVE('',#3306,#3124,#1428,.T.);
#4154=EDGE_CURVE('',#3306,#3305,#2694,.T.);
#4155=EDGE_CURVE('',#3305,#3307,#2695,.T.);
#4156=EDGE_CURVE('',#3307,#3126,#1429,.T.);
#4157=EDGE_CURVE('',#3308,#3123,#1430,.T.);
#4158=EDGE_CURVE('',#3308,#3306,#1431,.T.);
#4159=EDGE_CURVE('',#3309,#3308,#2696,.T.);
#4160=EDGE_CURVE('',#3122,#3309,#1432,.T.);
#4161=EDGE_CURVE('',#3127,#3310,#1433,.T.);
#4162=EDGE_CURVE('',#3307,#3310,#1434,.T.);
#4163=EDGE_CURVE('',#3310,#3304,#2697,.T.);
#4164=EDGE_CURVE('',#3311,#3121,#1435,.T.);
#4165=EDGE_CURVE('',#3309,#3311,#2698,.T.);
#4166=EDGE_CURVE('',#3312,#3118,#1436,.T.);
#4167=EDGE_CURVE('',#3313,#3117,#1437,.T.);
#4168=EDGE_CURVE('',#3313,#3312,#2699,.T.);
#4169=EDGE_CURVE('',#3312,#3314,#2700,.T.);
#4170=EDGE_CURVE('',#3314,#3119,#1438,.T.);
#4171=EDGE_CURVE('',#3315,#3116,#1439,.T.);
#4172=EDGE_CURVE('',#3315,#3313,#1440,.T.);
#4173=EDGE_CURVE('',#3316,#3315,#2701,.T.);
#4174=EDGE_CURVE('',#3115,#3316,#1441,.T.);
#4175=EDGE_CURVE('',#3120,#3317,#1442,.T.);
#4176=EDGE_CURVE('',#3314,#3317,#1443,.T.);
#4177=EDGE_CURVE('',#3317,#3311,#2702,.T.);
#4178=EDGE_CURVE('',#3318,#3114,#1444,.T.);
#4179=EDGE_CURVE('',#3316,#3318,#2703,.T.);
#4180=EDGE_CURVE('',#3319,#3111,#1445,.T.);
#4181=EDGE_CURVE('',#3320,#3110,#1446,.T.);
#4182=EDGE_CURVE('',#3320,#3319,#2704,.T.);
#4183=EDGE_CURVE('',#3319,#3321,#2705,.T.);
#4184=EDGE_CURVE('',#3321,#3112,#1447,.T.);
#4185=EDGE_CURVE('',#3322,#3109,#1448,.T.);
#4186=EDGE_CURVE('',#3322,#3320,#1449,.T.);
#4187=EDGE_CURVE('',#3323,#3322,#2706,.T.);
#4188=EDGE_CURVE('',#3108,#3323,#1450,.T.);
#4189=EDGE_CURVE('',#3113,#3324,#1451,.T.);
#4190=EDGE_CURVE('',#3321,#3324,#1452,.T.);
#4191=EDGE_CURVE('',#3324,#3318,#2707,.T.);
#4192=EDGE_CURVE('',#3325,#3107,#1453,.T.);
#4193=EDGE_CURVE('',#3323,#3325,#2708,.T.);
#4194=EDGE_CURVE('',#3326,#3104,#1454,.T.);
#4195=EDGE_CURVE('',#3327,#3103,#1455,.T.);
#4196=EDGE_CURVE('',#3327,#3326,#2709,.T.);
#4197=EDGE_CURVE('',#3326,#3328,#2710,.T.);
#4198=EDGE_CURVE('',#3328,#3105,#1456,.T.);
#4199=EDGE_CURVE('',#3329,#3102,#1457,.T.);
#4200=EDGE_CURVE('',#3329,#3327,#1458,.T.);
#4201=EDGE_CURVE('',#3330,#3329,#2711,.T.);
#4202=EDGE_CURVE('',#3101,#3330,#1459,.T.);
#4203=EDGE_CURVE('',#3106,#3331,#1460,.T.);
#4204=EDGE_CURVE('',#3328,#3331,#1461,.T.);
#4205=EDGE_CURVE('',#3331,#3325,#2712,.T.);
#4206=EDGE_CURVE('',#3332,#3100,#1462,.T.);
#4207=EDGE_CURVE('',#3330,#3332,#2713,.T.);
#4208=EDGE_CURVE('',#3333,#3097,#1463,.T.);
#4209=EDGE_CURVE('',#3334,#3096,#1464,.T.);
#4210=EDGE_CURVE('',#3334,#3333,#2714,.T.);
#4211=EDGE_CURVE('',#3333,#3335,#2715,.T.);
#4212=EDGE_CURVE('',#3335,#3098,#1465,.T.);
#4213=EDGE_CURVE('',#3336,#3095,#1466,.T.);
#4214=EDGE_CURVE('',#3336,#3334,#1467,.T.);
#4215=EDGE_CURVE('',#3337,#3336,#2716,.T.);
#4216=EDGE_CURVE('',#3094,#3337,#1468,.T.);
#4217=EDGE_CURVE('',#3099,#3338,#1469,.T.);
#4218=EDGE_CURVE('',#3335,#3338,#1470,.T.);
#4219=EDGE_CURVE('',#3338,#3332,#2717,.T.);
#4220=EDGE_CURVE('',#3339,#3093,#1471,.T.);
#4221=EDGE_CURVE('',#3337,#3339,#2718,.T.);
#4222=EDGE_CURVE('',#3340,#3090,#1472,.T.);
#4223=EDGE_CURVE('',#3341,#3089,#1473,.T.);
#4224=EDGE_CURVE('',#3341,#3340,#2719,.T.);
#4225=EDGE_CURVE('',#3340,#3342,#2720,.T.);
#4226=EDGE_CURVE('',#3342,#3091,#1474,.T.);
#4227=EDGE_CURVE('',#3343,#3088,#1475,.T.);
#4228=EDGE_CURVE('',#3343,#3341,#1476,.T.);
#4229=EDGE_CURVE('',#3344,#3343,#2721,.T.);
#4230=EDGE_CURVE('',#3087,#3344,#1477,.T.);
#4231=EDGE_CURVE('',#3092,#3345,#1478,.T.);
#4232=EDGE_CURVE('',#3342,#3345,#1479,.T.);
#4233=EDGE_CURVE('',#3345,#3339,#2722,.T.);
#4234=EDGE_CURVE('',#3346,#3086,#1480,.T.);
#4235=EDGE_CURVE('',#3344,#3346,#2723,.T.);
#4236=EDGE_CURVE('',#3347,#3083,#1481,.T.);
#4237=EDGE_CURVE('',#3348,#3082,#1482,.T.);
#4238=EDGE_CURVE('',#3348,#3347,#2724,.T.);
#4239=EDGE_CURVE('',#3347,#3349,#2725,.T.);
#4240=EDGE_CURVE('',#3349,#3084,#1483,.T.);
#4241=EDGE_CURVE('',#3350,#3081,#1484,.T.);
#4242=EDGE_CURVE('',#3350,#3348,#1485,.T.);
#4243=EDGE_CURVE('',#3351,#3350,#2726,.T.);
#4244=EDGE_CURVE('',#3080,#3351,#1486,.T.);
#4245=EDGE_CURVE('',#3085,#3352,#1487,.T.);
#4246=EDGE_CURVE('',#3349,#3352,#1488,.T.);
#4247=EDGE_CURVE('',#3352,#3346,#2727,.T.);
#4248=EDGE_CURVE('',#3353,#3079,#1489,.T.);
#4249=EDGE_CURVE('',#3351,#3353,#2728,.T.);
#4250=EDGE_CURVE('',#3354,#3076,#1490,.T.);
#4251=EDGE_CURVE('',#3355,#3075,#1491,.T.);
#4252=EDGE_CURVE('',#3355,#3354,#2729,.T.);
#4253=EDGE_CURVE('',#3354,#3356,#2730,.T.);
#4254=EDGE_CURVE('',#3356,#3077,#1492,.T.);
#4255=EDGE_CURVE('',#3357,#3074,#1493,.T.);
#4256=EDGE_CURVE('',#3357,#3355,#1494,.T.);
#4257=EDGE_CURVE('',#3358,#3357,#2731,.T.);
#4258=EDGE_CURVE('',#3073,#3358,#1495,.T.);
#4259=EDGE_CURVE('',#3078,#3359,#1496,.T.);
#4260=EDGE_CURVE('',#3356,#3359,#1497,.T.);
#4261=EDGE_CURVE('',#3359,#3353,#2732,.T.);
#4262=EDGE_CURVE('',#3360,#3072,#1498,.T.);
#4263=EDGE_CURVE('',#3358,#3360,#2733,.T.);
#4264=EDGE_CURVE('',#3361,#3069,#1499,.T.);
#4265=EDGE_CURVE('',#3362,#3068,#1500,.T.);
#4266=EDGE_CURVE('',#3362,#3361,#2734,.T.);
#4267=EDGE_CURVE('',#3361,#3363,#2735,.T.);
#4268=EDGE_CURVE('',#3363,#3070,#1501,.T.);
#4269=EDGE_CURVE('',#3364,#3067,#1502,.T.);
#4270=EDGE_CURVE('',#3364,#3362,#1503,.T.);
#4271=EDGE_CURVE('',#3365,#3364,#2736,.T.);
#4272=EDGE_CURVE('',#3066,#3365,#1504,.T.);
#4273=EDGE_CURVE('',#3071,#3366,#1505,.T.);
#4274=EDGE_CURVE('',#3363,#3366,#1506,.T.);
#4275=EDGE_CURVE('',#3366,#3360,#2737,.T.);
#4276=EDGE_CURVE('',#3367,#3065,#1507,.T.);
#4277=EDGE_CURVE('',#3365,#3367,#2738,.T.);
#4278=EDGE_CURVE('',#3368,#3062,#1508,.T.);
#4279=EDGE_CURVE('',#3369,#3061,#1509,.T.);
#4280=EDGE_CURVE('',#3369,#3368,#2739,.T.);
#4281=EDGE_CURVE('',#3368,#3370,#2740,.T.);
#4282=EDGE_CURVE('',#3370,#3063,#1510,.T.);
#4283=EDGE_CURVE('',#3371,#3060,#1511,.T.);
#4284=EDGE_CURVE('',#3371,#3369,#1512,.T.);
#4285=EDGE_CURVE('',#3372,#3371,#2741,.T.);
#4286=EDGE_CURVE('',#3059,#3372,#1513,.T.);
#4287=EDGE_CURVE('',#3064,#3373,#1514,.T.);
#4288=EDGE_CURVE('',#3370,#3373,#1515,.T.);
#4289=EDGE_CURVE('',#3373,#3367,#2742,.T.);
#4290=EDGE_CURVE('',#3374,#3058,#1516,.T.);
#4291=EDGE_CURVE('',#3372,#3374,#2743,.T.);
#4292=EDGE_CURVE('',#3375,#3055,#1517,.T.);
#4293=EDGE_CURVE('',#3376,#3054,#1518,.T.);
#4294=EDGE_CURVE('',#3376,#3375,#2744,.T.);
#4295=EDGE_CURVE('',#3375,#3377,#2745,.T.);
#4296=EDGE_CURVE('',#3377,#3056,#1519,.T.);
#4297=EDGE_CURVE('',#3378,#3053,#1520,.T.);
#4298=EDGE_CURVE('',#3378,#3376,#1521,.T.);
#4299=EDGE_CURVE('',#3379,#3378,#2746,.T.);
#4300=EDGE_CURVE('',#3052,#3379,#1522,.T.);
#4301=EDGE_CURVE('',#3057,#3380,#1523,.T.);
#4302=EDGE_CURVE('',#3377,#3380,#1524,.T.);
#4303=EDGE_CURVE('',#3380,#3374,#2747,.T.);
#4304=EDGE_CURVE('',#3381,#3051,#1525,.T.);
#4305=EDGE_CURVE('',#3379,#3381,#2748,.T.);
#4306=EDGE_CURVE('',#3382,#3048,#1526,.T.);
#4307=EDGE_CURVE('',#3383,#3047,#1527,.T.);
#4308=EDGE_CURVE('',#3383,#3382,#2749,.T.);
#4309=EDGE_CURVE('',#3382,#3384,#2750,.T.);
#4310=EDGE_CURVE('',#3384,#3049,#1528,.T.);
#4311=EDGE_CURVE('',#3385,#3046,#1529,.T.);
#4312=EDGE_CURVE('',#3385,#3383,#1530,.T.);
#4313=EDGE_CURVE('',#3386,#3385,#2751,.T.);
#4314=EDGE_CURVE('',#3045,#3386,#1531,.T.);
#4315=EDGE_CURVE('',#3050,#3387,#1532,.T.);
#4316=EDGE_CURVE('',#3384,#3387,#1533,.T.);
#4317=EDGE_CURVE('',#3387,#3381,#2752,.T.);
#4318=EDGE_CURVE('',#3388,#3044,#1534,.T.);
#4319=EDGE_CURVE('',#3386,#3388,#2753,.T.);
#4320=EDGE_CURVE('',#3389,#3041,#1535,.T.);
#4321=EDGE_CURVE('',#3390,#3040,#1536,.T.);
#4322=EDGE_CURVE('',#3390,#3389,#2754,.T.);
#4323=EDGE_CURVE('',#3389,#3391,#2755,.T.);
#4324=EDGE_CURVE('',#3391,#3042,#1537,.T.);
#4325=EDGE_CURVE('',#3392,#3039,#1538,.T.);
#4326=EDGE_CURVE('',#3392,#3390,#1539,.T.);
#4327=EDGE_CURVE('',#3393,#3392,#2756,.T.);
#4328=EDGE_CURVE('',#3038,#3393,#1540,.T.);
#4329=EDGE_CURVE('',#3043,#3394,#1541,.T.);
#4330=EDGE_CURVE('',#3391,#3394,#1542,.T.);
#4331=EDGE_CURVE('',#3394,#3388,#2757,.T.);
#4332=EDGE_CURVE('',#3395,#3037,#1543,.T.);
#4333=EDGE_CURVE('',#3393,#3395,#2758,.T.);
#4334=EDGE_CURVE('',#3396,#3034,#1544,.T.);
#4335=EDGE_CURVE('',#3397,#3033,#1545,.T.);
#4336=EDGE_CURVE('',#3397,#3396,#2759,.T.);
#4337=EDGE_CURVE('',#3396,#3398,#2760,.T.);
#4338=EDGE_CURVE('',#3398,#3035,#1546,.T.);
#4339=EDGE_CURVE('',#3399,#3032,#1547,.T.);
#4340=EDGE_CURVE('',#3399,#3397,#1548,.T.);
#4341=EDGE_CURVE('',#3400,#3399,#2761,.T.);
#4342=EDGE_CURVE('',#3031,#3400,#1549,.T.);
#4343=EDGE_CURVE('',#3036,#3401,#1550,.T.);
#4344=EDGE_CURVE('',#3398,#3401,#1551,.T.);
#4345=EDGE_CURVE('',#3401,#3395,#2762,.T.);
#4346=EDGE_CURVE('',#3402,#3030,#1552,.T.);
#4347=EDGE_CURVE('',#3400,#3402,#2763,.T.);
#4348=EDGE_CURVE('',#3403,#3027,#1553,.T.);
#4349=EDGE_CURVE('',#3404,#3026,#1554,.T.);
#4350=EDGE_CURVE('',#3404,#3403,#2764,.T.);
#4351=EDGE_CURVE('',#3403,#3405,#2765,.T.);
#4352=EDGE_CURVE('',#3405,#3028,#1555,.T.);
#4353=EDGE_CURVE('',#3406,#3025,#1556,.T.);
#4354=EDGE_CURVE('',#3406,#3404,#1557,.T.);
#4355=EDGE_CURVE('',#3407,#3406,#2766,.T.);
#4356=EDGE_CURVE('',#3024,#3407,#1558,.T.);
#4357=EDGE_CURVE('',#3029,#3408,#1559,.T.);
#4358=EDGE_CURVE('',#3405,#3408,#1560,.T.);
#4359=EDGE_CURVE('',#3408,#3402,#2767,.T.);
#4360=EDGE_CURVE('',#3409,#3023,#1561,.T.);
#4361=EDGE_CURVE('',#3407,#3409,#2768,.T.);
#4362=EDGE_CURVE('',#3410,#3020,#1562,.T.);
#4363=EDGE_CURVE('',#3411,#3019,#1563,.T.);
#4364=EDGE_CURVE('',#3411,#3410,#2769,.T.);
#4365=EDGE_CURVE('',#3410,#3412,#2770,.T.);
#4366=EDGE_CURVE('',#3412,#3021,#1564,.T.);
#4367=EDGE_CURVE('',#3413,#3018,#1565,.T.);
#4368=EDGE_CURVE('',#3413,#3411,#1566,.T.);
#4369=EDGE_CURVE('',#3414,#3413,#2771,.T.);
#4370=EDGE_CURVE('',#3017,#3414,#1567,.T.);
#4371=EDGE_CURVE('',#3022,#3415,#1568,.T.);
#4372=EDGE_CURVE('',#3412,#3415,#1569,.T.);
#4373=EDGE_CURVE('',#3415,#3409,#2772,.T.);
#4374=EDGE_CURVE('',#3416,#3016,#1570,.T.);
#4375=EDGE_CURVE('',#3414,#3416,#2773,.T.);
#4376=EDGE_CURVE('',#3417,#3013,#1571,.T.);
#4377=EDGE_CURVE('',#3418,#3012,#1572,.T.);
#4378=EDGE_CURVE('',#3418,#3417,#2774,.T.);
#4379=EDGE_CURVE('',#3417,#3419,#2775,.T.);
#4380=EDGE_CURVE('',#3419,#3014,#1573,.T.);
#4381=EDGE_CURVE('',#3420,#3011,#1574,.T.);
#4382=EDGE_CURVE('',#3420,#3418,#1575,.T.);
#4383=EDGE_CURVE('',#3421,#3420,#2776,.T.);
#4384=EDGE_CURVE('',#3010,#3421,#1576,.T.);
#4385=EDGE_CURVE('',#3015,#3422,#1577,.T.);
#4386=EDGE_CURVE('',#3419,#3422,#1578,.T.);
#4387=EDGE_CURVE('',#3422,#3416,#2777,.T.);
#4388=EDGE_CURVE('',#3423,#3009,#1579,.T.);
#4389=EDGE_CURVE('',#3421,#3423,#2778,.T.);
#4390=EDGE_CURVE('',#3424,#3006,#1580,.T.);
#4391=EDGE_CURVE('',#3425,#3005,#1581,.T.);
#4392=EDGE_CURVE('',#3425,#3424,#2779,.T.);
#4393=EDGE_CURVE('',#3424,#3426,#2780,.T.);
#4394=EDGE_CURVE('',#3426,#3007,#1582,.T.);
#4395=EDGE_CURVE('',#3427,#3004,#1583,.T.);
#4396=EDGE_CURVE('',#3427,#3425,#1584,.T.);
#4397=EDGE_CURVE('',#3428,#3427,#2781,.T.);
#4398=EDGE_CURVE('',#3003,#3428,#1585,.T.);
#4399=EDGE_CURVE('',#3008,#3429,#1586,.T.);
#4400=EDGE_CURVE('',#3426,#3429,#1587,.T.);
#4401=EDGE_CURVE('',#3429,#3423,#2782,.T.);
#4402=EDGE_CURVE('',#3430,#3002,#1588,.T.);
#4403=EDGE_CURVE('',#3428,#3430,#2783,.T.);
#4404=EDGE_CURVE('',#3431,#2999,#1589,.T.);
#4405=EDGE_CURVE('',#3432,#2998,#1590,.T.);
#4406=EDGE_CURVE('',#3432,#3431,#2784,.T.);
#4407=EDGE_CURVE('',#3431,#3433,#2785,.T.);
#4408=EDGE_CURVE('',#3433,#3000,#1591,.T.);
#4409=EDGE_CURVE('',#3434,#2997,#1592,.T.);
#4410=EDGE_CURVE('',#3434,#3432,#1593,.T.);
#4411=EDGE_CURVE('',#3435,#3434,#2786,.T.);
#4412=EDGE_CURVE('',#2996,#3435,#1594,.T.);
#4413=EDGE_CURVE('',#3001,#3436,#1595,.T.);
#4414=EDGE_CURVE('',#3433,#3436,#1596,.T.);
#4415=EDGE_CURVE('',#3436,#3430,#2787,.T.);
#4416=EDGE_CURVE('',#3437,#2995,#1597,.T.);
#4417=EDGE_CURVE('',#3435,#3437,#2788,.T.);
#4418=EDGE_CURVE('',#3438,#2992,#1598,.T.);
#4419=EDGE_CURVE('',#3439,#2991,#1599,.T.);
#4420=EDGE_CURVE('',#3439,#3438,#2789,.T.);
#4421=EDGE_CURVE('',#3438,#3440,#2790,.T.);
#4422=EDGE_CURVE('',#3440,#2993,#1600,.T.);
#4423=EDGE_CURVE('',#3441,#2990,#1601,.T.);
#4424=EDGE_CURVE('',#3441,#3439,#1602,.T.);
#4425=EDGE_CURVE('',#3442,#3441,#2791,.T.);
#4426=EDGE_CURVE('',#2989,#3442,#1603,.T.);
#4427=EDGE_CURVE('',#2994,#3443,#1604,.T.);
#4428=EDGE_CURVE('',#3440,#3443,#1605,.T.);
#4429=EDGE_CURVE('',#3443,#3437,#2792,.T.);
#4430=EDGE_CURVE('',#3444,#2988,#1606,.T.);
#4431=EDGE_CURVE('',#3442,#3444,#2793,.T.);
#4432=EDGE_CURVE('',#3445,#2985,#1607,.T.);
#4433=EDGE_CURVE('',#3446,#2984,#1608,.T.);
#4434=EDGE_CURVE('',#3446,#3445,#2794,.T.);
#4435=EDGE_CURVE('',#3445,#3447,#2795,.T.);
#4436=EDGE_CURVE('',#3447,#2986,#1609,.T.);
#4437=EDGE_CURVE('',#3448,#2983,#1610,.T.);
#4438=EDGE_CURVE('',#3448,#3446,#1611,.T.);
#4439=EDGE_CURVE('',#3449,#3448,#2796,.T.);
#4440=EDGE_CURVE('',#2982,#3449,#1612,.T.);
#4441=EDGE_CURVE('',#2987,#3450,#1613,.T.);
#4442=EDGE_CURVE('',#3447,#3450,#1614,.T.);
#4443=EDGE_CURVE('',#3450,#3444,#2797,.T.);
#4444=EDGE_CURVE('',#3451,#2981,#1615,.T.);
#4445=EDGE_CURVE('',#3449,#3451,#2798,.T.);
#4446=EDGE_CURVE('',#3452,#2978,#1616,.T.);
#4447=EDGE_CURVE('',#3453,#2977,#1617,.T.);
#4448=EDGE_CURVE('',#3453,#3452,#2799,.T.);
#4449=EDGE_CURVE('',#3452,#3454,#2800,.T.);
#4450=EDGE_CURVE('',#3454,#2979,#1618,.T.);
#4451=EDGE_CURVE('',#3455,#2976,#1619,.T.);
#4452=EDGE_CURVE('',#3455,#3453,#1620,.T.);
#4453=EDGE_CURVE('',#3456,#3455,#2801,.T.);
#4454=EDGE_CURVE('',#2975,#3456,#1621,.T.);
#4455=EDGE_CURVE('',#2980,#3457,#1622,.T.);
#4456=EDGE_CURVE('',#3454,#3457,#1623,.T.);
#4457=EDGE_CURVE('',#3457,#3451,#2802,.T.);
#4458=EDGE_CURVE('',#3458,#2974,#1624,.T.);
#4459=EDGE_CURVE('',#3456,#3458,#2803,.T.);
#4460=EDGE_CURVE('',#3459,#2971,#1625,.T.);
#4461=EDGE_CURVE('',#3460,#2970,#1626,.T.);
#4462=EDGE_CURVE('',#3460,#3459,#2804,.T.);
#4463=EDGE_CURVE('',#3459,#3461,#2805,.T.);
#4464=EDGE_CURVE('',#3461,#2972,#1627,.T.);
#4465=EDGE_CURVE('',#3462,#2969,#1628,.T.);
#4466=EDGE_CURVE('',#3462,#3460,#1629,.T.);
#4467=EDGE_CURVE('',#3463,#3462,#2806,.T.);
#4468=EDGE_CURVE('',#2968,#3463,#1630,.T.);
#4469=EDGE_CURVE('',#2973,#3464,#1631,.T.);
#4470=EDGE_CURVE('',#3461,#3464,#1632,.T.);
#4471=EDGE_CURVE('',#3464,#3458,#2807,.T.);
#4472=EDGE_CURVE('',#3465,#2967,#1633,.T.);
#4473=EDGE_CURVE('',#3463,#3465,#2808,.T.);
#4474=EDGE_CURVE('',#3466,#2964,#1634,.T.);
#4475=EDGE_CURVE('',#3467,#2963,#1635,.T.);
#4476=EDGE_CURVE('',#3467,#3466,#2809,.T.);
#4477=EDGE_CURVE('',#3466,#3468,#2810,.T.);
#4478=EDGE_CURVE('',#3468,#2965,#1636,.T.);
#4479=EDGE_CURVE('',#3469,#2962,#1637,.T.);
#4480=EDGE_CURVE('',#3469,#3467,#1638,.T.);
#4481=EDGE_CURVE('',#3470,#3469,#2811,.T.);
#4482=EDGE_CURVE('',#2961,#3470,#1639,.T.);
#4483=EDGE_CURVE('',#2966,#3471,#1640,.T.);
#4484=EDGE_CURVE('',#3468,#3471,#1641,.T.);
#4485=EDGE_CURVE('',#3471,#3465,#2812,.T.);
#4486=EDGE_CURVE('',#3472,#2960,#1642,.T.);
#4487=EDGE_CURVE('',#3470,#3472,#2813,.T.);
#4488=EDGE_CURVE('',#3473,#2957,#1643,.T.);
#4489=EDGE_CURVE('',#3474,#2956,#1644,.T.);
#4490=EDGE_CURVE('',#3474,#3473,#2814,.T.);
#4491=EDGE_CURVE('',#3473,#3475,#2815,.T.);
#4492=EDGE_CURVE('',#3475,#2958,#1645,.T.);
#4493=EDGE_CURVE('',#3476,#2955,#1646,.T.);
#4494=EDGE_CURVE('',#3476,#3474,#1647,.T.);
#4495=EDGE_CURVE('',#3477,#3476,#2816,.T.);
#4496=EDGE_CURVE('',#2954,#3477,#1648,.T.);
#4497=EDGE_CURVE('',#2959,#3478,#1649,.T.);
#4498=EDGE_CURVE('',#3475,#3478,#1650,.T.);
#4499=EDGE_CURVE('',#3478,#3472,#2817,.T.);
#4500=EDGE_CURVE('',#3479,#2953,#1651,.T.);
#4501=EDGE_CURVE('',#3477,#3479,#2818,.T.);
#4502=EDGE_CURVE('',#3480,#2950,#1652,.T.);
#4503=EDGE_CURVE('',#3481,#2949,#1653,.T.);
#4504=EDGE_CURVE('',#3481,#3480,#2819,.T.);
#4505=EDGE_CURVE('',#3480,#3482,#2820,.T.);
#4506=EDGE_CURVE('',#3482,#2951,#1654,.T.);
#4507=EDGE_CURVE('',#3483,#2948,#1655,.T.);
#4508=EDGE_CURVE('',#3483,#3481,#1656,.T.);
#4509=EDGE_CURVE('',#3484,#3483,#2821,.T.);
#4510=EDGE_CURVE('',#2947,#3484,#1657,.T.);
#4511=EDGE_CURVE('',#2952,#3485,#1658,.T.);
#4512=EDGE_CURVE('',#3482,#3485,#1659,.T.);
#4513=EDGE_CURVE('',#3485,#3479,#2822,.T.);
#4514=EDGE_CURVE('',#3486,#2946,#1660,.T.);
#4515=EDGE_CURVE('',#3484,#3486,#2823,.T.);
#4516=EDGE_CURVE('',#3487,#2943,#1661,.T.);
#4517=EDGE_CURVE('',#3488,#2942,#1662,.T.);
#4518=EDGE_CURVE('',#3488,#3487,#2824,.T.);
#4519=EDGE_CURVE('',#3487,#3489,#2825,.T.);
#4520=EDGE_CURVE('',#3489,#2944,#1663,.T.);
#4521=EDGE_CURVE('',#3490,#2941,#1664,.T.);
#4522=EDGE_CURVE('',#3490,#3488,#1665,.T.);
#4523=EDGE_CURVE('',#3491,#3490,#2826,.T.);
#4524=EDGE_CURVE('',#2940,#3491,#1666,.T.);
#4525=EDGE_CURVE('',#2945,#3492,#1667,.T.);
#4526=EDGE_CURVE('',#3489,#3492,#1668,.T.);
#4527=EDGE_CURVE('',#3492,#3486,#2827,.T.);
#4528=EDGE_CURVE('',#3493,#2939,#1669,.T.);
#4529=EDGE_CURVE('',#3491,#3493,#2828,.T.);
#4530=EDGE_CURVE('',#3494,#2936,#1670,.T.);
#4531=EDGE_CURVE('',#3495,#2935,#1671,.T.);
#4532=EDGE_CURVE('',#3495,#3494,#2829,.T.);
#4533=EDGE_CURVE('',#3494,#3496,#2830,.T.);
#4534=EDGE_CURVE('',#3496,#2937,#1672,.T.);
#4535=EDGE_CURVE('',#3497,#2934,#1673,.T.);
#4536=EDGE_CURVE('',#3497,#3495,#1674,.T.);
#4537=EDGE_CURVE('',#3498,#3497,#2831,.T.);
#4538=EDGE_CURVE('',#2933,#3498,#1675,.T.);
#4539=EDGE_CURVE('',#2938,#3499,#1676,.T.);
#4540=EDGE_CURVE('',#3496,#3499,#1677,.T.);
#4541=EDGE_CURVE('',#3499,#3493,#2832,.T.);
#4542=EDGE_CURVE('',#3500,#2932,#1678,.T.);
#4543=EDGE_CURVE('',#3498,#3500,#2833,.T.);
#4544=EDGE_CURVE('',#3501,#2929,#1679,.T.);
#4545=EDGE_CURVE('',#3502,#2928,#1680,.T.);
#4546=EDGE_CURVE('',#3502,#3501,#2834,.T.);
#4547=EDGE_CURVE('',#3501,#3503,#2835,.T.);
#4548=EDGE_CURVE('',#3503,#2930,#1681,.T.);
#4549=EDGE_CURVE('',#3504,#2927,#1682,.T.);
#4550=EDGE_CURVE('',#3504,#3502,#1683,.T.);
#4551=EDGE_CURVE('',#3505,#3504,#2836,.T.);
#4552=EDGE_CURVE('',#2926,#3505,#1684,.T.);
#4553=EDGE_CURVE('',#2931,#3506,#1685,.T.);
#4554=EDGE_CURVE('',#3503,#3506,#1686,.T.);
#4555=EDGE_CURVE('',#3506,#3500,#2837,.T.);
#4556=EDGE_CURVE('',#3507,#2925,#1687,.T.);
#4557=EDGE_CURVE('',#3505,#3507,#2838,.T.);
#4558=EDGE_CURVE('',#3508,#2922,#1688,.T.);
#4559=EDGE_CURVE('',#3509,#2921,#1689,.T.);
#4560=EDGE_CURVE('',#3509,#3508,#2839,.T.);
#4561=EDGE_CURVE('',#3508,#3510,#2840,.T.);
#4562=EDGE_CURVE('',#3510,#2923,#1690,.T.);
#4563=EDGE_CURVE('',#3511,#2920,#1691,.T.);
#4564=EDGE_CURVE('',#3511,#3509,#1692,.T.);
#4565=EDGE_CURVE('',#3512,#3511,#2841,.T.);
#4566=EDGE_CURVE('',#2919,#3512,#1693,.T.);
#4567=EDGE_CURVE('',#2924,#3513,#1694,.T.);
#4568=EDGE_CURVE('',#3510,#3513,#1695,.T.);
#4569=EDGE_CURVE('',#3513,#3507,#2842,.T.);
#4570=EDGE_CURVE('',#3514,#2918,#1696,.T.);
#4571=EDGE_CURVE('',#3512,#3514,#2843,.T.);
#4572=EDGE_CURVE('',#3515,#2915,#1697,.T.);
#4573=EDGE_CURVE('',#3516,#2914,#1698,.T.);
#4574=EDGE_CURVE('',#3516,#3515,#2844,.T.);
#4575=EDGE_CURVE('',#3515,#3517,#2845,.T.);
#4576=EDGE_CURVE('',#3517,#2916,#1699,.T.);
#4577=EDGE_CURVE('',#3518,#2913,#1700,.T.);
#4578=EDGE_CURVE('',#3518,#3516,#1701,.T.);
#4579=EDGE_CURVE('',#3519,#3518,#2846,.T.);
#4580=EDGE_CURVE('',#2912,#3519,#1702,.T.);
#4581=EDGE_CURVE('',#2917,#3520,#1703,.T.);
#4582=EDGE_CURVE('',#3517,#3520,#1704,.T.);
#4583=EDGE_CURVE('',#3520,#3514,#2847,.T.);
#4584=EDGE_CURVE('',#3521,#2910,#1705,.T.);
#4585=EDGE_CURVE('',#3519,#3521,#2848,.T.);
#4586=EDGE_CURVE('',#3213,#3522,#1706,.T.);
#4587=EDGE_CURVE('',#3522,#3225,#2849,.T.);
#4588=EDGE_CURVE('',#3523,#3521,#2850,.T.);
#4589=EDGE_CURVE('',#3524,#3523,#1707,.T.);
#4590=EDGE_CURVE('',#3525,#3524,#2851,.T.);
#4591=EDGE_CURVE('',#3526,#3525,#2852,.T.);
#4592=EDGE_CURVE('',#3527,#3526,#1708,.T.);
#4593=EDGE_CURVE('',#3522,#3527,#2853,.T.);
#4594=EDGE_CURVE('',#3528,#3528,#2854,.T.);
#4595=EDGE_CURVE('',#3525,#3216,#1709,.T.);
#4596=EDGE_CURVE('',#3526,#3215,#1710,.T.);
#4597=EDGE_CURVE('',#3524,#3217,#1711,.T.);
#4598=EDGE_CURVE('',#3527,#3214,#1712,.T.);
#4599=EDGE_CURVE('',#2911,#3523,#1713,.T.);
#4600=EDGE_CURVE('',#3529,#3530,#1714,.T.);
#4601=EDGE_CURVE('',#3530,#3531,#1715,.F.);
#4602=EDGE_CURVE('',#3532,#3531,#1716,.T.);
#4603=EDGE_CURVE('',#3529,#3532,#33,.T.);
#4604=EDGE_CURVE('',#3533,#3532,#15,.T.);
#4605=EDGE_CURVE('',#3534,#3531,#2855,.T.);
#4606=EDGE_CURVE('',#3534,#3533,#1717,.T.);
#4607=EDGE_CURVE('',#3535,#3536,#1718,.T.);
#4608=EDGE_CURVE('',#3537,#3536,#34,.T.);
#4609=EDGE_CURVE('',#3538,#3537,#1719,.T.);
#4610=EDGE_CURVE('',#3538,#3535,#1720,.F.);
#4611=EDGE_CURVE('',#3537,#3539,#16,.T.);
#4612=EDGE_CURVE('',#3539,#3540,#1721,.T.);
#4613=EDGE_CURVE('',#3538,#3540,#2856,.T.);
#4614=EDGE_CURVE('',#3541,#3542,#1722,.T.);
#4615=EDGE_CURVE('',#3543,#3542,#35,.T.);
#4616=EDGE_CURVE('',#3544,#3543,#1723,.T.);
#4617=EDGE_CURVE('',#3544,#3541,#1724,.F.);
#4618=EDGE_CURVE('',#3543,#3545,#17,.T.);
#4619=EDGE_CURVE('',#3545,#3546,#1725,.T.);
#4620=EDGE_CURVE('',#3544,#3546,#2857,.T.);
#4621=EDGE_CURVE('',#3547,#3548,#1726,.T.);
#4622=EDGE_CURVE('',#3549,#3548,#36,.T.);
#4623=EDGE_CURVE('',#3550,#3549,#1727,.T.);
#4624=EDGE_CURVE('',#3550,#3547,#1728,.F.);
#4625=EDGE_CURVE('',#3551,#3552,#1729,.T.);
#4626=EDGE_CURVE('',#3552,#3553,#1730,.F.);
#4627=EDGE_CURVE('',#3554,#3553,#1731,.T.);
#4628=EDGE_CURVE('',#3551,#3554,#37,.T.);
#4629=EDGE_CURVE('',#3549,#3554,#18,.T.);
#4630=EDGE_CURVE('',#3550,#3553,#2858,.T.);
#4631=EDGE_CURVE('',#3555,#3556,#1732,.T.);
#4632=EDGE_CURVE('',#3557,#3556,#38,.T.);
#4633=EDGE_CURVE('',#3558,#3557,#1733,.T.);
#4634=EDGE_CURVE('',#3558,#3555,#1734,.F.);
#4635=EDGE_CURVE('',#3559,#3560,#1735,.T.);
#4636=EDGE_CURVE('',#3560,#3561,#1736,.F.);
#4637=EDGE_CURVE('',#3562,#3561,#1737,.T.);
#4638=EDGE_CURVE('',#3559,#3562,#39,.T.);
#4639=EDGE_CURVE('',#3557,#3562,#19,.T.);
#4640=EDGE_CURVE('',#3558,#3561,#2859,.T.);
#4641=EDGE_CURVE('',#3563,#3564,#1738,.T.);
#4642=EDGE_CURVE('',#3565,#3564,#40,.T.);
#4643=EDGE_CURVE('',#3566,#3565,#1739,.T.);
#4644=EDGE_CURVE('',#3566,#3563,#1740,.F.);
#4645=EDGE_CURVE('',#3567,#3568,#1741,.T.);
#4646=EDGE_CURVE('',#3568,#3569,#1742,.F.);
#4647=EDGE_CURVE('',#3570,#3569,#1743,.T.);
#4648=EDGE_CURVE('',#3567,#3570,#41,.T.);
#4649=EDGE_CURVE('',#3565,#3570,#20,.T.);
#4650=EDGE_CURVE('',#3566,#3569,#2860,.T.);
#4651=EDGE_CURVE('',#3571,#3572,#1744,.T.);
#4652=EDGE_CURVE('',#3573,#3572,#42,.T.);
#4653=EDGE_CURVE('',#3574,#3573,#1745,.T.);
#4654=EDGE_CURVE('',#3574,#3571,#1746,.F.);
#4655=EDGE_CURVE('',#3575,#3576,#1747,.T.);
#4656=EDGE_CURVE('',#3576,#3577,#1748,.F.);
#4657=EDGE_CURVE('',#3578,#3577,#1749,.T.);
#4658=EDGE_CURVE('',#3575,#3578,#43,.T.);
#4659=EDGE_CURVE('',#3573,#3579,#21,.T.);
#4660=EDGE_CURVE('',#3579,#3578,#22,.T.);
#4661=EDGE_CURVE('',#3574,#3577,#2861,.T.);
#4662=EDGE_CURVE('',#3580,#3581,#1750,.T.);
#4663=EDGE_CURVE('',#3582,#3581,#44,.T.);
#4664=EDGE_CURVE('',#3583,#3582,#1751,.T.);
#4665=EDGE_CURVE('',#3583,#3580,#1752,.F.);
#4666=EDGE_CURVE('',#3584,#3585,#1753,.T.);
#4667=EDGE_CURVE('',#3585,#3586,#1754,.F.);
#4668=EDGE_CURVE('',#3587,#3586,#1755,.T.);
#4669=EDGE_CURVE('',#3584,#3587,#45,.T.);
#4670=EDGE_CURVE('',#3582,#3587,#23,.T.);
#4671=EDGE_CURVE('',#3583,#3586,#2862,.T.);
#4672=EDGE_CURVE('',#3588,#3589,#1756,.T.);
#4673=EDGE_CURVE('',#3590,#3589,#46,.T.);
#4674=EDGE_CURVE('',#3591,#3590,#1757,.T.);
#4675=EDGE_CURVE('',#3591,#3588,#1758,.F.);
#4676=EDGE_CURVE('',#3592,#3593,#1759,.T.);
#4677=EDGE_CURVE('',#3593,#3594,#1760,.F.);
#4678=EDGE_CURVE('',#3595,#3594,#1761,.T.);
#4679=EDGE_CURVE('',#3592,#3595,#47,.T.);
#4680=EDGE_CURVE('',#3590,#3595,#24,.T.);
#4681=EDGE_CURVE('',#3591,#3594,#2863,.T.);
#4682=EDGE_CURVE('',#3596,#3597,#1762,.T.);
#4683=EDGE_CURVE('',#3533,#3597,#48,.T.);
#4684=EDGE_CURVE('',#3534,#3596,#1763,.F.);
#4685=EDGE_CURVE('',#3598,#3599,#25,.T.);
#4686=EDGE_CURVE('',#3599,#3600,#1764,.T.);
#4687=EDGE_CURVE('',#3601,#3600,#2864,.T.);
#4688=EDGE_CURVE('',#3601,#3598,#1765,.T.);
#4689=EDGE_CURVE('',#3602,#3603,#26,.T.);
#4690=EDGE_CURVE('',#3603,#3604,#1766,.T.);
#4691=EDGE_CURVE('',#3605,#3604,#2865,.T.);
#4692=EDGE_CURVE('',#3605,#3602,#1767,.T.);
#4693=EDGE_CURVE('',#3606,#3607,#27,.T.);
#4694=EDGE_CURVE('',#3607,#3608,#1768,.T.);
#4695=EDGE_CURVE('',#3609,#3608,#2866,.T.);
#4696=EDGE_CURVE('',#3609,#3606,#1769,.T.);
#4697=EDGE_CURVE('',#3610,#3611,#28,.T.);
#4698=EDGE_CURVE('',#3611,#3612,#1770,.T.);
#4699=EDGE_CURVE('',#3613,#3612,#2867,.T.);
#4700=EDGE_CURVE('',#3613,#3610,#1771,.T.);
#4701=EDGE_CURVE('',#3614,#3615,#29,.T.);
#4702=EDGE_CURVE('',#3615,#3616,#1772,.T.);
#4703=EDGE_CURVE('',#3617,#3616,#2868,.T.);
#4704=EDGE_CURVE('',#3617,#3614,#1773,.T.);
#4705=EDGE_CURVE('',#3618,#3619,#30,.T.);
#4706=EDGE_CURVE('',#3619,#3620,#1774,.T.);
#4707=EDGE_CURVE('',#3621,#3620,#2869,.T.);
#4708=EDGE_CURVE('',#3621,#3618,#1775,.T.);
#4709=EDGE_CURVE('',#3622,#3623,#31,.T.);
#4710=EDGE_CURVE('',#3623,#3624,#1776,.T.);
#4711=EDGE_CURVE('',#3625,#3624,#2870,.T.);
#4712=EDGE_CURVE('',#3625,#3622,#1777,.T.);
#4713=EDGE_CURVE('',#3626,#3627,#32,.T.);
#4714=EDGE_CURVE('',#3627,#3628,#1778,.T.);
#4715=EDGE_CURVE('',#3629,#3628,#2871,.T.);
#4716=EDGE_CURVE('',#3629,#3626,#1779,.T.);
#4717=EDGE_CURVE('',#3630,#3631,#1780,.T.);
#4718=EDGE_CURVE('',#3626,#3631,#49,.T.);
#4719=EDGE_CURVE('',#3629,#3630,#1781,.F.);
#4720=EDGE_CURVE('',#3219,#3579,#1782,.T.);
#4721=EDGE_CURVE('',#3572,#3584,#2872,.T.);
#4722=EDGE_CURVE('',#3581,#3592,#2873,.T.);
#4723=EDGE_CURVE('',#3589,#3529,#2874,.T.);
#4724=EDGE_CURVE('',#3597,#3632,#2875,.T.);
#4725=EDGE_CURVE('',#3632,#3599,#50,.T.);
#4726=EDGE_CURVE('',#3598,#3633,#51,.T.);
#4727=EDGE_CURVE('',#3633,#3634,#2876,.T.);
#4728=EDGE_CURVE('',#3634,#3603,#52,.T.);
#4729=EDGE_CURVE('',#3602,#3635,#53,.T.);
#4730=EDGE_CURVE('',#3635,#3636,#2877,.T.);
#4731=EDGE_CURVE('',#3636,#3607,#54,.T.);
#4732=EDGE_CURVE('',#3606,#3637,#55,.T.);
#4733=EDGE_CURVE('',#3637,#3638,#2878,.T.);
#4734=EDGE_CURVE('',#3638,#3611,#56,.T.);
#4735=EDGE_CURVE('',#3610,#3639,#57,.T.);
#4736=EDGE_CURVE('',#3639,#3640,#2879,.T.);
#4737=EDGE_CURVE('',#3640,#3615,#58,.T.);
#4738=EDGE_CURVE('',#3614,#3641,#59,.T.);
#4739=EDGE_CURVE('',#3641,#3642,#2880,.T.);
#4740=EDGE_CURVE('',#3642,#3619,#60,.T.);
#4741=EDGE_CURVE('',#3618,#3643,#61,.T.);
#4742=EDGE_CURVE('',#3643,#3644,#2881,.T.);
#4743=EDGE_CURVE('',#3644,#3623,#62,.T.);
#4744=EDGE_CURVE('',#3622,#3645,#63,.T.);
#4745=EDGE_CURVE('',#3645,#3646,#2882,.T.);
#4746=EDGE_CURVE('',#3646,#3627,#64,.T.);
#4747=EDGE_CURVE('',#3631,#3647,#2883,.T.);
#4748=EDGE_CURVE('',#3647,#3539,#65,.T.);
#4749=EDGE_CURVE('',#3536,#3648,#2884,.T.);
#4750=EDGE_CURVE('',#3648,#3545,#66,.T.);
#4751=EDGE_CURVE('',#3542,#3551,#2885,.T.);
#4752=EDGE_CURVE('',#3548,#3559,#2886,.T.);
#4753=EDGE_CURVE('',#3556,#3567,#2887,.T.);
#4754=EDGE_CURVE('',#3564,#3575,#2888,.T.);
#4755=EDGE_CURVE('',#3649,#3649,#2889,.T.);
#4756=EDGE_CURVE('',#3649,#3528,#1783,.T.);
#4757=EDGE_CURVE('',#3647,#3650,#1784,.T.);
#4758=EDGE_CURVE('',#3650,#3540,#1785,.F.);
#4759=EDGE_CURVE('',#3648,#3651,#1786,.T.);
#4760=EDGE_CURVE('',#3651,#3546,#1787,.F.);
#4761=EDGE_CURVE('',#3646,#3652,#1788,.T.);
#4762=EDGE_CURVE('',#3652,#3628,#1789,.F.);
#4763=EDGE_CURVE('',#3653,#3645,#1790,.T.);
#4764=EDGE_CURVE('',#3625,#3653,#1791,.F.);
#4765=EDGE_CURVE('',#3644,#3654,#1792,.T.);
#4766=EDGE_CURVE('',#3654,#3624,#1793,.F.);
#4767=EDGE_CURVE('',#3655,#3643,#1794,.T.);
#4768=EDGE_CURVE('',#3621,#3655,#1795,.F.);
#4769=EDGE_CURVE('',#3642,#3656,#1796,.T.);
#4770=EDGE_CURVE('',#3656,#3620,#1797,.F.);
#4771=EDGE_CURVE('',#3657,#3641,#1798,.T.);
#4772=EDGE_CURVE('',#3617,#3657,#1799,.F.);
#4773=EDGE_CURVE('',#3640,#3658,#1800,.T.);
#4774=EDGE_CURVE('',#3658,#3616,#1801,.F.);
#4775=EDGE_CURVE('',#3659,#3639,#1802,.T.);
#4776=EDGE_CURVE('',#3613,#3659,#1803,.F.);
#4777=EDGE_CURVE('',#3638,#3660,#1804,.T.);
#4778=EDGE_CURVE('',#3660,#3612,#1805,.F.);
#4779=EDGE_CURVE('',#3661,#3637,#1806,.T.);
#4780=EDGE_CURVE('',#3609,#3661,#1807,.F.);
#4781=EDGE_CURVE('',#3636,#3662,#1808,.T.);
#4782=EDGE_CURVE('',#3662,#3608,#1809,.F.);
#4783=EDGE_CURVE('',#3663,#3635,#1810,.T.);
#4784=EDGE_CURVE('',#3605,#3663,#1811,.F.);
#4785=EDGE_CURVE('',#3634,#3664,#1812,.T.);
#4786=EDGE_CURVE('',#3664,#3604,#1813,.F.);
#4787=EDGE_CURVE('',#3665,#3633,#1814,.T.);
#4788=EDGE_CURVE('',#3601,#3665,#1815,.F.);
#4789=EDGE_CURVE('',#3666,#3596,#2890,.T.);
#4790=EDGE_CURVE('',#3530,#3588,#2891,.T.);
#4791=EDGE_CURVE('',#3593,#3580,#2892,.T.);
#4792=EDGE_CURVE('',#3585,#3571,#2893,.T.);
#4793=EDGE_CURVE('',#3576,#3563,#2894,.T.);
#4794=EDGE_CURVE('',#3568,#3555,#2895,.T.);
#4795=EDGE_CURVE('',#3560,#3547,#2896,.T.);
#4796=EDGE_CURVE('',#3552,#3541,#2897,.T.);
#4797=EDGE_CURVE('',#3651,#3535,#2898,.T.);
#4798=EDGE_CURVE('',#3650,#3630,#2899,.T.);
#4799=EDGE_CURVE('',#3652,#3653,#2900,.T.);
#4800=EDGE_CURVE('',#3654,#3655,#2901,.T.);
#4801=EDGE_CURVE('',#3656,#3657,#2902,.T.);
#4802=EDGE_CURVE('',#3658,#3659,#2903,.T.);
#4803=EDGE_CURVE('',#3660,#3661,#2904,.T.);
#4804=EDGE_CURVE('',#3662,#3663,#2905,.T.);
#4805=EDGE_CURVE('',#3664,#3665,#2906,.T.);
#4806=EDGE_CURVE('',#3666,#3600,#1816,.F.);
#4807=EDGE_CURVE('',#3632,#3666,#1817,.T.);
#4808=ORIENTED_EDGE('',*,*,#3667,.T.);
#4809=ORIENTED_EDGE('',*,*,#3668,.T.);
#4810=ORIENTED_EDGE('',*,*,#3669,.T.);
#4811=ORIENTED_EDGE('',*,*,#3668,.F.);
#4812=ORIENTED_EDGE('',*,*,#3669,.F.);
#4813=ORIENTED_EDGE('',*,*,#3670,.T.);
#4814=ORIENTED_EDGE('',*,*,#3671,.F.);
#4815=ORIENTED_EDGE('',*,*,#3670,.F.);
#4816=ORIENTED_EDGE('',*,*,#3672,.F.);
#4817=ORIENTED_EDGE('',*,*,#3673,.F.);
#4818=ORIENTED_EDGE('',*,*,#3674,.F.);
#4819=ORIENTED_EDGE('',*,*,#3675,.F.);
#4820=ORIENTED_EDGE('',*,*,#3676,.F.);
#4821=ORIENTED_EDGE('',*,*,#3677,.F.);
#4822=ORIENTED_EDGE('',*,*,#3678,.F.);
#4823=ORIENTED_EDGE('',*,*,#3679,.F.);
#4824=ORIENTED_EDGE('',*,*,#3680,.F.);
#4825=ORIENTED_EDGE('',*,*,#3681,.F.);
#4826=ORIENTED_EDGE('',*,*,#3682,.F.);
#4827=ORIENTED_EDGE('',*,*,#3683,.F.);
#4828=ORIENTED_EDGE('',*,*,#3684,.F.);
#4829=ORIENTED_EDGE('',*,*,#3685,.F.);
#4830=ORIENTED_EDGE('',*,*,#3686,.F.);
#4831=ORIENTED_EDGE('',*,*,#3687,.F.);
#4832=ORIENTED_EDGE('',*,*,#3688,.F.);
#4833=ORIENTED_EDGE('',*,*,#3689,.F.);
#4834=ORIENTED_EDGE('',*,*,#3690,.F.);
#4835=ORIENTED_EDGE('',*,*,#3691,.F.);
#4836=ORIENTED_EDGE('',*,*,#3692,.F.);
#4837=ORIENTED_EDGE('',*,*,#3693,.F.);
#4838=ORIENTED_EDGE('',*,*,#3694,.F.);
#4839=ORIENTED_EDGE('',*,*,#3695,.F.);
#4840=ORIENTED_EDGE('',*,*,#3696,.F.);
#4841=ORIENTED_EDGE('',*,*,#3697,.F.);
#4842=ORIENTED_EDGE('',*,*,#3698,.F.);
#4843=ORIENTED_EDGE('',*,*,#3699,.F.);
#4844=ORIENTED_EDGE('',*,*,#3700,.F.);
#4845=ORIENTED_EDGE('',*,*,#3701,.F.);
#4846=ORIENTED_EDGE('',*,*,#3702,.F.);
#4847=ORIENTED_EDGE('',*,*,#3703,.F.);
#4848=ORIENTED_EDGE('',*,*,#3704,.F.);
#4849=ORIENTED_EDGE('',*,*,#3705,.F.);
#4850=ORIENTED_EDGE('',*,*,#3706,.F.);
#4851=ORIENTED_EDGE('',*,*,#3707,.F.);
#4852=ORIENTED_EDGE('',*,*,#3708,.F.);
#4853=ORIENTED_EDGE('',*,*,#3709,.F.);
#4854=ORIENTED_EDGE('',*,*,#3710,.F.);
#4855=ORIENTED_EDGE('',*,*,#3711,.F.);
#4856=ORIENTED_EDGE('',*,*,#3712,.F.);
#4857=ORIENTED_EDGE('',*,*,#3713,.F.);
#4858=ORIENTED_EDGE('',*,*,#3714,.F.);
#4859=ORIENTED_EDGE('',*,*,#3715,.F.);
#4860=ORIENTED_EDGE('',*,*,#3716,.F.);
#4861=ORIENTED_EDGE('',*,*,#3717,.F.);
#4862=ORIENTED_EDGE('',*,*,#3718,.F.);
#4863=ORIENTED_EDGE('',*,*,#3719,.F.);
#4864=ORIENTED_EDGE('',*,*,#3720,.F.);
#4865=ORIENTED_EDGE('',*,*,#3721,.F.);
#4866=ORIENTED_EDGE('',*,*,#3722,.F.);
#4867=ORIENTED_EDGE('',*,*,#3723,.F.);
#4868=ORIENTED_EDGE('',*,*,#3724,.F.);
#4869=ORIENTED_EDGE('',*,*,#3725,.F.);
#4870=ORIENTED_EDGE('',*,*,#3726,.F.);
#4871=ORIENTED_EDGE('',*,*,#3727,.F.);
#4872=ORIENTED_EDGE('',*,*,#3728,.F.);
#4873=ORIENTED_EDGE('',*,*,#3729,.F.);
#4874=ORIENTED_EDGE('',*,*,#3730,.F.);
#4875=ORIENTED_EDGE('',*,*,#3731,.F.);
#4876=ORIENTED_EDGE('',*,*,#3732,.F.);
#4877=ORIENTED_EDGE('',*,*,#3733,.F.);
#4878=ORIENTED_EDGE('',*,*,#3734,.F.);
#4879=ORIENTED_EDGE('',*,*,#3735,.F.);
#4880=ORIENTED_EDGE('',*,*,#3736,.F.);
#4881=ORIENTED_EDGE('',*,*,#3737,.F.);
#4882=ORIENTED_EDGE('',*,*,#3738,.F.);
#4883=ORIENTED_EDGE('',*,*,#3739,.F.);
#4884=ORIENTED_EDGE('',*,*,#3740,.F.);
#4885=ORIENTED_EDGE('',*,*,#3741,.F.);
#4886=ORIENTED_EDGE('',*,*,#3742,.F.);
#4887=ORIENTED_EDGE('',*,*,#3743,.F.);
#4888=ORIENTED_EDGE('',*,*,#3744,.F.);
#4889=ORIENTED_EDGE('',*,*,#3745,.F.);
#4890=ORIENTED_EDGE('',*,*,#3746,.F.);
#4891=ORIENTED_EDGE('',*,*,#3747,.F.);
#4892=ORIENTED_EDGE('',*,*,#3748,.F.);
#4893=ORIENTED_EDGE('',*,*,#3749,.F.);
#4894=ORIENTED_EDGE('',*,*,#3750,.F.);
#4895=ORIENTED_EDGE('',*,*,#3751,.F.);
#4896=ORIENTED_EDGE('',*,*,#3752,.F.);
#4897=ORIENTED_EDGE('',*,*,#3753,.F.);
#4898=ORIENTED_EDGE('',*,*,#3754,.F.);
#4899=ORIENTED_EDGE('',*,*,#3755,.F.);
#4900=ORIENTED_EDGE('',*,*,#3756,.F.);
#4901=ORIENTED_EDGE('',*,*,#3757,.F.);
#4902=ORIENTED_EDGE('',*,*,#3758,.F.);
#4903=ORIENTED_EDGE('',*,*,#3759,.F.);
#4904=ORIENTED_EDGE('',*,*,#3760,.F.);
#4905=ORIENTED_EDGE('',*,*,#3761,.F.);
#4906=ORIENTED_EDGE('',*,*,#3762,.F.);
#4907=ORIENTED_EDGE('',*,*,#3763,.F.);
#4908=ORIENTED_EDGE('',*,*,#3764,.F.);
#4909=ORIENTED_EDGE('',*,*,#3765,.F.);
#4910=ORIENTED_EDGE('',*,*,#3766,.F.);
#4911=ORIENTED_EDGE('',*,*,#3767,.F.);
#4912=ORIENTED_EDGE('',*,*,#3768,.F.);
#4913=ORIENTED_EDGE('',*,*,#3769,.F.);
#4914=ORIENTED_EDGE('',*,*,#3770,.F.);
#4915=ORIENTED_EDGE('',*,*,#3771,.F.);
#4916=ORIENTED_EDGE('',*,*,#3772,.F.);
#4917=ORIENTED_EDGE('',*,*,#3773,.F.);
#4918=ORIENTED_EDGE('',*,*,#3774,.F.);
#4919=ORIENTED_EDGE('',*,*,#3775,.F.);
#4920=ORIENTED_EDGE('',*,*,#3776,.F.);
#4921=ORIENTED_EDGE('',*,*,#3777,.F.);
#4922=ORIENTED_EDGE('',*,*,#3778,.F.);
#4923=ORIENTED_EDGE('',*,*,#3779,.F.);
#4924=ORIENTED_EDGE('',*,*,#3780,.F.);
#4925=ORIENTED_EDGE('',*,*,#3781,.F.);
#4926=ORIENTED_EDGE('',*,*,#3782,.F.);
#4927=ORIENTED_EDGE('',*,*,#3783,.F.);
#4928=ORIENTED_EDGE('',*,*,#3784,.F.);
#4929=ORIENTED_EDGE('',*,*,#3785,.F.);
#4930=ORIENTED_EDGE('',*,*,#3786,.F.);
#4931=ORIENTED_EDGE('',*,*,#3787,.F.);
#4932=ORIENTED_EDGE('',*,*,#3788,.F.);
#4933=ORIENTED_EDGE('',*,*,#3789,.F.);
#4934=ORIENTED_EDGE('',*,*,#3790,.F.);
#4935=ORIENTED_EDGE('',*,*,#3791,.F.);
#4936=ORIENTED_EDGE('',*,*,#3792,.F.);
#4937=ORIENTED_EDGE('',*,*,#3793,.F.);
#4938=ORIENTED_EDGE('',*,*,#3794,.F.);
#4939=ORIENTED_EDGE('',*,*,#3795,.F.);
#4940=ORIENTED_EDGE('',*,*,#3796,.F.);
#4941=ORIENTED_EDGE('',*,*,#3797,.F.);
#4942=ORIENTED_EDGE('',*,*,#3798,.F.);
#4943=ORIENTED_EDGE('',*,*,#3799,.F.);
#4944=ORIENTED_EDGE('',*,*,#3800,.F.);
#4945=ORIENTED_EDGE('',*,*,#3801,.F.);
#4946=ORIENTED_EDGE('',*,*,#3802,.F.);
#4947=ORIENTED_EDGE('',*,*,#3803,.F.);
#4948=ORIENTED_EDGE('',*,*,#3804,.F.);
#4949=ORIENTED_EDGE('',*,*,#3805,.F.);
#4950=ORIENTED_EDGE('',*,*,#3806,.F.);
#4951=ORIENTED_EDGE('',*,*,#3807,.F.);
#4952=ORIENTED_EDGE('',*,*,#3808,.F.);
#4953=ORIENTED_EDGE('',*,*,#3809,.F.);
#4954=ORIENTED_EDGE('',*,*,#3810,.F.);
#4955=ORIENTED_EDGE('',*,*,#3811,.F.);
#4956=ORIENTED_EDGE('',*,*,#3812,.F.);
#4957=ORIENTED_EDGE('',*,*,#3813,.F.);
#4958=ORIENTED_EDGE('',*,*,#3814,.F.);
#4959=ORIENTED_EDGE('',*,*,#3815,.F.);
#4960=ORIENTED_EDGE('',*,*,#3816,.F.);
#4961=ORIENTED_EDGE('',*,*,#3817,.F.);
#4962=ORIENTED_EDGE('',*,*,#3818,.F.);
#4963=ORIENTED_EDGE('',*,*,#3819,.F.);
#4964=ORIENTED_EDGE('',*,*,#3820,.F.);
#4965=ORIENTED_EDGE('',*,*,#3821,.F.);
#4966=ORIENTED_EDGE('',*,*,#3822,.F.);
#4967=ORIENTED_EDGE('',*,*,#3823,.F.);
#4968=ORIENTED_EDGE('',*,*,#3824,.F.);
#4969=ORIENTED_EDGE('',*,*,#3825,.F.);
#4970=ORIENTED_EDGE('',*,*,#3826,.F.);
#4971=ORIENTED_EDGE('',*,*,#3827,.F.);
#4972=ORIENTED_EDGE('',*,*,#3828,.F.);
#4973=ORIENTED_EDGE('',*,*,#3829,.F.);
#4974=ORIENTED_EDGE('',*,*,#3830,.F.);
#4975=ORIENTED_EDGE('',*,*,#3831,.F.);
#4976=ORIENTED_EDGE('',*,*,#3832,.F.);
#4977=ORIENTED_EDGE('',*,*,#3833,.F.);
#4978=ORIENTED_EDGE('',*,*,#3834,.F.);
#4979=ORIENTED_EDGE('',*,*,#3835,.F.);
#4980=ORIENTED_EDGE('',*,*,#3836,.F.);
#4981=ORIENTED_EDGE('',*,*,#3837,.F.);
#4982=ORIENTED_EDGE('',*,*,#3838,.F.);
#4983=ORIENTED_EDGE('',*,*,#3839,.F.);
#4984=ORIENTED_EDGE('',*,*,#3840,.F.);
#4985=ORIENTED_EDGE('',*,*,#3841,.F.);
#4986=ORIENTED_EDGE('',*,*,#3842,.F.);
#4987=ORIENTED_EDGE('',*,*,#3843,.F.);
#4988=ORIENTED_EDGE('',*,*,#3844,.F.);
#4989=ORIENTED_EDGE('',*,*,#3845,.F.);
#4990=ORIENTED_EDGE('',*,*,#3846,.F.);
#4991=ORIENTED_EDGE('',*,*,#3847,.F.);
#4992=ORIENTED_EDGE('',*,*,#3848,.F.);
#4993=ORIENTED_EDGE('',*,*,#3849,.F.);
#4994=ORIENTED_EDGE('',*,*,#3850,.F.);
#4995=ORIENTED_EDGE('',*,*,#3851,.F.);
#4996=ORIENTED_EDGE('',*,*,#3852,.F.);
#4997=ORIENTED_EDGE('',*,*,#3853,.F.);
#4998=ORIENTED_EDGE('',*,*,#3854,.F.);
#4999=ORIENTED_EDGE('',*,*,#3855,.F.);
#5000=ORIENTED_EDGE('',*,*,#3856,.F.);
#5001=ORIENTED_EDGE('',*,*,#3857,.F.);
#5002=ORIENTED_EDGE('',*,*,#3858,.F.);
#5003=ORIENTED_EDGE('',*,*,#3859,.F.);
#5004=ORIENTED_EDGE('',*,*,#3860,.F.);
#5005=ORIENTED_EDGE('',*,*,#3861,.F.);
#5006=ORIENTED_EDGE('',*,*,#3862,.F.);
#5007=ORIENTED_EDGE('',*,*,#3863,.F.);
#5008=ORIENTED_EDGE('',*,*,#3864,.F.);
#5009=ORIENTED_EDGE('',*,*,#3865,.F.);
#5010=ORIENTED_EDGE('',*,*,#3866,.F.);
#5011=ORIENTED_EDGE('',*,*,#3867,.F.);
#5012=ORIENTED_EDGE('',*,*,#3868,.F.);
#5013=ORIENTED_EDGE('',*,*,#3869,.F.);
#5014=ORIENTED_EDGE('',*,*,#3870,.F.);
#5015=ORIENTED_EDGE('',*,*,#3871,.F.);
#5016=ORIENTED_EDGE('',*,*,#3872,.F.);
#5017=ORIENTED_EDGE('',*,*,#3873,.F.);
#5018=ORIENTED_EDGE('',*,*,#3874,.F.);
#5019=ORIENTED_EDGE('',*,*,#3875,.F.);
#5020=ORIENTED_EDGE('',*,*,#3876,.F.);
#5021=ORIENTED_EDGE('',*,*,#3877,.F.);
#5022=ORIENTED_EDGE('',*,*,#3878,.F.);
#5023=ORIENTED_EDGE('',*,*,#3879,.F.);
#5024=ORIENTED_EDGE('',*,*,#3880,.F.);
#5025=ORIENTED_EDGE('',*,*,#3881,.F.);
#5026=ORIENTED_EDGE('',*,*,#3882,.F.);
#5027=ORIENTED_EDGE('',*,*,#3883,.F.);
#5028=ORIENTED_EDGE('',*,*,#3884,.F.);
#5029=ORIENTED_EDGE('',*,*,#3885,.F.);
#5030=ORIENTED_EDGE('',*,*,#3886,.F.);
#5031=ORIENTED_EDGE('',*,*,#3887,.F.);
#5032=ORIENTED_EDGE('',*,*,#3888,.F.);
#5033=ORIENTED_EDGE('',*,*,#3889,.F.);
#5034=ORIENTED_EDGE('',*,*,#3890,.F.);
#5035=ORIENTED_EDGE('',*,*,#3891,.F.);
#5036=ORIENTED_EDGE('',*,*,#3892,.F.);
#5037=ORIENTED_EDGE('',*,*,#3893,.F.);
#5038=ORIENTED_EDGE('',*,*,#3894,.F.);
#5039=ORIENTED_EDGE('',*,*,#3895,.F.);
#5040=ORIENTED_EDGE('',*,*,#3896,.F.);
#5041=ORIENTED_EDGE('',*,*,#3897,.F.);
#5042=ORIENTED_EDGE('',*,*,#3898,.F.);
#5043=ORIENTED_EDGE('',*,*,#3899,.F.);
#5044=ORIENTED_EDGE('',*,*,#3900,.F.);
#5045=ORIENTED_EDGE('',*,*,#3901,.F.);
#5046=ORIENTED_EDGE('',*,*,#3902,.F.);
#5047=ORIENTED_EDGE('',*,*,#3903,.F.);
#5048=ORIENTED_EDGE('',*,*,#3904,.F.);
#5049=ORIENTED_EDGE('',*,*,#3905,.F.);
#5050=ORIENTED_EDGE('',*,*,#3906,.F.);
#5051=ORIENTED_EDGE('',*,*,#3907,.F.);
#5052=ORIENTED_EDGE('',*,*,#3908,.F.);
#5053=ORIENTED_EDGE('',*,*,#3909,.F.);
#5054=ORIENTED_EDGE('',*,*,#3910,.F.);
#5055=ORIENTED_EDGE('',*,*,#3911,.F.);
#5056=ORIENTED_EDGE('',*,*,#3912,.F.);
#5057=ORIENTED_EDGE('',*,*,#3913,.F.);
#5058=ORIENTED_EDGE('',*,*,#3914,.F.);
#5059=ORIENTED_EDGE('',*,*,#3915,.F.);
#5060=ORIENTED_EDGE('',*,*,#3916,.F.);
#5061=ORIENTED_EDGE('',*,*,#3917,.F.);
#5062=ORIENTED_EDGE('',*,*,#3918,.F.);
#5063=ORIENTED_EDGE('',*,*,#3919,.F.);
#5064=ORIENTED_EDGE('',*,*,#3920,.F.);
#5065=ORIENTED_EDGE('',*,*,#3921,.F.);
#5066=ORIENTED_EDGE('',*,*,#3922,.F.);
#5067=ORIENTED_EDGE('',*,*,#3923,.F.);
#5068=ORIENTED_EDGE('',*,*,#3924,.F.);
#5069=ORIENTED_EDGE('',*,*,#3925,.F.);
#5070=ORIENTED_EDGE('',*,*,#3926,.F.);
#5071=ORIENTED_EDGE('',*,*,#3927,.F.);
#5072=ORIENTED_EDGE('',*,*,#3928,.F.);
#5073=ORIENTED_EDGE('',*,*,#3929,.F.);
#5074=ORIENTED_EDGE('',*,*,#3930,.F.);
#5075=ORIENTED_EDGE('',*,*,#3931,.F.);
#5076=ORIENTED_EDGE('',*,*,#3932,.F.);
#5077=ORIENTED_EDGE('',*,*,#3933,.F.);
#5078=ORIENTED_EDGE('',*,*,#3934,.F.);
#5079=ORIENTED_EDGE('',*,*,#3935,.F.);
#5080=ORIENTED_EDGE('',*,*,#3936,.F.);
#5081=ORIENTED_EDGE('',*,*,#3937,.F.);
#5082=ORIENTED_EDGE('',*,*,#3938,.F.);
#5083=ORIENTED_EDGE('',*,*,#3939,.F.);
#5084=ORIENTED_EDGE('',*,*,#3940,.F.);
#5085=ORIENTED_EDGE('',*,*,#3941,.F.);
#5086=ORIENTED_EDGE('',*,*,#3942,.F.);
#5087=ORIENTED_EDGE('',*,*,#3943,.F.);
#5088=ORIENTED_EDGE('',*,*,#3944,.F.);
#5089=ORIENTED_EDGE('',*,*,#3945,.F.);
#5090=ORIENTED_EDGE('',*,*,#3946,.F.);
#5091=ORIENTED_EDGE('',*,*,#3947,.F.);
#5092=ORIENTED_EDGE('',*,*,#3948,.F.);
#5093=ORIENTED_EDGE('',*,*,#3949,.F.);
#5094=ORIENTED_EDGE('',*,*,#3950,.F.);
#5095=ORIENTED_EDGE('',*,*,#3951,.F.);
#5096=ORIENTED_EDGE('',*,*,#3952,.F.);
#5097=ORIENTED_EDGE('',*,*,#3953,.F.);
#5098=ORIENTED_EDGE('',*,*,#3954,.F.);
#5099=ORIENTED_EDGE('',*,*,#3955,.F.);
#5100=ORIENTED_EDGE('',*,*,#3956,.F.);
#5101=ORIENTED_EDGE('',*,*,#3957,.F.);
#5102=ORIENTED_EDGE('',*,*,#3958,.F.);
#5103=ORIENTED_EDGE('',*,*,#3959,.F.);
#5104=ORIENTED_EDGE('',*,*,#3960,.F.);
#5105=ORIENTED_EDGE('',*,*,#3961,.F.);
#5106=ORIENTED_EDGE('',*,*,#3962,.F.);
#5107=ORIENTED_EDGE('',*,*,#3963,.F.);
#5108=ORIENTED_EDGE('',*,*,#3964,.F.);
#5109=ORIENTED_EDGE('',*,*,#3965,.F.);
#5110=ORIENTED_EDGE('',*,*,#3966,.F.);
#5111=ORIENTED_EDGE('',*,*,#3967,.F.);
#5112=ORIENTED_EDGE('',*,*,#3968,.F.);
#5113=ORIENTED_EDGE('',*,*,#3969,.T.);
#5114=ORIENTED_EDGE('',*,*,#3970,.T.);
#5115=ORIENTED_EDGE('',*,*,#3971,.T.);
#5116=ORIENTED_EDGE('',*,*,#3972,.T.);
#5117=ORIENTED_EDGE('',*,*,#3973,.F.);
#5118=ORIENTED_EDGE('',*,*,#3974,.F.);
#5119=ORIENTED_EDGE('',*,*,#3975,.F.);
#5120=ORIENTED_EDGE('',*,*,#3976,.F.);
#5121=ORIENTED_EDGE('',*,*,#3977,.F.);
#5122=ORIENTED_EDGE('',*,*,#3978,.F.);
#5123=ORIENTED_EDGE('',*,*,#3979,.F.);
#5124=ORIENTED_EDGE('',*,*,#3667,.F.);
#5125=ORIENTED_EDGE('',*,*,#3980,.T.);
#5126=ORIENTED_EDGE('',*,*,#3981,.T.);
#5127=ORIENTED_EDGE('',*,*,#3671,.T.);
#5128=ORIENTED_EDGE('',*,*,#3981,.F.);
#5129=ORIENTED_EDGE('',*,*,#3982,.F.);
#5130=ORIENTED_EDGE('',*,*,#3980,.F.);
#5131=ORIENTED_EDGE('',*,*,#3983,.T.);
#5132=ORIENTED_EDGE('',*,*,#3970,.F.);
#5133=ORIENTED_EDGE('',*,*,#3984,.F.);
#5134=ORIENTED_EDGE('',*,*,#3985,.F.);
#5135=ORIENTED_EDGE('',*,*,#3986,.F.);
#5136=ORIENTED_EDGE('',*,*,#3987,.T.);
#5137=ORIENTED_EDGE('',*,*,#3971,.F.);
#5138=ORIENTED_EDGE('',*,*,#3983,.F.);
#5139=ORIENTED_EDGE('',*,*,#3988,.F.);
#5140=ORIENTED_EDGE('',*,*,#3989,.F.);
#5141=ORIENTED_EDGE('',*,*,#3984,.T.);
#5142=ORIENTED_EDGE('',*,*,#3969,.F.);
#5143=ORIENTED_EDGE('',*,*,#3990,.F.);
#5144=ORIENTED_EDGE('',*,*,#3972,.F.);
#5145=ORIENTED_EDGE('',*,*,#3987,.F.);
#5146=ORIENTED_EDGE('',*,*,#3991,.F.);
#5147=ORIENTED_EDGE('',*,*,#3992,.T.);
#5148=ORIENTED_EDGE('',*,*,#3993,.T.);
#5149=ORIENTED_EDGE('',*,*,#3973,.T.);
#5150=ORIENTED_EDGE('',*,*,#3990,.T.);
#5151=ORIENTED_EDGE('',*,*,#3994,.F.);
#5152=ORIENTED_EDGE('',*,*,#3995,.F.);
#5153=ORIENTED_EDGE('',*,*,#3996,.F.);
#5154=ORIENTED_EDGE('',*,*,#3967,.T.);
#5155=ORIENTED_EDGE('',*,*,#3968,.T.);
#5156=ORIENTED_EDGE('',*,*,#3996,.T.);
#5157=ORIENTED_EDGE('',*,*,#3997,.T.);
#5158=ORIENTED_EDGE('',*,*,#3988,.T.);
#5159=ORIENTED_EDGE('',*,*,#3998,.T.);
#5160=ORIENTED_EDGE('',*,*,#3963,.T.);
#5161=ORIENTED_EDGE('',*,*,#3999,.F.);
#5162=ORIENTED_EDGE('',*,*,#4000,.T.);
#5163=ORIENTED_EDGE('',*,*,#4001,.T.);
#5164=ORIENTED_EDGE('',*,*,#4002,.T.);
#5165=ORIENTED_EDGE('',*,*,#3964,.T.);
#5166=ORIENTED_EDGE('',*,*,#3998,.F.);
#5167=ORIENTED_EDGE('',*,*,#4003,.F.);
#5168=ORIENTED_EDGE('',*,*,#4004,.T.);
#5169=ORIENTED_EDGE('',*,*,#3999,.T.);
#5170=ORIENTED_EDGE('',*,*,#3962,.T.);
#5171=ORIENTED_EDGE('',*,*,#4005,.T.);
#5172=ORIENTED_EDGE('',*,*,#4003,.T.);
#5173=ORIENTED_EDGE('',*,*,#3961,.T.);
#5174=ORIENTED_EDGE('',*,*,#4006,.T.);
#5175=ORIENTED_EDGE('',*,*,#4007,.F.);
#5176=ORIENTED_EDGE('',*,*,#3965,.T.);
#5177=ORIENTED_EDGE('',*,*,#4002,.F.);
#5178=ORIENTED_EDGE('',*,*,#4008,.T.);
#5179=ORIENTED_EDGE('',*,*,#3966,.T.);
#5180=ORIENTED_EDGE('',*,*,#4007,.T.);
#5181=ORIENTED_EDGE('',*,*,#4009,.T.);
#5182=ORIENTED_EDGE('',*,*,#3994,.T.);
#5183=ORIENTED_EDGE('',*,*,#4010,.F.);
#5184=ORIENTED_EDGE('',*,*,#4011,.F.);
#5185=ORIENTED_EDGE('',*,*,#4006,.F.);
#5186=ORIENTED_EDGE('',*,*,#3960,.T.);
#5187=ORIENTED_EDGE('',*,*,#4012,.T.);
#5188=ORIENTED_EDGE('',*,*,#3956,.T.);
#5189=ORIENTED_EDGE('',*,*,#4013,.F.);
#5190=ORIENTED_EDGE('',*,*,#4014,.T.);
#5191=ORIENTED_EDGE('',*,*,#4015,.T.);
#5192=ORIENTED_EDGE('',*,*,#4016,.T.);
#5193=ORIENTED_EDGE('',*,*,#3957,.T.);
#5194=ORIENTED_EDGE('',*,*,#4012,.F.);
#5195=ORIENTED_EDGE('',*,*,#4017,.F.);
#5196=ORIENTED_EDGE('',*,*,#4018,.T.);
#5197=ORIENTED_EDGE('',*,*,#4013,.T.);
#5198=ORIENTED_EDGE('',*,*,#3955,.T.);
#5199=ORIENTED_EDGE('',*,*,#4019,.T.);
#5200=ORIENTED_EDGE('',*,*,#4017,.T.);
#5201=ORIENTED_EDGE('',*,*,#3954,.T.);
#5202=ORIENTED_EDGE('',*,*,#4020,.T.);
#5203=ORIENTED_EDGE('',*,*,#4021,.F.);
#5204=ORIENTED_EDGE('',*,*,#3958,.T.);
#5205=ORIENTED_EDGE('',*,*,#4016,.F.);
#5206=ORIENTED_EDGE('',*,*,#4022,.T.);
#5207=ORIENTED_EDGE('',*,*,#3959,.T.);
#5208=ORIENTED_EDGE('',*,*,#4021,.T.);
#5209=ORIENTED_EDGE('',*,*,#4023,.T.);
#5210=ORIENTED_EDGE('',*,*,#4010,.T.);
#5211=ORIENTED_EDGE('',*,*,#4024,.F.);
#5212=ORIENTED_EDGE('',*,*,#4025,.F.);
#5213=ORIENTED_EDGE('',*,*,#4020,.F.);
#5214=ORIENTED_EDGE('',*,*,#3953,.T.);
#5215=ORIENTED_EDGE('',*,*,#4026,.T.);
#5216=ORIENTED_EDGE('',*,*,#3949,.T.);
#5217=ORIENTED_EDGE('',*,*,#4027,.F.);
#5218=ORIENTED_EDGE('',*,*,#4028,.T.);
#5219=ORIENTED_EDGE('',*,*,#4029,.T.);
#5220=ORIENTED_EDGE('',*,*,#4030,.T.);
#5221=ORIENTED_EDGE('',*,*,#3950,.T.);
#5222=ORIENTED_EDGE('',*,*,#4026,.F.);
#5223=ORIENTED_EDGE('',*,*,#4031,.F.);
#5224=ORIENTED_EDGE('',*,*,#4032,.T.);
#5225=ORIENTED_EDGE('',*,*,#4027,.T.);
#5226=ORIENTED_EDGE('',*,*,#3948,.T.);
#5227=ORIENTED_EDGE('',*,*,#4033,.T.);
#5228=ORIENTED_EDGE('',*,*,#4031,.T.);
#5229=ORIENTED_EDGE('',*,*,#3947,.T.);
#5230=ORIENTED_EDGE('',*,*,#4034,.T.);
#5231=ORIENTED_EDGE('',*,*,#4035,.F.);
#5232=ORIENTED_EDGE('',*,*,#3951,.T.);
#5233=ORIENTED_EDGE('',*,*,#4030,.F.);
#5234=ORIENTED_EDGE('',*,*,#4036,.T.);
#5235=ORIENTED_EDGE('',*,*,#3952,.T.);
#5236=ORIENTED_EDGE('',*,*,#4035,.T.);
#5237=ORIENTED_EDGE('',*,*,#4037,.T.);
#5238=ORIENTED_EDGE('',*,*,#4024,.T.);
#5239=ORIENTED_EDGE('',*,*,#4038,.F.);
#5240=ORIENTED_EDGE('',*,*,#4039,.F.);
#5241=ORIENTED_EDGE('',*,*,#4034,.F.);
#5242=ORIENTED_EDGE('',*,*,#3946,.T.);
#5243=ORIENTED_EDGE('',*,*,#4040,.T.);
#5244=ORIENTED_EDGE('',*,*,#3942,.T.);
#5245=ORIENTED_EDGE('',*,*,#4041,.F.);
#5246=ORIENTED_EDGE('',*,*,#4042,.T.);
#5247=ORIENTED_EDGE('',*,*,#4043,.T.);
#5248=ORIENTED_EDGE('',*,*,#4044,.T.);
#5249=ORIENTED_EDGE('',*,*,#3943,.T.);
#5250=ORIENTED_EDGE('',*,*,#4040,.F.);
#5251=ORIENTED_EDGE('',*,*,#4045,.F.);
#5252=ORIENTED_EDGE('',*,*,#4046,.T.);
#5253=ORIENTED_EDGE('',*,*,#4041,.T.);
#5254=ORIENTED_EDGE('',*,*,#3941,.T.);
#5255=ORIENTED_EDGE('',*,*,#4047,.T.);
#5256=ORIENTED_EDGE('',*,*,#4045,.T.);
#5257=ORIENTED_EDGE('',*,*,#3940,.T.);
#5258=ORIENTED_EDGE('',*,*,#4048,.T.);
#5259=ORIENTED_EDGE('',*,*,#4049,.F.);
#5260=ORIENTED_EDGE('',*,*,#3944,.T.);
#5261=ORIENTED_EDGE('',*,*,#4044,.F.);
#5262=ORIENTED_EDGE('',*,*,#4050,.T.);
#5263=ORIENTED_EDGE('',*,*,#3945,.T.);
#5264=ORIENTED_EDGE('',*,*,#4049,.T.);
#5265=ORIENTED_EDGE('',*,*,#4051,.T.);
#5266=ORIENTED_EDGE('',*,*,#4038,.T.);
#5267=ORIENTED_EDGE('',*,*,#4052,.F.);
#5268=ORIENTED_EDGE('',*,*,#4053,.F.);
#5269=ORIENTED_EDGE('',*,*,#4048,.F.);
#5270=ORIENTED_EDGE('',*,*,#3939,.T.);
#5271=ORIENTED_EDGE('',*,*,#4054,.T.);
#5272=ORIENTED_EDGE('',*,*,#3935,.T.);
#5273=ORIENTED_EDGE('',*,*,#4055,.F.);
#5274=ORIENTED_EDGE('',*,*,#4056,.T.);
#5275=ORIENTED_EDGE('',*,*,#4057,.T.);
#5276=ORIENTED_EDGE('',*,*,#4058,.T.);
#5277=ORIENTED_EDGE('',*,*,#3936,.T.);
#5278=ORIENTED_EDGE('',*,*,#4054,.F.);
#5279=ORIENTED_EDGE('',*,*,#4059,.F.);
#5280=ORIENTED_EDGE('',*,*,#4060,.T.);
#5281=ORIENTED_EDGE('',*,*,#4055,.T.);
#5282=ORIENTED_EDGE('',*,*,#3934,.T.);
#5283=ORIENTED_EDGE('',*,*,#4061,.T.);
#5284=ORIENTED_EDGE('',*,*,#4059,.T.);
#5285=ORIENTED_EDGE('',*,*,#3933,.T.);
#5286=ORIENTED_EDGE('',*,*,#4062,.T.);
#5287=ORIENTED_EDGE('',*,*,#4063,.F.);
#5288=ORIENTED_EDGE('',*,*,#3937,.T.);
#5289=ORIENTED_EDGE('',*,*,#4058,.F.);
#5290=ORIENTED_EDGE('',*,*,#4064,.T.);
#5291=ORIENTED_EDGE('',*,*,#3938,.T.);
#5292=ORIENTED_EDGE('',*,*,#4063,.T.);
#5293=ORIENTED_EDGE('',*,*,#4065,.T.);
#5294=ORIENTED_EDGE('',*,*,#4052,.T.);
#5295=ORIENTED_EDGE('',*,*,#4066,.F.);
#5296=ORIENTED_EDGE('',*,*,#4067,.F.);
#5297=ORIENTED_EDGE('',*,*,#4062,.F.);
#5298=ORIENTED_EDGE('',*,*,#3932,.T.);
#5299=ORIENTED_EDGE('',*,*,#4068,.T.);
#5300=ORIENTED_EDGE('',*,*,#3928,.T.);
#5301=ORIENTED_EDGE('',*,*,#4069,.F.);
#5302=ORIENTED_EDGE('',*,*,#4070,.T.);
#5303=ORIENTED_EDGE('',*,*,#4071,.T.);
#5304=ORIENTED_EDGE('',*,*,#4072,.T.);
#5305=ORIENTED_EDGE('',*,*,#3929,.T.);
#5306=ORIENTED_EDGE('',*,*,#4068,.F.);
#5307=ORIENTED_EDGE('',*,*,#4073,.F.);
#5308=ORIENTED_EDGE('',*,*,#4074,.T.);
#5309=ORIENTED_EDGE('',*,*,#4069,.T.);
#5310=ORIENTED_EDGE('',*,*,#3927,.T.);
#5311=ORIENTED_EDGE('',*,*,#4075,.T.);
#5312=ORIENTED_EDGE('',*,*,#4073,.T.);
#5313=ORIENTED_EDGE('',*,*,#3926,.T.);
#5314=ORIENTED_EDGE('',*,*,#4076,.T.);
#5315=ORIENTED_EDGE('',*,*,#4077,.F.);
#5316=ORIENTED_EDGE('',*,*,#3930,.T.);
#5317=ORIENTED_EDGE('',*,*,#4072,.F.);
#5318=ORIENTED_EDGE('',*,*,#4078,.T.);
#5319=ORIENTED_EDGE('',*,*,#3931,.T.);
#5320=ORIENTED_EDGE('',*,*,#4077,.T.);
#5321=ORIENTED_EDGE('',*,*,#4079,.T.);
#5322=ORIENTED_EDGE('',*,*,#4066,.T.);
#5323=ORIENTED_EDGE('',*,*,#4080,.F.);
#5324=ORIENTED_EDGE('',*,*,#4081,.F.);
#5325=ORIENTED_EDGE('',*,*,#4076,.F.);
#5326=ORIENTED_EDGE('',*,*,#3925,.T.);
#5327=ORIENTED_EDGE('',*,*,#4082,.T.);
#5328=ORIENTED_EDGE('',*,*,#3921,.T.);
#5329=ORIENTED_EDGE('',*,*,#4083,.F.);
#5330=ORIENTED_EDGE('',*,*,#4084,.T.);
#5331=ORIENTED_EDGE('',*,*,#4085,.T.);
#5332=ORIENTED_EDGE('',*,*,#4086,.T.);
#5333=ORIENTED_EDGE('',*,*,#3922,.T.);
#5334=ORIENTED_EDGE('',*,*,#4082,.F.);
#5335=ORIENTED_EDGE('',*,*,#4087,.F.);
#5336=ORIENTED_EDGE('',*,*,#4088,.T.);
#5337=ORIENTED_EDGE('',*,*,#4083,.T.);
#5338=ORIENTED_EDGE('',*,*,#3920,.T.);
#5339=ORIENTED_EDGE('',*,*,#4089,.T.);
#5340=ORIENTED_EDGE('',*,*,#4087,.T.);
#5341=ORIENTED_EDGE('',*,*,#3919,.T.);
#5342=ORIENTED_EDGE('',*,*,#4090,.T.);
#5343=ORIENTED_EDGE('',*,*,#4091,.F.);
#5344=ORIENTED_EDGE('',*,*,#3923,.T.);
#5345=ORIENTED_EDGE('',*,*,#4086,.F.);
#5346=ORIENTED_EDGE('',*,*,#4092,.T.);
#5347=ORIENTED_EDGE('',*,*,#3924,.T.);
#5348=ORIENTED_EDGE('',*,*,#4091,.T.);
#5349=ORIENTED_EDGE('',*,*,#4093,.T.);
#5350=ORIENTED_EDGE('',*,*,#4080,.T.);
#5351=ORIENTED_EDGE('',*,*,#4094,.F.);
#5352=ORIENTED_EDGE('',*,*,#4095,.F.);
#5353=ORIENTED_EDGE('',*,*,#4090,.F.);
#5354=ORIENTED_EDGE('',*,*,#3918,.T.);
#5355=ORIENTED_EDGE('',*,*,#4096,.T.);
#5356=ORIENTED_EDGE('',*,*,#3914,.T.);
#5357=ORIENTED_EDGE('',*,*,#4097,.F.);
#5358=ORIENTED_EDGE('',*,*,#4098,.T.);
#5359=ORIENTED_EDGE('',*,*,#4099,.T.);
#5360=ORIENTED_EDGE('',*,*,#4100,.T.);
#5361=ORIENTED_EDGE('',*,*,#3915,.T.);
#5362=ORIENTED_EDGE('',*,*,#4096,.F.);
#5363=ORIENTED_EDGE('',*,*,#4101,.F.);
#5364=ORIENTED_EDGE('',*,*,#4102,.T.);
#5365=ORIENTED_EDGE('',*,*,#4097,.T.);
#5366=ORIENTED_EDGE('',*,*,#3913,.T.);
#5367=ORIENTED_EDGE('',*,*,#4103,.T.);
#5368=ORIENTED_EDGE('',*,*,#4101,.T.);
#5369=ORIENTED_EDGE('',*,*,#3912,.T.);
#5370=ORIENTED_EDGE('',*,*,#4104,.T.);
#5371=ORIENTED_EDGE('',*,*,#4105,.F.);
#5372=ORIENTED_EDGE('',*,*,#3916,.T.);
#5373=ORIENTED_EDGE('',*,*,#4100,.F.);
#5374=ORIENTED_EDGE('',*,*,#4106,.T.);
#5375=ORIENTED_EDGE('',*,*,#3917,.T.);
#5376=ORIENTED_EDGE('',*,*,#4105,.T.);
#5377=ORIENTED_EDGE('',*,*,#4107,.T.);
#5378=ORIENTED_EDGE('',*,*,#4094,.T.);
#5379=ORIENTED_EDGE('',*,*,#4108,.F.);
#5380=ORIENTED_EDGE('',*,*,#4109,.F.);
#5381=ORIENTED_EDGE('',*,*,#4104,.F.);
#5382=ORIENTED_EDGE('',*,*,#3911,.T.);
#5383=ORIENTED_EDGE('',*,*,#4110,.T.);
#5384=ORIENTED_EDGE('',*,*,#3907,.T.);
#5385=ORIENTED_EDGE('',*,*,#4111,.F.);
#5386=ORIENTED_EDGE('',*,*,#4112,.T.);
#5387=ORIENTED_EDGE('',*,*,#4113,.T.);
#5388=ORIENTED_EDGE('',*,*,#4114,.T.);
#5389=ORIENTED_EDGE('',*,*,#3908,.T.);
#5390=ORIENTED_EDGE('',*,*,#4110,.F.);
#5391=ORIENTED_EDGE('',*,*,#4115,.F.);
#5392=ORIENTED_EDGE('',*,*,#4116,.T.);
#5393=ORIENTED_EDGE('',*,*,#4111,.T.);
#5394=ORIENTED_EDGE('',*,*,#3906,.T.);
#5395=ORIENTED_EDGE('',*,*,#4117,.T.);
#5396=ORIENTED_EDGE('',*,*,#4115,.T.);
#5397=ORIENTED_EDGE('',*,*,#3905,.T.);
#5398=ORIENTED_EDGE('',*,*,#4118,.T.);
#5399=ORIENTED_EDGE('',*,*,#4119,.F.);
#5400=ORIENTED_EDGE('',*,*,#3909,.T.);
#5401=ORIENTED_EDGE('',*,*,#4114,.F.);
#5402=ORIENTED_EDGE('',*,*,#4120,.T.);
#5403=ORIENTED_EDGE('',*,*,#3910,.T.);
#5404=ORIENTED_EDGE('',*,*,#4119,.T.);
#5405=ORIENTED_EDGE('',*,*,#4121,.T.);
#5406=ORIENTED_EDGE('',*,*,#4108,.T.);
#5407=ORIENTED_EDGE('',*,*,#4122,.F.);
#5408=ORIENTED_EDGE('',*,*,#4123,.F.);
#5409=ORIENTED_EDGE('',*,*,#4118,.F.);
#5410=ORIENTED_EDGE('',*,*,#3904,.T.);
#5411=ORIENTED_EDGE('',*,*,#4124,.T.);
#5412=ORIENTED_EDGE('',*,*,#3900,.T.);
#5413=ORIENTED_EDGE('',*,*,#4125,.F.);
#5414=ORIENTED_EDGE('',*,*,#4126,.T.);
#5415=ORIENTED_EDGE('',*,*,#4127,.T.);
#5416=ORIENTED_EDGE('',*,*,#4128,.T.);
#5417=ORIENTED_EDGE('',*,*,#3901,.T.);
#5418=ORIENTED_EDGE('',*,*,#4124,.F.);
#5419=ORIENTED_EDGE('',*,*,#4129,.F.);
#5420=ORIENTED_EDGE('',*,*,#4130,.T.);
#5421=ORIENTED_EDGE('',*,*,#4125,.T.);
#5422=ORIENTED_EDGE('',*,*,#3899,.T.);
#5423=ORIENTED_EDGE('',*,*,#4131,.T.);
#5424=ORIENTED_EDGE('',*,*,#4129,.T.);
#5425=ORIENTED_EDGE('',*,*,#3898,.T.);
#5426=ORIENTED_EDGE('',*,*,#4132,.T.);
#5427=ORIENTED_EDGE('',*,*,#4133,.F.);
#5428=ORIENTED_EDGE('',*,*,#3902,.T.);
#5429=ORIENTED_EDGE('',*,*,#4128,.F.);
#5430=ORIENTED_EDGE('',*,*,#4134,.T.);
#5431=ORIENTED_EDGE('',*,*,#3903,.T.);
#5432=ORIENTED_EDGE('',*,*,#4133,.T.);
#5433=ORIENTED_EDGE('',*,*,#4135,.T.);
#5434=ORIENTED_EDGE('',*,*,#4122,.T.);
#5435=ORIENTED_EDGE('',*,*,#4136,.F.);
#5436=ORIENTED_EDGE('',*,*,#4137,.F.);
#5437=ORIENTED_EDGE('',*,*,#4132,.F.);
#5438=ORIENTED_EDGE('',*,*,#3897,.T.);
#5439=ORIENTED_EDGE('',*,*,#4138,.T.);
#5440=ORIENTED_EDGE('',*,*,#3893,.T.);
#5441=ORIENTED_EDGE('',*,*,#4139,.F.);
#5442=ORIENTED_EDGE('',*,*,#4140,.T.);
#5443=ORIENTED_EDGE('',*,*,#4141,.T.);
#5444=ORIENTED_EDGE('',*,*,#4142,.T.);
#5445=ORIENTED_EDGE('',*,*,#3894,.T.);
#5446=ORIENTED_EDGE('',*,*,#4138,.F.);
#5447=ORIENTED_EDGE('',*,*,#4143,.F.);
#5448=ORIENTED_EDGE('',*,*,#4144,.T.);
#5449=ORIENTED_EDGE('',*,*,#4139,.T.);
#5450=ORIENTED_EDGE('',*,*,#3892,.T.);
#5451=ORIENTED_EDGE('',*,*,#4145,.T.);
#5452=ORIENTED_EDGE('',*,*,#4143,.T.);
#5453=ORIENTED_EDGE('',*,*,#3891,.T.);
#5454=ORIENTED_EDGE('',*,*,#4146,.T.);
#5455=ORIENTED_EDGE('',*,*,#4147,.F.);
#5456=ORIENTED_EDGE('',*,*,#3895,.T.);
#5457=ORIENTED_EDGE('',*,*,#4142,.F.);
#5458=ORIENTED_EDGE('',*,*,#4148,.T.);
#5459=ORIENTED_EDGE('',*,*,#3896,.T.);
#5460=ORIENTED_EDGE('',*,*,#4147,.T.);
#5461=ORIENTED_EDGE('',*,*,#4149,.T.);
#5462=ORIENTED_EDGE('',*,*,#4136,.T.);
#5463=ORIENTED_EDGE('',*,*,#4150,.F.);
#5464=ORIENTED_EDGE('',*,*,#4151,.F.);
#5465=ORIENTED_EDGE('',*,*,#4146,.F.);
#5466=ORIENTED_EDGE('',*,*,#3890,.T.);
#5467=ORIENTED_EDGE('',*,*,#4152,.T.);
#5468=ORIENTED_EDGE('',*,*,#3886,.T.);
#5469=ORIENTED_EDGE('',*,*,#4153,.F.);
#5470=ORIENTED_EDGE('',*,*,#4154,.T.);
#5471=ORIENTED_EDGE('',*,*,#4155,.T.);
#5472=ORIENTED_EDGE('',*,*,#4156,.T.);
#5473=ORIENTED_EDGE('',*,*,#3887,.T.);
#5474=ORIENTED_EDGE('',*,*,#4152,.F.);
#5475=ORIENTED_EDGE('',*,*,#4157,.F.);
#5476=ORIENTED_EDGE('',*,*,#4158,.T.);
#5477=ORIENTED_EDGE('',*,*,#4153,.T.);
#5478=ORIENTED_EDGE('',*,*,#3885,.T.);
#5479=ORIENTED_EDGE('',*,*,#4159,.T.);
#5480=ORIENTED_EDGE('',*,*,#4157,.T.);
#5481=ORIENTED_EDGE('',*,*,#3884,.T.);
#5482=ORIENTED_EDGE('',*,*,#4160,.T.);
#5483=ORIENTED_EDGE('',*,*,#4161,.F.);
#5484=ORIENTED_EDGE('',*,*,#3888,.T.);
#5485=ORIENTED_EDGE('',*,*,#4156,.F.);
#5486=ORIENTED_EDGE('',*,*,#4162,.T.);
#5487=ORIENTED_EDGE('',*,*,#3889,.T.);
#5488=ORIENTED_EDGE('',*,*,#4161,.T.);
#5489=ORIENTED_EDGE('',*,*,#4163,.T.);
#5490=ORIENTED_EDGE('',*,*,#4150,.T.);
#5491=ORIENTED_EDGE('',*,*,#4164,.F.);
#5492=ORIENTED_EDGE('',*,*,#4165,.F.);
#5493=ORIENTED_EDGE('',*,*,#4160,.F.);
#5494=ORIENTED_EDGE('',*,*,#3883,.T.);
#5495=ORIENTED_EDGE('',*,*,#4166,.T.);
#5496=ORIENTED_EDGE('',*,*,#3879,.T.);
#5497=ORIENTED_EDGE('',*,*,#4167,.F.);
#5498=ORIENTED_EDGE('',*,*,#4168,.T.);
#5499=ORIENTED_EDGE('',*,*,#4169,.T.);
#5500=ORIENTED_EDGE('',*,*,#4170,.T.);
#5501=ORIENTED_EDGE('',*,*,#3880,.T.);
#5502=ORIENTED_EDGE('',*,*,#4166,.F.);
#5503=ORIENTED_EDGE('',*,*,#4171,.F.);
#5504=ORIENTED_EDGE('',*,*,#4172,.T.);
#5505=ORIENTED_EDGE('',*,*,#4167,.T.);
#5506=ORIENTED_EDGE('',*,*,#3878,.T.);
#5507=ORIENTED_EDGE('',*,*,#4173,.T.);
#5508=ORIENTED_EDGE('',*,*,#4171,.T.);
#5509=ORIENTED_EDGE('',*,*,#3877,.T.);
#5510=ORIENTED_EDGE('',*,*,#4174,.T.);
#5511=ORIENTED_EDGE('',*,*,#4175,.F.);
#5512=ORIENTED_EDGE('',*,*,#3881,.T.);
#5513=ORIENTED_EDGE('',*,*,#4170,.F.);
#5514=ORIENTED_EDGE('',*,*,#4176,.T.);
#5515=ORIENTED_EDGE('',*,*,#3882,.T.);
#5516=ORIENTED_EDGE('',*,*,#4175,.T.);
#5517=ORIENTED_EDGE('',*,*,#4177,.T.);
#5518=ORIENTED_EDGE('',*,*,#4164,.T.);
#5519=ORIENTED_EDGE('',*,*,#4178,.F.);
#5520=ORIENTED_EDGE('',*,*,#4179,.F.);
#5521=ORIENTED_EDGE('',*,*,#4174,.F.);
#5522=ORIENTED_EDGE('',*,*,#3876,.T.);
#5523=ORIENTED_EDGE('',*,*,#4180,.T.);
#5524=ORIENTED_EDGE('',*,*,#3872,.T.);
#5525=ORIENTED_EDGE('',*,*,#4181,.F.);
#5526=ORIENTED_EDGE('',*,*,#4182,.T.);
#5527=ORIENTED_EDGE('',*,*,#4183,.T.);
#5528=ORIENTED_EDGE('',*,*,#4184,.T.);
#5529=ORIENTED_EDGE('',*,*,#3873,.T.);
#5530=ORIENTED_EDGE('',*,*,#4180,.F.);
#5531=ORIENTED_EDGE('',*,*,#4185,.F.);
#5532=ORIENTED_EDGE('',*,*,#4186,.T.);
#5533=ORIENTED_EDGE('',*,*,#4181,.T.);
#5534=ORIENTED_EDGE('',*,*,#3871,.T.);
#5535=ORIENTED_EDGE('',*,*,#4187,.T.);
#5536=ORIENTED_EDGE('',*,*,#4185,.T.);
#5537=ORIENTED_EDGE('',*,*,#3870,.T.);
#5538=ORIENTED_EDGE('',*,*,#4188,.T.);
#5539=ORIENTED_EDGE('',*,*,#4189,.F.);
#5540=ORIENTED_EDGE('',*,*,#3874,.T.);
#5541=ORIENTED_EDGE('',*,*,#4184,.F.);
#5542=ORIENTED_EDGE('',*,*,#4190,.T.);
#5543=ORIENTED_EDGE('',*,*,#3875,.T.);
#5544=ORIENTED_EDGE('',*,*,#4189,.T.);
#5545=ORIENTED_EDGE('',*,*,#4191,.T.);
#5546=ORIENTED_EDGE('',*,*,#4178,.T.);
#5547=ORIENTED_EDGE('',*,*,#4192,.F.);
#5548=ORIENTED_EDGE('',*,*,#4193,.F.);
#5549=ORIENTED_EDGE('',*,*,#4188,.F.);
#5550=ORIENTED_EDGE('',*,*,#3869,.T.);
#5551=ORIENTED_EDGE('',*,*,#4194,.T.);
#5552=ORIENTED_EDGE('',*,*,#3865,.T.);
#5553=ORIENTED_EDGE('',*,*,#4195,.F.);
#5554=ORIENTED_EDGE('',*,*,#4196,.T.);
#5555=ORIENTED_EDGE('',*,*,#4197,.T.);
#5556=ORIENTED_EDGE('',*,*,#4198,.T.);
#5557=ORIENTED_EDGE('',*,*,#3866,.T.);
#5558=ORIENTED_EDGE('',*,*,#4194,.F.);
#5559=ORIENTED_EDGE('',*,*,#4199,.F.);
#5560=ORIENTED_EDGE('',*,*,#4200,.T.);
#5561=ORIENTED_EDGE('',*,*,#4195,.T.);
#5562=ORIENTED_EDGE('',*,*,#3864,.T.);
#5563=ORIENTED_EDGE('',*,*,#4201,.T.);
#5564=ORIENTED_EDGE('',*,*,#4199,.T.);
#5565=ORIENTED_EDGE('',*,*,#3863,.T.);
#5566=ORIENTED_EDGE('',*,*,#4202,.T.);
#5567=ORIENTED_EDGE('',*,*,#4203,.F.);
#5568=ORIENTED_EDGE('',*,*,#3867,.T.);
#5569=ORIENTED_EDGE('',*,*,#4198,.F.);
#5570=ORIENTED_EDGE('',*,*,#4204,.T.);
#5571=ORIENTED_EDGE('',*,*,#3868,.T.);
#5572=ORIENTED_EDGE('',*,*,#4203,.T.);
#5573=ORIENTED_EDGE('',*,*,#4205,.T.);
#5574=ORIENTED_EDGE('',*,*,#4192,.T.);
#5575=ORIENTED_EDGE('',*,*,#4206,.F.);
#5576=ORIENTED_EDGE('',*,*,#4207,.F.);
#5577=ORIENTED_EDGE('',*,*,#4202,.F.);
#5578=ORIENTED_EDGE('',*,*,#3862,.T.);
#5579=ORIENTED_EDGE('',*,*,#4208,.T.);
#5580=ORIENTED_EDGE('',*,*,#3858,.T.);
#5581=ORIENTED_EDGE('',*,*,#4209,.F.);
#5582=ORIENTED_EDGE('',*,*,#4210,.T.);
#5583=ORIENTED_EDGE('',*,*,#4211,.T.);
#5584=ORIENTED_EDGE('',*,*,#4212,.T.);
#5585=ORIENTED_EDGE('',*,*,#3859,.T.);
#5586=ORIENTED_EDGE('',*,*,#4208,.F.);
#5587=ORIENTED_EDGE('',*,*,#4213,.F.);
#5588=ORIENTED_EDGE('',*,*,#4214,.T.);
#5589=ORIENTED_EDGE('',*,*,#4209,.T.);
#5590=ORIENTED_EDGE('',*,*,#3857,.T.);
#5591=ORIENTED_EDGE('',*,*,#4215,.T.);
#5592=ORIENTED_EDGE('',*,*,#4213,.T.);
#5593=ORIENTED_EDGE('',*,*,#3856,.T.);
#5594=ORIENTED_EDGE('',*,*,#4216,.T.);
#5595=ORIENTED_EDGE('',*,*,#4217,.F.);
#5596=ORIENTED_EDGE('',*,*,#3860,.T.);
#5597=ORIENTED_EDGE('',*,*,#4212,.F.);
#5598=ORIENTED_EDGE('',*,*,#4218,.T.);
#5599=ORIENTED_EDGE('',*,*,#3861,.T.);
#5600=ORIENTED_EDGE('',*,*,#4217,.T.);
#5601=ORIENTED_EDGE('',*,*,#4219,.T.);
#5602=ORIENTED_EDGE('',*,*,#4206,.T.);
#5603=ORIENTED_EDGE('',*,*,#4220,.F.);
#5604=ORIENTED_EDGE('',*,*,#4221,.F.);
#5605=ORIENTED_EDGE('',*,*,#4216,.F.);
#5606=ORIENTED_EDGE('',*,*,#3855,.T.);
#5607=ORIENTED_EDGE('',*,*,#4222,.T.);
#5608=ORIENTED_EDGE('',*,*,#3851,.T.);
#5609=ORIENTED_EDGE('',*,*,#4223,.F.);
#5610=ORIENTED_EDGE('',*,*,#4224,.T.);
#5611=ORIENTED_EDGE('',*,*,#4225,.T.);
#5612=ORIENTED_EDGE('',*,*,#4226,.T.);
#5613=ORIENTED_EDGE('',*,*,#3852,.T.);
#5614=ORIENTED_EDGE('',*,*,#4222,.F.);
#5615=ORIENTED_EDGE('',*,*,#4227,.F.);
#5616=ORIENTED_EDGE('',*,*,#4228,.T.);
#5617=ORIENTED_EDGE('',*,*,#4223,.T.);
#5618=ORIENTED_EDGE('',*,*,#3850,.T.);
#5619=ORIENTED_EDGE('',*,*,#4229,.T.);
#5620=ORIENTED_EDGE('',*,*,#4227,.T.);
#5621=ORIENTED_EDGE('',*,*,#3849,.T.);
#5622=ORIENTED_EDGE('',*,*,#4230,.T.);
#5623=ORIENTED_EDGE('',*,*,#4231,.F.);
#5624=ORIENTED_EDGE('',*,*,#3853,.T.);
#5625=ORIENTED_EDGE('',*,*,#4226,.F.);
#5626=ORIENTED_EDGE('',*,*,#4232,.T.);
#5627=ORIENTED_EDGE('',*,*,#3854,.T.);
#5628=ORIENTED_EDGE('',*,*,#4231,.T.);
#5629=ORIENTED_EDGE('',*,*,#4233,.T.);
#5630=ORIENTED_EDGE('',*,*,#4220,.T.);
#5631=ORIENTED_EDGE('',*,*,#4234,.F.);
#5632=ORIENTED_EDGE('',*,*,#4235,.F.);
#5633=ORIENTED_EDGE('',*,*,#4230,.F.);
#5634=ORIENTED_EDGE('',*,*,#3848,.T.);
#5635=ORIENTED_EDGE('',*,*,#4236,.T.);
#5636=ORIENTED_EDGE('',*,*,#3844,.T.);
#5637=ORIENTED_EDGE('',*,*,#4237,.F.);
#5638=ORIENTED_EDGE('',*,*,#4238,.T.);
#5639=ORIENTED_EDGE('',*,*,#4239,.T.);
#5640=ORIENTED_EDGE('',*,*,#4240,.T.);
#5641=ORIENTED_EDGE('',*,*,#3845,.T.);
#5642=ORIENTED_EDGE('',*,*,#4236,.F.);
#5643=ORIENTED_EDGE('',*,*,#4241,.F.);
#5644=ORIENTED_EDGE('',*,*,#4242,.T.);
#5645=ORIENTED_EDGE('',*,*,#4237,.T.);
#5646=ORIENTED_EDGE('',*,*,#3843,.T.);
#5647=ORIENTED_EDGE('',*,*,#4243,.T.);
#5648=ORIENTED_EDGE('',*,*,#4241,.T.);
#5649=ORIENTED_EDGE('',*,*,#3842,.T.);
#5650=ORIENTED_EDGE('',*,*,#4244,.T.);
#5651=ORIENTED_EDGE('',*,*,#4245,.F.);
#5652=ORIENTED_EDGE('',*,*,#3846,.T.);
#5653=ORIENTED_EDGE('',*,*,#4240,.F.);
#5654=ORIENTED_EDGE('',*,*,#4246,.T.);
#5655=ORIENTED_EDGE('',*,*,#3847,.T.);
#5656=ORIENTED_EDGE('',*,*,#4245,.T.);
#5657=ORIENTED_EDGE('',*,*,#4247,.T.);
#5658=ORIENTED_EDGE('',*,*,#4234,.T.);
#5659=ORIENTED_EDGE('',*,*,#4248,.F.);
#5660=ORIENTED_EDGE('',*,*,#4249,.F.);
#5661=ORIENTED_EDGE('',*,*,#4244,.F.);
#5662=ORIENTED_EDGE('',*,*,#3841,.T.);
#5663=ORIENTED_EDGE('',*,*,#4250,.T.);
#5664=ORIENTED_EDGE('',*,*,#3837,.T.);
#5665=ORIENTED_EDGE('',*,*,#4251,.F.);
#5666=ORIENTED_EDGE('',*,*,#4252,.T.);
#5667=ORIENTED_EDGE('',*,*,#4253,.T.);
#5668=ORIENTED_EDGE('',*,*,#4254,.T.);
#5669=ORIENTED_EDGE('',*,*,#3838,.T.);
#5670=ORIENTED_EDGE('',*,*,#4250,.F.);
#5671=ORIENTED_EDGE('',*,*,#4255,.F.);
#5672=ORIENTED_EDGE('',*,*,#4256,.T.);
#5673=ORIENTED_EDGE('',*,*,#4251,.T.);
#5674=ORIENTED_EDGE('',*,*,#3836,.T.);
#5675=ORIENTED_EDGE('',*,*,#4257,.T.);
#5676=ORIENTED_EDGE('',*,*,#4255,.T.);
#5677=ORIENTED_EDGE('',*,*,#3835,.T.);
#5678=ORIENTED_EDGE('',*,*,#4258,.T.);
#5679=ORIENTED_EDGE('',*,*,#4259,.F.);
#5680=ORIENTED_EDGE('',*,*,#3839,.T.);
#5681=ORIENTED_EDGE('',*,*,#4254,.F.);
#5682=ORIENTED_EDGE('',*,*,#4260,.T.);
#5683=ORIENTED_EDGE('',*,*,#3840,.T.);
#5684=ORIENTED_EDGE('',*,*,#4259,.T.);
#5685=ORIENTED_EDGE('',*,*,#4261,.T.);
#5686=ORIENTED_EDGE('',*,*,#4248,.T.);
#5687=ORIENTED_EDGE('',*,*,#4262,.F.);
#5688=ORIENTED_EDGE('',*,*,#4263,.F.);
#5689=ORIENTED_EDGE('',*,*,#4258,.F.);
#5690=ORIENTED_EDGE('',*,*,#3834,.T.);
#5691=ORIENTED_EDGE('',*,*,#4264,.T.);
#5692=ORIENTED_EDGE('',*,*,#3830,.T.);
#5693=ORIENTED_EDGE('',*,*,#4265,.F.);
#5694=ORIENTED_EDGE('',*,*,#4266,.T.);
#5695=ORIENTED_EDGE('',*,*,#4267,.T.);
#5696=ORIENTED_EDGE('',*,*,#4268,.T.);
#5697=ORIENTED_EDGE('',*,*,#3831,.T.);
#5698=ORIENTED_EDGE('',*,*,#4264,.F.);
#5699=ORIENTED_EDGE('',*,*,#4269,.F.);
#5700=ORIENTED_EDGE('',*,*,#4270,.T.);
#5701=ORIENTED_EDGE('',*,*,#4265,.T.);
#5702=ORIENTED_EDGE('',*,*,#3829,.T.);
#5703=ORIENTED_EDGE('',*,*,#4271,.T.);
#5704=ORIENTED_EDGE('',*,*,#4269,.T.);
#5705=ORIENTED_EDGE('',*,*,#3828,.T.);
#5706=ORIENTED_EDGE('',*,*,#4272,.T.);
#5707=ORIENTED_EDGE('',*,*,#4273,.F.);
#5708=ORIENTED_EDGE('',*,*,#3832,.T.);
#5709=ORIENTED_EDGE('',*,*,#4268,.F.);
#5710=ORIENTED_EDGE('',*,*,#4274,.T.);
#5711=ORIENTED_EDGE('',*,*,#3833,.T.);
#5712=ORIENTED_EDGE('',*,*,#4273,.T.);
#5713=ORIENTED_EDGE('',*,*,#4275,.T.);
#5714=ORIENTED_EDGE('',*,*,#4262,.T.);
#5715=ORIENTED_EDGE('',*,*,#4276,.F.);
#5716=ORIENTED_EDGE('',*,*,#4277,.F.);
#5717=ORIENTED_EDGE('',*,*,#4272,.F.);
#5718=ORIENTED_EDGE('',*,*,#3827,.T.);
#5719=ORIENTED_EDGE('',*,*,#4278,.T.);
#5720=ORIENTED_EDGE('',*,*,#3823,.T.);
#5721=ORIENTED_EDGE('',*,*,#4279,.F.);
#5722=ORIENTED_EDGE('',*,*,#4280,.T.);
#5723=ORIENTED_EDGE('',*,*,#4281,.T.);
#5724=ORIENTED_EDGE('',*,*,#4282,.T.);
#5725=ORIENTED_EDGE('',*,*,#3824,.T.);
#5726=ORIENTED_EDGE('',*,*,#4278,.F.);
#5727=ORIENTED_EDGE('',*,*,#4283,.F.);
#5728=ORIENTED_EDGE('',*,*,#4284,.T.);
#5729=ORIENTED_EDGE('',*,*,#4279,.T.);
#5730=ORIENTED_EDGE('',*,*,#3822,.T.);
#5731=ORIENTED_EDGE('',*,*,#4285,.T.);
#5732=ORIENTED_EDGE('',*,*,#4283,.T.);
#5733=ORIENTED_EDGE('',*,*,#3821,.T.);
#5734=ORIENTED_EDGE('',*,*,#4286,.T.);
#5735=ORIENTED_EDGE('',*,*,#4287,.F.);
#5736=ORIENTED_EDGE('',*,*,#3825,.T.);
#5737=ORIENTED_EDGE('',*,*,#4282,.F.);
#5738=ORIENTED_EDGE('',*,*,#4288,.T.);
#5739=ORIENTED_EDGE('',*,*,#3826,.T.);
#5740=ORIENTED_EDGE('',*,*,#4287,.T.);
#5741=ORIENTED_EDGE('',*,*,#4289,.T.);
#5742=ORIENTED_EDGE('',*,*,#4276,.T.);
#5743=ORIENTED_EDGE('',*,*,#4290,.F.);
#5744=ORIENTED_EDGE('',*,*,#4291,.F.);
#5745=ORIENTED_EDGE('',*,*,#4286,.F.);
#5746=ORIENTED_EDGE('',*,*,#3820,.T.);
#5747=ORIENTED_EDGE('',*,*,#4292,.T.);
#5748=ORIENTED_EDGE('',*,*,#3816,.T.);
#5749=ORIENTED_EDGE('',*,*,#4293,.F.);
#5750=ORIENTED_EDGE('',*,*,#4294,.T.);
#5751=ORIENTED_EDGE('',*,*,#4295,.T.);
#5752=ORIENTED_EDGE('',*,*,#4296,.T.);
#5753=ORIENTED_EDGE('',*,*,#3817,.T.);
#5754=ORIENTED_EDGE('',*,*,#4292,.F.);
#5755=ORIENTED_EDGE('',*,*,#4297,.F.);
#5756=ORIENTED_EDGE('',*,*,#4298,.T.);
#5757=ORIENTED_EDGE('',*,*,#4293,.T.);
#5758=ORIENTED_EDGE('',*,*,#3815,.T.);
#5759=ORIENTED_EDGE('',*,*,#4299,.T.);
#5760=ORIENTED_EDGE('',*,*,#4297,.T.);
#5761=ORIENTED_EDGE('',*,*,#3814,.T.);
#5762=ORIENTED_EDGE('',*,*,#4300,.T.);
#5763=ORIENTED_EDGE('',*,*,#4301,.F.);
#5764=ORIENTED_EDGE('',*,*,#3818,.T.);
#5765=ORIENTED_EDGE('',*,*,#4296,.F.);
#5766=ORIENTED_EDGE('',*,*,#4302,.T.);
#5767=ORIENTED_EDGE('',*,*,#3819,.T.);
#5768=ORIENTED_EDGE('',*,*,#4301,.T.);
#5769=ORIENTED_EDGE('',*,*,#4303,.T.);
#5770=ORIENTED_EDGE('',*,*,#4290,.T.);
#5771=ORIENTED_EDGE('',*,*,#4304,.F.);
#5772=ORIENTED_EDGE('',*,*,#4305,.F.);
#5773=ORIENTED_EDGE('',*,*,#4300,.F.);
#5774=ORIENTED_EDGE('',*,*,#3813,.T.);
#5775=ORIENTED_EDGE('',*,*,#4306,.T.);
#5776=ORIENTED_EDGE('',*,*,#3809,.T.);
#5777=ORIENTED_EDGE('',*,*,#4307,.F.);
#5778=ORIENTED_EDGE('',*,*,#4308,.T.);
#5779=ORIENTED_EDGE('',*,*,#4309,.T.);
#5780=ORIENTED_EDGE('',*,*,#4310,.T.);
#5781=ORIENTED_EDGE('',*,*,#3810,.T.);
#5782=ORIENTED_EDGE('',*,*,#4306,.F.);
#5783=ORIENTED_EDGE('',*,*,#4311,.F.);
#5784=ORIENTED_EDGE('',*,*,#4312,.T.);
#5785=ORIENTED_EDGE('',*,*,#4307,.T.);
#5786=ORIENTED_EDGE('',*,*,#3808,.T.);
#5787=ORIENTED_EDGE('',*,*,#4313,.T.);
#5788=ORIENTED_EDGE('',*,*,#4311,.T.);
#5789=ORIENTED_EDGE('',*,*,#3807,.T.);
#5790=ORIENTED_EDGE('',*,*,#4314,.T.);
#5791=ORIENTED_EDGE('',*,*,#4315,.F.);
#5792=ORIENTED_EDGE('',*,*,#3811,.T.);
#5793=ORIENTED_EDGE('',*,*,#4310,.F.);
#5794=ORIENTED_EDGE('',*,*,#4316,.T.);
#5795=ORIENTED_EDGE('',*,*,#3812,.T.);
#5796=ORIENTED_EDGE('',*,*,#4315,.T.);
#5797=ORIENTED_EDGE('',*,*,#4317,.T.);
#5798=ORIENTED_EDGE('',*,*,#4304,.T.);
#5799=ORIENTED_EDGE('',*,*,#4318,.F.);
#5800=ORIENTED_EDGE('',*,*,#4319,.F.);
#5801=ORIENTED_EDGE('',*,*,#4314,.F.);
#5802=ORIENTED_EDGE('',*,*,#3806,.T.);
#5803=ORIENTED_EDGE('',*,*,#4320,.T.);
#5804=ORIENTED_EDGE('',*,*,#3802,.T.);
#5805=ORIENTED_EDGE('',*,*,#4321,.F.);
#5806=ORIENTED_EDGE('',*,*,#4322,.T.);
#5807=ORIENTED_EDGE('',*,*,#4323,.T.);
#5808=ORIENTED_EDGE('',*,*,#4324,.T.);
#5809=ORIENTED_EDGE('',*,*,#3803,.T.);
#5810=ORIENTED_EDGE('',*,*,#4320,.F.);
#5811=ORIENTED_EDGE('',*,*,#4325,.F.);
#5812=ORIENTED_EDGE('',*,*,#4326,.T.);
#5813=ORIENTED_EDGE('',*,*,#4321,.T.);
#5814=ORIENTED_EDGE('',*,*,#3801,.T.);
#5815=ORIENTED_EDGE('',*,*,#4327,.T.);
#5816=ORIENTED_EDGE('',*,*,#4325,.T.);
#5817=ORIENTED_EDGE('',*,*,#3800,.T.);
#5818=ORIENTED_EDGE('',*,*,#4328,.T.);
#5819=ORIENTED_EDGE('',*,*,#4329,.F.);
#5820=ORIENTED_EDGE('',*,*,#3804,.T.);
#5821=ORIENTED_EDGE('',*,*,#4324,.F.);
#5822=ORIENTED_EDGE('',*,*,#4330,.T.);
#5823=ORIENTED_EDGE('',*,*,#3805,.T.);
#5824=ORIENTED_EDGE('',*,*,#4329,.T.);
#5825=ORIENTED_EDGE('',*,*,#4331,.T.);
#5826=ORIENTED_EDGE('',*,*,#4318,.T.);
#5827=ORIENTED_EDGE('',*,*,#4332,.F.);
#5828=ORIENTED_EDGE('',*,*,#4333,.F.);
#5829=ORIENTED_EDGE('',*,*,#4328,.F.);
#5830=ORIENTED_EDGE('',*,*,#3799,.T.);
#5831=ORIENTED_EDGE('',*,*,#4334,.T.);
#5832=ORIENTED_EDGE('',*,*,#3795,.T.);
#5833=ORIENTED_EDGE('',*,*,#4335,.F.);
#5834=ORIENTED_EDGE('',*,*,#4336,.T.);
#5835=ORIENTED_EDGE('',*,*,#4337,.T.);
#5836=ORIENTED_EDGE('',*,*,#4338,.T.);
#5837=ORIENTED_EDGE('',*,*,#3796,.T.);
#5838=ORIENTED_EDGE('',*,*,#4334,.F.);
#5839=ORIENTED_EDGE('',*,*,#4339,.F.);
#5840=ORIENTED_EDGE('',*,*,#4340,.T.);
#5841=ORIENTED_EDGE('',*,*,#4335,.T.);
#5842=ORIENTED_EDGE('',*,*,#3794,.T.);
#5843=ORIENTED_EDGE('',*,*,#4341,.T.);
#5844=ORIENTED_EDGE('',*,*,#4339,.T.);
#5845=ORIENTED_EDGE('',*,*,#3793,.T.);
#5846=ORIENTED_EDGE('',*,*,#4342,.T.);
#5847=ORIENTED_EDGE('',*,*,#4343,.F.);
#5848=ORIENTED_EDGE('',*,*,#3797,.T.);
#5849=ORIENTED_EDGE('',*,*,#4338,.F.);
#5850=ORIENTED_EDGE('',*,*,#4344,.T.);
#5851=ORIENTED_EDGE('',*,*,#3798,.T.);
#5852=ORIENTED_EDGE('',*,*,#4343,.T.);
#5853=ORIENTED_EDGE('',*,*,#4345,.T.);
#5854=ORIENTED_EDGE('',*,*,#4332,.T.);
#5855=ORIENTED_EDGE('',*,*,#4346,.F.);
#5856=ORIENTED_EDGE('',*,*,#4347,.F.);
#5857=ORIENTED_EDGE('',*,*,#4342,.F.);
#5858=ORIENTED_EDGE('',*,*,#3792,.T.);
#5859=ORIENTED_EDGE('',*,*,#4348,.T.);
#5860=ORIENTED_EDGE('',*,*,#3788,.T.);
#5861=ORIENTED_EDGE('',*,*,#4349,.F.);
#5862=ORIENTED_EDGE('',*,*,#4350,.T.);
#5863=ORIENTED_EDGE('',*,*,#4351,.T.);
#5864=ORIENTED_EDGE('',*,*,#4352,.T.);
#5865=ORIENTED_EDGE('',*,*,#3789,.T.);
#5866=ORIENTED_EDGE('',*,*,#4348,.F.);
#5867=ORIENTED_EDGE('',*,*,#4353,.F.);
#5868=ORIENTED_EDGE('',*,*,#4354,.T.);
#5869=ORIENTED_EDGE('',*,*,#4349,.T.);
#5870=ORIENTED_EDGE('',*,*,#3787,.T.);
#5871=ORIENTED_EDGE('',*,*,#4355,.T.);
#5872=ORIENTED_EDGE('',*,*,#4353,.T.);
#5873=ORIENTED_EDGE('',*,*,#3786,.T.);
#5874=ORIENTED_EDGE('',*,*,#4356,.T.);
#5875=ORIENTED_EDGE('',*,*,#4357,.F.);
#5876=ORIENTED_EDGE('',*,*,#3790,.T.);
#5877=ORIENTED_EDGE('',*,*,#4352,.F.);
#5878=ORIENTED_EDGE('',*,*,#4358,.T.);
#5879=ORIENTED_EDGE('',*,*,#3791,.T.);
#5880=ORIENTED_EDGE('',*,*,#4357,.T.);
#5881=ORIENTED_EDGE('',*,*,#4359,.T.);
#5882=ORIENTED_EDGE('',*,*,#4346,.T.);
#5883=ORIENTED_EDGE('',*,*,#4360,.F.);
#5884=ORIENTED_EDGE('',*,*,#4361,.F.);
#5885=ORIENTED_EDGE('',*,*,#4356,.F.);
#5886=ORIENTED_EDGE('',*,*,#3785,.T.);
#5887=ORIENTED_EDGE('',*,*,#4362,.T.);
#5888=ORIENTED_EDGE('',*,*,#3781,.T.);
#5889=ORIENTED_EDGE('',*,*,#4363,.F.);
#5890=ORIENTED_EDGE('',*,*,#4364,.T.);
#5891=ORIENTED_EDGE('',*,*,#4365,.T.);
#5892=ORIENTED_EDGE('',*,*,#4366,.T.);
#5893=ORIENTED_EDGE('',*,*,#3782,.T.);
#5894=ORIENTED_EDGE('',*,*,#4362,.F.);
#5895=ORIENTED_EDGE('',*,*,#4367,.F.);
#5896=ORIENTED_EDGE('',*,*,#4368,.T.);
#5897=ORIENTED_EDGE('',*,*,#4363,.T.);
#5898=ORIENTED_EDGE('',*,*,#3780,.T.);
#5899=ORIENTED_EDGE('',*,*,#4369,.T.);
#5900=ORIENTED_EDGE('',*,*,#4367,.T.);
#5901=ORIENTED_EDGE('',*,*,#3779,.T.);
#5902=ORIENTED_EDGE('',*,*,#4370,.T.);
#5903=ORIENTED_EDGE('',*,*,#4371,.F.);
#5904=ORIENTED_EDGE('',*,*,#3783,.T.);
#5905=ORIENTED_EDGE('',*,*,#4366,.F.);
#5906=ORIENTED_EDGE('',*,*,#4372,.T.);
#5907=ORIENTED_EDGE('',*,*,#3784,.T.);
#5908=ORIENTED_EDGE('',*,*,#4371,.T.);
#5909=ORIENTED_EDGE('',*,*,#4373,.T.);
#5910=ORIENTED_EDGE('',*,*,#4360,.T.);
#5911=ORIENTED_EDGE('',*,*,#4374,.F.);
#5912=ORIENTED_EDGE('',*,*,#4375,.F.);
#5913=ORIENTED_EDGE('',*,*,#4370,.F.);
#5914=ORIENTED_EDGE('',*,*,#3778,.T.);
#5915=ORIENTED_EDGE('',*,*,#4376,.T.);
#5916=ORIENTED_EDGE('',*,*,#3774,.T.);
#5917=ORIENTED_EDGE('',*,*,#4377,.F.);
#5918=ORIENTED_EDGE('',*,*,#4378,.T.);
#5919=ORIENTED_EDGE('',*,*,#4379,.T.);
#5920=ORIENTED_EDGE('',*,*,#4380,.T.);
#5921=ORIENTED_EDGE('',*,*,#3775,.T.);
#5922=ORIENTED_EDGE('',*,*,#4376,.F.);
#5923=ORIENTED_EDGE('',*,*,#4381,.F.);
#5924=ORIENTED_EDGE('',*,*,#4382,.T.);
#5925=ORIENTED_EDGE('',*,*,#4377,.T.);
#5926=ORIENTED_EDGE('',*,*,#3773,.T.);
#5927=ORIENTED_EDGE('',*,*,#4383,.T.);
#5928=ORIENTED_EDGE('',*,*,#4381,.T.);
#5929=ORIENTED_EDGE('',*,*,#3772,.T.);
#5930=ORIENTED_EDGE('',*,*,#4384,.T.);
#5931=ORIENTED_EDGE('',*,*,#4385,.F.);
#5932=ORIENTED_EDGE('',*,*,#3776,.T.);
#5933=ORIENTED_EDGE('',*,*,#4380,.F.);
#5934=ORIENTED_EDGE('',*,*,#4386,.T.);
#5935=ORIENTED_EDGE('',*,*,#3777,.T.);
#5936=ORIENTED_EDGE('',*,*,#4385,.T.);
#5937=ORIENTED_EDGE('',*,*,#4387,.T.);
#5938=ORIENTED_EDGE('',*,*,#4374,.T.);
#5939=ORIENTED_EDGE('',*,*,#4388,.F.);
#5940=ORIENTED_EDGE('',*,*,#4389,.F.);
#5941=ORIENTED_EDGE('',*,*,#4384,.F.);
#5942=ORIENTED_EDGE('',*,*,#3771,.T.);
#5943=ORIENTED_EDGE('',*,*,#4390,.T.);
#5944=ORIENTED_EDGE('',*,*,#3767,.T.);
#5945=ORIENTED_EDGE('',*,*,#4391,.F.);
#5946=ORIENTED_EDGE('',*,*,#4392,.T.);
#5947=ORIENTED_EDGE('',*,*,#4393,.T.);
#5948=ORIENTED_EDGE('',*,*,#4394,.T.);
#5949=ORIENTED_EDGE('',*,*,#3768,.T.);
#5950=ORIENTED_EDGE('',*,*,#4390,.F.);
#5951=ORIENTED_EDGE('',*,*,#4395,.F.);
#5952=ORIENTED_EDGE('',*,*,#4396,.T.);
#5953=ORIENTED_EDGE('',*,*,#4391,.T.);
#5954=ORIENTED_EDGE('',*,*,#3766,.T.);
#5955=ORIENTED_EDGE('',*,*,#4397,.T.);
#5956=ORIENTED_EDGE('',*,*,#4395,.T.);
#5957=ORIENTED_EDGE('',*,*,#3765,.T.);
#5958=ORIENTED_EDGE('',*,*,#4398,.T.);
#5959=ORIENTED_EDGE('',*,*,#4399,.F.);
#5960=ORIENTED_EDGE('',*,*,#3769,.T.);
#5961=ORIENTED_EDGE('',*,*,#4394,.F.);
#5962=ORIENTED_EDGE('',*,*,#4400,.T.);
#5963=ORIENTED_EDGE('',*,*,#3770,.T.);
#5964=ORIENTED_EDGE('',*,*,#4399,.T.);
#5965=ORIENTED_EDGE('',*,*,#4401,.T.);
#5966=ORIENTED_EDGE('',*,*,#4388,.T.);
#5967=ORIENTED_EDGE('',*,*,#4402,.F.);
#5968=ORIENTED_EDGE('',*,*,#4403,.F.);
#5969=ORIENTED_EDGE('',*,*,#4398,.F.);
#5970=ORIENTED_EDGE('',*,*,#3764,.T.);
#5971=ORIENTED_EDGE('',*,*,#4404,.T.);
#5972=ORIENTED_EDGE('',*,*,#3760,.T.);
#5973=ORIENTED_EDGE('',*,*,#4405,.F.);
#5974=ORIENTED_EDGE('',*,*,#4406,.T.);
#5975=ORIENTED_EDGE('',*,*,#4407,.T.);
#5976=ORIENTED_EDGE('',*,*,#4408,.T.);
#5977=ORIENTED_EDGE('',*,*,#3761,.T.);
#5978=ORIENTED_EDGE('',*,*,#4404,.F.);
#5979=ORIENTED_EDGE('',*,*,#4409,.F.);
#5980=ORIENTED_EDGE('',*,*,#4410,.T.);
#5981=ORIENTED_EDGE('',*,*,#4405,.T.);
#5982=ORIENTED_EDGE('',*,*,#3759,.T.);
#5983=ORIENTED_EDGE('',*,*,#4411,.T.);
#5984=ORIENTED_EDGE('',*,*,#4409,.T.);
#5985=ORIENTED_EDGE('',*,*,#3758,.T.);
#5986=ORIENTED_EDGE('',*,*,#4412,.T.);
#5987=ORIENTED_EDGE('',*,*,#4413,.F.);
#5988=ORIENTED_EDGE('',*,*,#3762,.T.);
#5989=ORIENTED_EDGE('',*,*,#4408,.F.);
#5990=ORIENTED_EDGE('',*,*,#4414,.T.);
#5991=ORIENTED_EDGE('',*,*,#3763,.T.);
#5992=ORIENTED_EDGE('',*,*,#4413,.T.);
#5993=ORIENTED_EDGE('',*,*,#4415,.T.);
#5994=ORIENTED_EDGE('',*,*,#4402,.T.);
#5995=ORIENTED_EDGE('',*,*,#4416,.F.);
#5996=ORIENTED_EDGE('',*,*,#4417,.F.);
#5997=ORIENTED_EDGE('',*,*,#4412,.F.);
#5998=ORIENTED_EDGE('',*,*,#3757,.T.);
#5999=ORIENTED_EDGE('',*,*,#4418,.T.);
#6000=ORIENTED_EDGE('',*,*,#3753,.T.);
#6001=ORIENTED_EDGE('',*,*,#4419,.F.);
#6002=ORIENTED_EDGE('',*,*,#4420,.T.);
#6003=ORIENTED_EDGE('',*,*,#4421,.T.);
#6004=ORIENTED_EDGE('',*,*,#4422,.T.);
#6005=ORIENTED_EDGE('',*,*,#3754,.T.);
#6006=ORIENTED_EDGE('',*,*,#4418,.F.);
#6007=ORIENTED_EDGE('',*,*,#4423,.F.);
#6008=ORIENTED_EDGE('',*,*,#4424,.T.);
#6009=ORIENTED_EDGE('',*,*,#4419,.T.);
#6010=ORIENTED_EDGE('',*,*,#3752,.T.);
#6011=ORIENTED_EDGE('',*,*,#4425,.T.);
#6012=ORIENTED_EDGE('',*,*,#4423,.T.);
#6013=ORIENTED_EDGE('',*,*,#3751,.T.);
#6014=ORIENTED_EDGE('',*,*,#4426,.T.);
#6015=ORIENTED_EDGE('',*,*,#4427,.F.);
#6016=ORIENTED_EDGE('',*,*,#3755,.T.);
#6017=ORIENTED_EDGE('',*,*,#4422,.F.);
#6018=ORIENTED_EDGE('',*,*,#4428,.T.);
#6019=ORIENTED_EDGE('',*,*,#3756,.T.);
#6020=ORIENTED_EDGE('',*,*,#4427,.T.);
#6021=ORIENTED_EDGE('',*,*,#4429,.T.);
#6022=ORIENTED_EDGE('',*,*,#4416,.T.);
#6023=ORIENTED_EDGE('',*,*,#4430,.F.);
#6024=ORIENTED_EDGE('',*,*,#4431,.F.);
#6025=ORIENTED_EDGE('',*,*,#4426,.F.);
#6026=ORIENTED_EDGE('',*,*,#3750,.T.);
#6027=ORIENTED_EDGE('',*,*,#4432,.T.);
#6028=ORIENTED_EDGE('',*,*,#3746,.T.);
#6029=ORIENTED_EDGE('',*,*,#4433,.F.);
#6030=ORIENTED_EDGE('',*,*,#4434,.T.);
#6031=ORIENTED_EDGE('',*,*,#4435,.T.);
#6032=ORIENTED_EDGE('',*,*,#4436,.T.);
#6033=ORIENTED_EDGE('',*,*,#3747,.T.);
#6034=ORIENTED_EDGE('',*,*,#4432,.F.);
#6035=ORIENTED_EDGE('',*,*,#4437,.F.);
#6036=ORIENTED_EDGE('',*,*,#4438,.T.);
#6037=ORIENTED_EDGE('',*,*,#4433,.T.);
#6038=ORIENTED_EDGE('',*,*,#3745,.T.);
#6039=ORIENTED_EDGE('',*,*,#4439,.T.);
#6040=ORIENTED_EDGE('',*,*,#4437,.T.);
#6041=ORIENTED_EDGE('',*,*,#3744,.T.);
#6042=ORIENTED_EDGE('',*,*,#4440,.T.);
#6043=ORIENTED_EDGE('',*,*,#4441,.F.);
#6044=ORIENTED_EDGE('',*,*,#3748,.T.);
#6045=ORIENTED_EDGE('',*,*,#4436,.F.);
#6046=ORIENTED_EDGE('',*,*,#4442,.T.);
#6047=ORIENTED_EDGE('',*,*,#3749,.T.);
#6048=ORIENTED_EDGE('',*,*,#4441,.T.);
#6049=ORIENTED_EDGE('',*,*,#4443,.T.);
#6050=ORIENTED_EDGE('',*,*,#4430,.T.);
#6051=ORIENTED_EDGE('',*,*,#4444,.F.);
#6052=ORIENTED_EDGE('',*,*,#4445,.F.);
#6053=ORIENTED_EDGE('',*,*,#4440,.F.);
#6054=ORIENTED_EDGE('',*,*,#3743,.T.);
#6055=ORIENTED_EDGE('',*,*,#4446,.T.);
#6056=ORIENTED_EDGE('',*,*,#3739,.T.);
#6057=ORIENTED_EDGE('',*,*,#4447,.F.);
#6058=ORIENTED_EDGE('',*,*,#4448,.T.);
#6059=ORIENTED_EDGE('',*,*,#4449,.T.);
#6060=ORIENTED_EDGE('',*,*,#4450,.T.);
#6061=ORIENTED_EDGE('',*,*,#3740,.T.);
#6062=ORIENTED_EDGE('',*,*,#4446,.F.);
#6063=ORIENTED_EDGE('',*,*,#4451,.F.);
#6064=ORIENTED_EDGE('',*,*,#4452,.T.);
#6065=ORIENTED_EDGE('',*,*,#4447,.T.);
#6066=ORIENTED_EDGE('',*,*,#3738,.T.);
#6067=ORIENTED_EDGE('',*,*,#4453,.T.);
#6068=ORIENTED_EDGE('',*,*,#4451,.T.);
#6069=ORIENTED_EDGE('',*,*,#3737,.T.);
#6070=ORIENTED_EDGE('',*,*,#4454,.T.);
#6071=ORIENTED_EDGE('',*,*,#4455,.F.);
#6072=ORIENTED_EDGE('',*,*,#3741,.T.);
#6073=ORIENTED_EDGE('',*,*,#4450,.F.);
#6074=ORIENTED_EDGE('',*,*,#4456,.T.);
#6075=ORIENTED_EDGE('',*,*,#3742,.T.);
#6076=ORIENTED_EDGE('',*,*,#4455,.T.);
#6077=ORIENTED_EDGE('',*,*,#4457,.T.);
#6078=ORIENTED_EDGE('',*,*,#4444,.T.);
#6079=ORIENTED_EDGE('',*,*,#4458,.F.);
#6080=ORIENTED_EDGE('',*,*,#4459,.F.);
#6081=ORIENTED_EDGE('',*,*,#4454,.F.);
#6082=ORIENTED_EDGE('',*,*,#3736,.T.);
#6083=ORIENTED_EDGE('',*,*,#4460,.T.);
#6084=ORIENTED_EDGE('',*,*,#3732,.T.);
#6085=ORIENTED_EDGE('',*,*,#4461,.F.);
#6086=ORIENTED_EDGE('',*,*,#4462,.T.);
#6087=ORIENTED_EDGE('',*,*,#4463,.T.);
#6088=ORIENTED_EDGE('',*,*,#4464,.T.);
#6089=ORIENTED_EDGE('',*,*,#3733,.T.);
#6090=ORIENTED_EDGE('',*,*,#4460,.F.);
#6091=ORIENTED_EDGE('',*,*,#4465,.F.);
#6092=ORIENTED_EDGE('',*,*,#4466,.T.);
#6093=ORIENTED_EDGE('',*,*,#4461,.T.);
#6094=ORIENTED_EDGE('',*,*,#3731,.T.);
#6095=ORIENTED_EDGE('',*,*,#4467,.T.);
#6096=ORIENTED_EDGE('',*,*,#4465,.T.);
#6097=ORIENTED_EDGE('',*,*,#3730,.T.);
#6098=ORIENTED_EDGE('',*,*,#4468,.T.);
#6099=ORIENTED_EDGE('',*,*,#4469,.F.);
#6100=ORIENTED_EDGE('',*,*,#3734,.T.);
#6101=ORIENTED_EDGE('',*,*,#4464,.F.);
#6102=ORIENTED_EDGE('',*,*,#4470,.T.);
#6103=ORIENTED_EDGE('',*,*,#3735,.T.);
#6104=ORIENTED_EDGE('',*,*,#4469,.T.);
#6105=ORIENTED_EDGE('',*,*,#4471,.T.);
#6106=ORIENTED_EDGE('',*,*,#4458,.T.);
#6107=ORIENTED_EDGE('',*,*,#4472,.F.);
#6108=ORIENTED_EDGE('',*,*,#4473,.F.);
#6109=ORIENTED_EDGE('',*,*,#4468,.F.);
#6110=ORIENTED_EDGE('',*,*,#3729,.T.);
#6111=ORIENTED_EDGE('',*,*,#4474,.T.);
#6112=ORIENTED_EDGE('',*,*,#3725,.T.);
#6113=ORIENTED_EDGE('',*,*,#4475,.F.);
#6114=ORIENTED_EDGE('',*,*,#4476,.T.);
#6115=ORIENTED_EDGE('',*,*,#4477,.T.);
#6116=ORIENTED_EDGE('',*,*,#4478,.T.);
#6117=ORIENTED_EDGE('',*,*,#3726,.T.);
#6118=ORIENTED_EDGE('',*,*,#4474,.F.);
#6119=ORIENTED_EDGE('',*,*,#4479,.F.);
#6120=ORIENTED_EDGE('',*,*,#4480,.T.);
#6121=ORIENTED_EDGE('',*,*,#4475,.T.);
#6122=ORIENTED_EDGE('',*,*,#3724,.T.);
#6123=ORIENTED_EDGE('',*,*,#4481,.T.);
#6124=ORIENTED_EDGE('',*,*,#4479,.T.);
#6125=ORIENTED_EDGE('',*,*,#3723,.T.);
#6126=ORIENTED_EDGE('',*,*,#4482,.T.);
#6127=ORIENTED_EDGE('',*,*,#4483,.F.);
#6128=ORIENTED_EDGE('',*,*,#3727,.T.);
#6129=ORIENTED_EDGE('',*,*,#4478,.F.);
#6130=ORIENTED_EDGE('',*,*,#4484,.T.);
#6131=ORIENTED_EDGE('',*,*,#3728,.T.);
#6132=ORIENTED_EDGE('',*,*,#4483,.T.);
#6133=ORIENTED_EDGE('',*,*,#4485,.T.);
#6134=ORIENTED_EDGE('',*,*,#4472,.T.);
#6135=ORIENTED_EDGE('',*,*,#4486,.F.);
#6136=ORIENTED_EDGE('',*,*,#4487,.F.);
#6137=ORIENTED_EDGE('',*,*,#4482,.F.);
#6138=ORIENTED_EDGE('',*,*,#3722,.T.);
#6139=ORIENTED_EDGE('',*,*,#4488,.T.);
#6140=ORIENTED_EDGE('',*,*,#3718,.T.);
#6141=ORIENTED_EDGE('',*,*,#4489,.F.);
#6142=ORIENTED_EDGE('',*,*,#4490,.T.);
#6143=ORIENTED_EDGE('',*,*,#4491,.T.);
#6144=ORIENTED_EDGE('',*,*,#4492,.T.);
#6145=ORIENTED_EDGE('',*,*,#3719,.T.);
#6146=ORIENTED_EDGE('',*,*,#4488,.F.);
#6147=ORIENTED_EDGE('',*,*,#4493,.F.);
#6148=ORIENTED_EDGE('',*,*,#4494,.T.);
#6149=ORIENTED_EDGE('',*,*,#4489,.T.);
#6150=ORIENTED_EDGE('',*,*,#3717,.T.);
#6151=ORIENTED_EDGE('',*,*,#4495,.T.);
#6152=ORIENTED_EDGE('',*,*,#4493,.T.);
#6153=ORIENTED_EDGE('',*,*,#3716,.T.);
#6154=ORIENTED_EDGE('',*,*,#4496,.T.);
#6155=ORIENTED_EDGE('',*,*,#4497,.F.);
#6156=ORIENTED_EDGE('',*,*,#3720,.T.);
#6157=ORIENTED_EDGE('',*,*,#4492,.F.);
#6158=ORIENTED_EDGE('',*,*,#4498,.T.);
#6159=ORIENTED_EDGE('',*,*,#3721,.T.);
#6160=ORIENTED_EDGE('',*,*,#4497,.T.);
#6161=ORIENTED_EDGE('',*,*,#4499,.T.);
#6162=ORIENTED_EDGE('',*,*,#4486,.T.);
#6163=ORIENTED_EDGE('',*,*,#4500,.F.);
#6164=ORIENTED_EDGE('',*,*,#4501,.F.);
#6165=ORIENTED_EDGE('',*,*,#4496,.F.);
#6166=ORIENTED_EDGE('',*,*,#3715,.T.);
#6167=ORIENTED_EDGE('',*,*,#4502,.T.);
#6168=ORIENTED_EDGE('',*,*,#3711,.T.);
#6169=ORIENTED_EDGE('',*,*,#4503,.F.);
#6170=ORIENTED_EDGE('',*,*,#4504,.T.);
#6171=ORIENTED_EDGE('',*,*,#4505,.T.);
#6172=ORIENTED_EDGE('',*,*,#4506,.T.);
#6173=ORIENTED_EDGE('',*,*,#3712,.T.);
#6174=ORIENTED_EDGE('',*,*,#4502,.F.);
#6175=ORIENTED_EDGE('',*,*,#4507,.F.);
#6176=ORIENTED_EDGE('',*,*,#4508,.T.);
#6177=ORIENTED_EDGE('',*,*,#4503,.T.);
#6178=ORIENTED_EDGE('',*,*,#3710,.T.);
#6179=ORIENTED_EDGE('',*,*,#4509,.T.);
#6180=ORIENTED_EDGE('',*,*,#4507,.T.);
#6181=ORIENTED_EDGE('',*,*,#3709,.T.);
#6182=ORIENTED_EDGE('',*,*,#4510,.T.);
#6183=ORIENTED_EDGE('',*,*,#4511,.F.);
#6184=ORIENTED_EDGE('',*,*,#3713,.T.);
#6185=ORIENTED_EDGE('',*,*,#4506,.F.);
#6186=ORIENTED_EDGE('',*,*,#4512,.T.);
#6187=ORIENTED_EDGE('',*,*,#3714,.T.);
#6188=ORIENTED_EDGE('',*,*,#4511,.T.);
#6189=ORIENTED_EDGE('',*,*,#4513,.T.);
#6190=ORIENTED_EDGE('',*,*,#4500,.T.);
#6191=ORIENTED_EDGE('',*,*,#4514,.F.);
#6192=ORIENTED_EDGE('',*,*,#4515,.F.);
#6193=ORIENTED_EDGE('',*,*,#4510,.F.);
#6194=ORIENTED_EDGE('',*,*,#3708,.T.);
#6195=ORIENTED_EDGE('',*,*,#4516,.T.);
#6196=ORIENTED_EDGE('',*,*,#3704,.T.);
#6197=ORIENTED_EDGE('',*,*,#4517,.F.);
#6198=ORIENTED_EDGE('',*,*,#4518,.T.);
#6199=ORIENTED_EDGE('',*,*,#4519,.T.);
#6200=ORIENTED_EDGE('',*,*,#4520,.T.);
#6201=ORIENTED_EDGE('',*,*,#3705,.T.);
#6202=ORIENTED_EDGE('',*,*,#4516,.F.);
#6203=ORIENTED_EDGE('',*,*,#4521,.F.);
#6204=ORIENTED_EDGE('',*,*,#4522,.T.);
#6205=ORIENTED_EDGE('',*,*,#4517,.T.);
#6206=ORIENTED_EDGE('',*,*,#3703,.T.);
#6207=ORIENTED_EDGE('',*,*,#4523,.T.);
#6208=ORIENTED_EDGE('',*,*,#4521,.T.);
#6209=ORIENTED_EDGE('',*,*,#3702,.T.);
#6210=ORIENTED_EDGE('',*,*,#4524,.T.);
#6211=ORIENTED_EDGE('',*,*,#4525,.F.);
#6212=ORIENTED_EDGE('',*,*,#3706,.T.);
#6213=ORIENTED_EDGE('',*,*,#4520,.F.);
#6214=ORIENTED_EDGE('',*,*,#4526,.T.);
#6215=ORIENTED_EDGE('',*,*,#3707,.T.);
#6216=ORIENTED_EDGE('',*,*,#4525,.T.);
#6217=ORIENTED_EDGE('',*,*,#4527,.T.);
#6218=ORIENTED_EDGE('',*,*,#4514,.T.);
#6219=ORIENTED_EDGE('',*,*,#4528,.F.);
#6220=ORIENTED_EDGE('',*,*,#4529,.F.);
#6221=ORIENTED_EDGE('',*,*,#4524,.F.);
#6222=ORIENTED_EDGE('',*,*,#3701,.T.);
#6223=ORIENTED_EDGE('',*,*,#4530,.T.);
#6224=ORIENTED_EDGE('',*,*,#3697,.T.);
#6225=ORIENTED_EDGE('',*,*,#4531,.F.);
#6226=ORIENTED_EDGE('',*,*,#4532,.T.);
#6227=ORIENTED_EDGE('',*,*,#4533,.T.);
#6228=ORIENTED_EDGE('',*,*,#4534,.T.);
#6229=ORIENTED_EDGE('',*,*,#3698,.T.);
#6230=ORIENTED_EDGE('',*,*,#4530,.F.);
#6231=ORIENTED_EDGE('',*,*,#4535,.F.);
#6232=ORIENTED_EDGE('',*,*,#4536,.T.);
#6233=ORIENTED_EDGE('',*,*,#4531,.T.);
#6234=ORIENTED_EDGE('',*,*,#3696,.T.);
#6235=ORIENTED_EDGE('',*,*,#4537,.T.);
#6236=ORIENTED_EDGE('',*,*,#4535,.T.);
#6237=ORIENTED_EDGE('',*,*,#3695,.T.);
#6238=ORIENTED_EDGE('',*,*,#4538,.T.);
#6239=ORIENTED_EDGE('',*,*,#4539,.F.);
#6240=ORIENTED_EDGE('',*,*,#3699,.T.);
#6241=ORIENTED_EDGE('',*,*,#4534,.F.);
#6242=ORIENTED_EDGE('',*,*,#4540,.T.);
#6243=ORIENTED_EDGE('',*,*,#3700,.T.);
#6244=ORIENTED_EDGE('',*,*,#4539,.T.);
#6245=ORIENTED_EDGE('',*,*,#4541,.T.);
#6246=ORIENTED_EDGE('',*,*,#4528,.T.);
#6247=ORIENTED_EDGE('',*,*,#4542,.F.);
#6248=ORIENTED_EDGE('',*,*,#4543,.F.);
#6249=ORIENTED_EDGE('',*,*,#4538,.F.);
#6250=ORIENTED_EDGE('',*,*,#3694,.T.);
#6251=ORIENTED_EDGE('',*,*,#4544,.T.);
#6252=ORIENTED_EDGE('',*,*,#3690,.T.);
#6253=ORIENTED_EDGE('',*,*,#4545,.F.);
#6254=ORIENTED_EDGE('',*,*,#4546,.T.);
#6255=ORIENTED_EDGE('',*,*,#4547,.T.);
#6256=ORIENTED_EDGE('',*,*,#4548,.T.);
#6257=ORIENTED_EDGE('',*,*,#3691,.T.);
#6258=ORIENTED_EDGE('',*,*,#4544,.F.);
#6259=ORIENTED_EDGE('',*,*,#4549,.F.);
#6260=ORIENTED_EDGE('',*,*,#4550,.T.);
#6261=ORIENTED_EDGE('',*,*,#4545,.T.);
#6262=ORIENTED_EDGE('',*,*,#3689,.T.);
#6263=ORIENTED_EDGE('',*,*,#4551,.T.);
#6264=ORIENTED_EDGE('',*,*,#4549,.T.);
#6265=ORIENTED_EDGE('',*,*,#3688,.T.);
#6266=ORIENTED_EDGE('',*,*,#4552,.T.);
#6267=ORIENTED_EDGE('',*,*,#4553,.F.);
#6268=ORIENTED_EDGE('',*,*,#3692,.T.);
#6269=ORIENTED_EDGE('',*,*,#4548,.F.);
#6270=ORIENTED_EDGE('',*,*,#4554,.T.);
#6271=ORIENTED_EDGE('',*,*,#3693,.T.);
#6272=ORIENTED_EDGE('',*,*,#4553,.T.);
#6273=ORIENTED_EDGE('',*,*,#4555,.T.);
#6274=ORIENTED_EDGE('',*,*,#4542,.T.);
#6275=ORIENTED_EDGE('',*,*,#4556,.F.);
#6276=ORIENTED_EDGE('',*,*,#4557,.F.);
#6277=ORIENTED_EDGE('',*,*,#4552,.F.);
#6278=ORIENTED_EDGE('',*,*,#3687,.T.);
#6279=ORIENTED_EDGE('',*,*,#4558,.T.);
#6280=ORIENTED_EDGE('',*,*,#3683,.T.);
#6281=ORIENTED_EDGE('',*,*,#4559,.F.);
#6282=ORIENTED_EDGE('',*,*,#4560,.T.);
#6283=ORIENTED_EDGE('',*,*,#4561,.T.);
#6284=ORIENTED_EDGE('',*,*,#4562,.T.);
#6285=ORIENTED_EDGE('',*,*,#3684,.T.);
#6286=ORIENTED_EDGE('',*,*,#4558,.F.);
#6287=ORIENTED_EDGE('',*,*,#4563,.F.);
#6288=ORIENTED_EDGE('',*,*,#4564,.T.);
#6289=ORIENTED_EDGE('',*,*,#4559,.T.);
#6290=ORIENTED_EDGE('',*,*,#3682,.T.);
#6291=ORIENTED_EDGE('',*,*,#4565,.T.);
#6292=ORIENTED_EDGE('',*,*,#4563,.T.);
#6293=ORIENTED_EDGE('',*,*,#3681,.T.);
#6294=ORIENTED_EDGE('',*,*,#4566,.T.);
#6295=ORIENTED_EDGE('',*,*,#4567,.F.);
#6296=ORIENTED_EDGE('',*,*,#3685,.T.);
#6297=ORIENTED_EDGE('',*,*,#4562,.F.);
#6298=ORIENTED_EDGE('',*,*,#4568,.T.);
#6299=ORIENTED_EDGE('',*,*,#3686,.T.);
#6300=ORIENTED_EDGE('',*,*,#4567,.T.);
#6301=ORIENTED_EDGE('',*,*,#4569,.T.);
#6302=ORIENTED_EDGE('',*,*,#4556,.T.);
#6303=ORIENTED_EDGE('',*,*,#4570,.F.);
#6304=ORIENTED_EDGE('',*,*,#4571,.F.);
#6305=ORIENTED_EDGE('',*,*,#4566,.F.);
#6306=ORIENTED_EDGE('',*,*,#3680,.T.);
#6307=ORIENTED_EDGE('',*,*,#4572,.T.);
#6308=ORIENTED_EDGE('',*,*,#3676,.T.);
#6309=ORIENTED_EDGE('',*,*,#4573,.F.);
#6310=ORIENTED_EDGE('',*,*,#4574,.T.);
#6311=ORIENTED_EDGE('',*,*,#4575,.T.);
#6312=ORIENTED_EDGE('',*,*,#4576,.T.);
#6313=ORIENTED_EDGE('',*,*,#3677,.T.);
#6314=ORIENTED_EDGE('',*,*,#4572,.F.);
#6315=ORIENTED_EDGE('',*,*,#4577,.F.);
#6316=ORIENTED_EDGE('',*,*,#4578,.T.);
#6317=ORIENTED_EDGE('',*,*,#4573,.T.);
#6318=ORIENTED_EDGE('',*,*,#3675,.T.);
#6319=ORIENTED_EDGE('',*,*,#4579,.T.);
#6320=ORIENTED_EDGE('',*,*,#4577,.T.);
#6321=ORIENTED_EDGE('',*,*,#3674,.T.);
#6322=ORIENTED_EDGE('',*,*,#4580,.T.);
#6323=ORIENTED_EDGE('',*,*,#4581,.F.);
#6324=ORIENTED_EDGE('',*,*,#3678,.T.);
#6325=ORIENTED_EDGE('',*,*,#4576,.F.);
#6326=ORIENTED_EDGE('',*,*,#4582,.T.);
#6327=ORIENTED_EDGE('',*,*,#3679,.T.);
#6328=ORIENTED_EDGE('',*,*,#4581,.T.);
#6329=ORIENTED_EDGE('',*,*,#4583,.T.);
#6330=ORIENTED_EDGE('',*,*,#4570,.T.);
#6331=ORIENTED_EDGE('',*,*,#4584,.F.);
#6332=ORIENTED_EDGE('',*,*,#4585,.F.);
#6333=ORIENTED_EDGE('',*,*,#4580,.F.);
#6334=ORIENTED_EDGE('',*,*,#3673,.T.);
#6335=ORIENTED_EDGE('',*,*,#4586,.F.);
#6336=ORIENTED_EDGE('',*,*,#3974,.T.);
#6337=ORIENTED_EDGE('',*,*,#3993,.F.);
#6338=ORIENTED_EDGE('',*,*,#4587,.F.);
#6339=ORIENTED_EDGE('',*,*,#4588,.F.);
#6340=ORIENTED_EDGE('',*,*,#4589,.F.);
#6341=ORIENTED_EDGE('',*,*,#4590,.F.);
#6342=ORIENTED_EDGE('',*,*,#4591,.F.);
#6343=ORIENTED_EDGE('',*,*,#4592,.F.);
#6344=ORIENTED_EDGE('',*,*,#4593,.F.);
#6345=ORIENTED_EDGE('',*,*,#4587,.T.);
#6346=ORIENTED_EDGE('',*,*,#3992,.F.);
#6347=ORIENTED_EDGE('',*,*,#3991,.T.);
#6348=ORIENTED_EDGE('',*,*,#3986,.T.);
#6349=ORIENTED_EDGE('',*,*,#3985,.T.);
#6350=ORIENTED_EDGE('',*,*,#3989,.T.);
#6351=ORIENTED_EDGE('',*,*,#3997,.F.);
#6352=ORIENTED_EDGE('',*,*,#3995,.T.);
#6353=ORIENTED_EDGE('',*,*,#4009,.F.);
#6354=ORIENTED_EDGE('',*,*,#4008,.F.);
#6355=ORIENTED_EDGE('',*,*,#4001,.F.);
#6356=ORIENTED_EDGE('',*,*,#4000,.F.);
#6357=ORIENTED_EDGE('',*,*,#4004,.F.);
#6358=ORIENTED_EDGE('',*,*,#4005,.F.);
#6359=ORIENTED_EDGE('',*,*,#4011,.T.);
#6360=ORIENTED_EDGE('',*,*,#4023,.F.);
#6361=ORIENTED_EDGE('',*,*,#4022,.F.);
#6362=ORIENTED_EDGE('',*,*,#4015,.F.);
#6363=ORIENTED_EDGE('',*,*,#4014,.F.);
#6364=ORIENTED_EDGE('',*,*,#4018,.F.);
#6365=ORIENTED_EDGE('',*,*,#4019,.F.);
#6366=ORIENTED_EDGE('',*,*,#4025,.T.);
#6367=ORIENTED_EDGE('',*,*,#4037,.F.);
#6368=ORIENTED_EDGE('',*,*,#4036,.F.);
#6369=ORIENTED_EDGE('',*,*,#4029,.F.);
#6370=ORIENTED_EDGE('',*,*,#4028,.F.);
#6371=ORIENTED_EDGE('',*,*,#4032,.F.);
#6372=ORIENTED_EDGE('',*,*,#4033,.F.);
#6373=ORIENTED_EDGE('',*,*,#4039,.T.);
#6374=ORIENTED_EDGE('',*,*,#4051,.F.);
#6375=ORIENTED_EDGE('',*,*,#4050,.F.);
#6376=ORIENTED_EDGE('',*,*,#4043,.F.);
#6377=ORIENTED_EDGE('',*,*,#4042,.F.);
#6378=ORIENTED_EDGE('',*,*,#4046,.F.);
#6379=ORIENTED_EDGE('',*,*,#4047,.F.);
#6380=ORIENTED_EDGE('',*,*,#4053,.T.);
#6381=ORIENTED_EDGE('',*,*,#4065,.F.);
#6382=ORIENTED_EDGE('',*,*,#4064,.F.);
#6383=ORIENTED_EDGE('',*,*,#4057,.F.);
#6384=ORIENTED_EDGE('',*,*,#4056,.F.);
#6385=ORIENTED_EDGE('',*,*,#4060,.F.);
#6386=ORIENTED_EDGE('',*,*,#4061,.F.);
#6387=ORIENTED_EDGE('',*,*,#4067,.T.);
#6388=ORIENTED_EDGE('',*,*,#4079,.F.);
#6389=ORIENTED_EDGE('',*,*,#4078,.F.);
#6390=ORIENTED_EDGE('',*,*,#4071,.F.);
#6391=ORIENTED_EDGE('',*,*,#4070,.F.);
#6392=ORIENTED_EDGE('',*,*,#4074,.F.);
#6393=ORIENTED_EDGE('',*,*,#4075,.F.);
#6394=ORIENTED_EDGE('',*,*,#4081,.T.);
#6395=ORIENTED_EDGE('',*,*,#4093,.F.);
#6396=ORIENTED_EDGE('',*,*,#4092,.F.);
#6397=ORIENTED_EDGE('',*,*,#4085,.F.);
#6398=ORIENTED_EDGE('',*,*,#4084,.F.);
#6399=ORIENTED_EDGE('',*,*,#4088,.F.);
#6400=ORIENTED_EDGE('',*,*,#4089,.F.);
#6401=ORIENTED_EDGE('',*,*,#4095,.T.);
#6402=ORIENTED_EDGE('',*,*,#4107,.F.);
#6403=ORIENTED_EDGE('',*,*,#4106,.F.);
#6404=ORIENTED_EDGE('',*,*,#4099,.F.);
#6405=ORIENTED_EDGE('',*,*,#4098,.F.);
#6406=ORIENTED_EDGE('',*,*,#4102,.F.);
#6407=ORIENTED_EDGE('',*,*,#4103,.F.);
#6408=ORIENTED_EDGE('',*,*,#4109,.T.);
#6409=ORIENTED_EDGE('',*,*,#4121,.F.);
#6410=ORIENTED_EDGE('',*,*,#4120,.F.);
#6411=ORIENTED_EDGE('',*,*,#4113,.F.);
#6412=ORIENTED_EDGE('',*,*,#4112,.F.);
#6413=ORIENTED_EDGE('',*,*,#4116,.F.);
#6414=ORIENTED_EDGE('',*,*,#4117,.F.);
#6415=ORIENTED_EDGE('',*,*,#4123,.T.);
#6416=ORIENTED_EDGE('',*,*,#4135,.F.);
#6417=ORIENTED_EDGE('',*,*,#4134,.F.);
#6418=ORIENTED_EDGE('',*,*,#4127,.F.);
#6419=ORIENTED_EDGE('',*,*,#4126,.F.);
#6420=ORIENTED_EDGE('',*,*,#4130,.F.);
#6421=ORIENTED_EDGE('',*,*,#4131,.F.);
#6422=ORIENTED_EDGE('',*,*,#4137,.T.);
#6423=ORIENTED_EDGE('',*,*,#4149,.F.);
#6424=ORIENTED_EDGE('',*,*,#4148,.F.);
#6425=ORIENTED_EDGE('',*,*,#4141,.F.);
#6426=ORIENTED_EDGE('',*,*,#4140,.F.);
#6427=ORIENTED_EDGE('',*,*,#4144,.F.);
#6428=ORIENTED_EDGE('',*,*,#4145,.F.);
#6429=ORIENTED_EDGE('',*,*,#4151,.T.);
#6430=ORIENTED_EDGE('',*,*,#4163,.F.);
#6431=ORIENTED_EDGE('',*,*,#4162,.F.);
#6432=ORIENTED_EDGE('',*,*,#4155,.F.);
#6433=ORIENTED_EDGE('',*,*,#4154,.F.);
#6434=ORIENTED_EDGE('',*,*,#4158,.F.);
#6435=ORIENTED_EDGE('',*,*,#4159,.F.);
#6436=ORIENTED_EDGE('',*,*,#4165,.T.);
#6437=ORIENTED_EDGE('',*,*,#4177,.F.);
#6438=ORIENTED_EDGE('',*,*,#4176,.F.);
#6439=ORIENTED_EDGE('',*,*,#4169,.F.);
#6440=ORIENTED_EDGE('',*,*,#4168,.F.);
#6441=ORIENTED_EDGE('',*,*,#4172,.F.);
#6442=ORIENTED_EDGE('',*,*,#4173,.F.);
#6443=ORIENTED_EDGE('',*,*,#4179,.T.);
#6444=ORIENTED_EDGE('',*,*,#4191,.F.);
#6445=ORIENTED_EDGE('',*,*,#4190,.F.);
#6446=ORIENTED_EDGE('',*,*,#4183,.F.);
#6447=ORIENTED_EDGE('',*,*,#4182,.F.);
#6448=ORIENTED_EDGE('',*,*,#4186,.F.);
#6449=ORIENTED_EDGE('',*,*,#4187,.F.);
#6450=ORIENTED_EDGE('',*,*,#4193,.T.);
#6451=ORIENTED_EDGE('',*,*,#4205,.F.);
#6452=ORIENTED_EDGE('',*,*,#4204,.F.);
#6453=ORIENTED_EDGE('',*,*,#4197,.F.);
#6454=ORIENTED_EDGE('',*,*,#4196,.F.);
#6455=ORIENTED_EDGE('',*,*,#4200,.F.);
#6456=ORIENTED_EDGE('',*,*,#4201,.F.);
#6457=ORIENTED_EDGE('',*,*,#4207,.T.);
#6458=ORIENTED_EDGE('',*,*,#4219,.F.);
#6459=ORIENTED_EDGE('',*,*,#4218,.F.);
#6460=ORIENTED_EDGE('',*,*,#4211,.F.);
#6461=ORIENTED_EDGE('',*,*,#4210,.F.);
#6462=ORIENTED_EDGE('',*,*,#4214,.F.);
#6463=ORIENTED_EDGE('',*,*,#4215,.F.);
#6464=ORIENTED_EDGE('',*,*,#4221,.T.);
#6465=ORIENTED_EDGE('',*,*,#4233,.F.);
#6466=ORIENTED_EDGE('',*,*,#4232,.F.);
#6467=ORIENTED_EDGE('',*,*,#4225,.F.);
#6468=ORIENTED_EDGE('',*,*,#4224,.F.);
#6469=ORIENTED_EDGE('',*,*,#4228,.F.);
#6470=ORIENTED_EDGE('',*,*,#4229,.F.);
#6471=ORIENTED_EDGE('',*,*,#4235,.T.);
#6472=ORIENTED_EDGE('',*,*,#4247,.F.);
#6473=ORIENTED_EDGE('',*,*,#4246,.F.);
#6474=ORIENTED_EDGE('',*,*,#4239,.F.);
#6475=ORIENTED_EDGE('',*,*,#4238,.F.);
#6476=ORIENTED_EDGE('',*,*,#4242,.F.);
#6477=ORIENTED_EDGE('',*,*,#4243,.F.);
#6478=ORIENTED_EDGE('',*,*,#4249,.T.);
#6479=ORIENTED_EDGE('',*,*,#4261,.F.);
#6480=ORIENTED_EDGE('',*,*,#4260,.F.);
#6481=ORIENTED_EDGE('',*,*,#4253,.F.);
#6482=ORIENTED_EDGE('',*,*,#4252,.F.);
#6483=ORIENTED_EDGE('',*,*,#4256,.F.);
#6484=ORIENTED_EDGE('',*,*,#4257,.F.);
#6485=ORIENTED_EDGE('',*,*,#4263,.T.);
#6486=ORIENTED_EDGE('',*,*,#4275,.F.);
#6487=ORIENTED_EDGE('',*,*,#4274,.F.);
#6488=ORIENTED_EDGE('',*,*,#4267,.F.);
#6489=ORIENTED_EDGE('',*,*,#4266,.F.);
#6490=ORIENTED_EDGE('',*,*,#4270,.F.);
#6491=ORIENTED_EDGE('',*,*,#4271,.F.);
#6492=ORIENTED_EDGE('',*,*,#4277,.T.);
#6493=ORIENTED_EDGE('',*,*,#4289,.F.);
#6494=ORIENTED_EDGE('',*,*,#4288,.F.);
#6495=ORIENTED_EDGE('',*,*,#4281,.F.);
#6496=ORIENTED_EDGE('',*,*,#4280,.F.);
#6497=ORIENTED_EDGE('',*,*,#4284,.F.);
#6498=ORIENTED_EDGE('',*,*,#4285,.F.);
#6499=ORIENTED_EDGE('',*,*,#4291,.T.);
#6500=ORIENTED_EDGE('',*,*,#4303,.F.);
#6501=ORIENTED_EDGE('',*,*,#4302,.F.);
#6502=ORIENTED_EDGE('',*,*,#4295,.F.);
#6503=ORIENTED_EDGE('',*,*,#4294,.F.);
#6504=ORIENTED_EDGE('',*,*,#4298,.F.);
#6505=ORIENTED_EDGE('',*,*,#4299,.F.);
#6506=ORIENTED_EDGE('',*,*,#4305,.T.);
#6507=ORIENTED_EDGE('',*,*,#4317,.F.);
#6508=ORIENTED_EDGE('',*,*,#4316,.F.);
#6509=ORIENTED_EDGE('',*,*,#4309,.F.);
#6510=ORIENTED_EDGE('',*,*,#4308,.F.);
#6511=ORIENTED_EDGE('',*,*,#4312,.F.);
#6512=ORIENTED_EDGE('',*,*,#4313,.F.);
#6513=ORIENTED_EDGE('',*,*,#4319,.T.);
#6514=ORIENTED_EDGE('',*,*,#4331,.F.);
#6515=ORIENTED_EDGE('',*,*,#4330,.F.);
#6516=ORIENTED_EDGE('',*,*,#4323,.F.);
#6517=ORIENTED_EDGE('',*,*,#4322,.F.);
#6518=ORIENTED_EDGE('',*,*,#4326,.F.);
#6519=ORIENTED_EDGE('',*,*,#4327,.F.);
#6520=ORIENTED_EDGE('',*,*,#4333,.T.);
#6521=ORIENTED_EDGE('',*,*,#4345,.F.);
#6522=ORIENTED_EDGE('',*,*,#4344,.F.);
#6523=ORIENTED_EDGE('',*,*,#4337,.F.);
#6524=ORIENTED_EDGE('',*,*,#4336,.F.);
#6525=ORIENTED_EDGE('',*,*,#4340,.F.);
#6526=ORIENTED_EDGE('',*,*,#4341,.F.);
#6527=ORIENTED_EDGE('',*,*,#4347,.T.);
#6528=ORIENTED_EDGE('',*,*,#4359,.F.);
#6529=ORIENTED_EDGE('',*,*,#4358,.F.);
#6530=ORIENTED_EDGE('',*,*,#4351,.F.);
#6531=ORIENTED_EDGE('',*,*,#4350,.F.);
#6532=ORIENTED_EDGE('',*,*,#4354,.F.);
#6533=ORIENTED_EDGE('',*,*,#4355,.F.);
#6534=ORIENTED_EDGE('',*,*,#4361,.T.);
#6535=ORIENTED_EDGE('',*,*,#4373,.F.);
#6536=ORIENTED_EDGE('',*,*,#4372,.F.);
#6537=ORIENTED_EDGE('',*,*,#4365,.F.);
#6538=ORIENTED_EDGE('',*,*,#4364,.F.);
#6539=ORIENTED_EDGE('',*,*,#4368,.F.);
#6540=ORIENTED_EDGE('',*,*,#4369,.F.);
#6541=ORIENTED_EDGE('',*,*,#4375,.T.);
#6542=ORIENTED_EDGE('',*,*,#4387,.F.);
#6543=ORIENTED_EDGE('',*,*,#4386,.F.);
#6544=ORIENTED_EDGE('',*,*,#4379,.F.);
#6545=ORIENTED_EDGE('',*,*,#4378,.F.);
#6546=ORIENTED_EDGE('',*,*,#4382,.F.);
#6547=ORIENTED_EDGE('',*,*,#4383,.F.);
#6548=ORIENTED_EDGE('',*,*,#4389,.T.);
#6549=ORIENTED_EDGE('',*,*,#4401,.F.);
#6550=ORIENTED_EDGE('',*,*,#4400,.F.);
#6551=ORIENTED_EDGE('',*,*,#4393,.F.);
#6552=ORIENTED_EDGE('',*,*,#4392,.F.);
#6553=ORIENTED_EDGE('',*,*,#4396,.F.);
#6554=ORIENTED_EDGE('',*,*,#4397,.F.);
#6555=ORIENTED_EDGE('',*,*,#4403,.T.);
#6556=ORIENTED_EDGE('',*,*,#4415,.F.);
#6557=ORIENTED_EDGE('',*,*,#4414,.F.);
#6558=ORIENTED_EDGE('',*,*,#4407,.F.);
#6559=ORIENTED_EDGE('',*,*,#4406,.F.);
#6560=ORIENTED_EDGE('',*,*,#4410,.F.);
#6561=ORIENTED_EDGE('',*,*,#4411,.F.);
#6562=ORIENTED_EDGE('',*,*,#4417,.T.);
#6563=ORIENTED_EDGE('',*,*,#4429,.F.);
#6564=ORIENTED_EDGE('',*,*,#4428,.F.);
#6565=ORIENTED_EDGE('',*,*,#4421,.F.);
#6566=ORIENTED_EDGE('',*,*,#4420,.F.);
#6567=ORIENTED_EDGE('',*,*,#4424,.F.);
#6568=ORIENTED_EDGE('',*,*,#4425,.F.);
#6569=ORIENTED_EDGE('',*,*,#4431,.T.);
#6570=ORIENTED_EDGE('',*,*,#4443,.F.);
#6571=ORIENTED_EDGE('',*,*,#4442,.F.);
#6572=ORIENTED_EDGE('',*,*,#4435,.F.);
#6573=ORIENTED_EDGE('',*,*,#4434,.F.);
#6574=ORIENTED_EDGE('',*,*,#4438,.F.);
#6575=ORIENTED_EDGE('',*,*,#4439,.F.);
#6576=ORIENTED_EDGE('',*,*,#4445,.T.);
#6577=ORIENTED_EDGE('',*,*,#4457,.F.);
#6578=ORIENTED_EDGE('',*,*,#4456,.F.);
#6579=ORIENTED_EDGE('',*,*,#4449,.F.);
#6580=ORIENTED_EDGE('',*,*,#4448,.F.);
#6581=ORIENTED_EDGE('',*,*,#4452,.F.);
#6582=ORIENTED_EDGE('',*,*,#4453,.F.);
#6583=ORIENTED_EDGE('',*,*,#4459,.T.);
#6584=ORIENTED_EDGE('',*,*,#4471,.F.);
#6585=ORIENTED_EDGE('',*,*,#4470,.F.);
#6586=ORIENTED_EDGE('',*,*,#4463,.F.);
#6587=ORIENTED_EDGE('',*,*,#4462,.F.);
#6588=ORIENTED_EDGE('',*,*,#4466,.F.);
#6589=ORIENTED_EDGE('',*,*,#4467,.F.);
#6590=ORIENTED_EDGE('',*,*,#4473,.T.);
#6591=ORIENTED_EDGE('',*,*,#4485,.F.);
#6592=ORIENTED_EDGE('',*,*,#4484,.F.);
#6593=ORIENTED_EDGE('',*,*,#4477,.F.);
#6594=ORIENTED_EDGE('',*,*,#4476,.F.);
#6595=ORIENTED_EDGE('',*,*,#4480,.F.);
#6596=ORIENTED_EDGE('',*,*,#4481,.F.);
#6597=ORIENTED_EDGE('',*,*,#4487,.T.);
#6598=ORIENTED_EDGE('',*,*,#4499,.F.);
#6599=ORIENTED_EDGE('',*,*,#4498,.F.);
#6600=ORIENTED_EDGE('',*,*,#4491,.F.);
#6601=ORIENTED_EDGE('',*,*,#4490,.F.);
#6602=ORIENTED_EDGE('',*,*,#4494,.F.);
#6603=ORIENTED_EDGE('',*,*,#4495,.F.);
#6604=ORIENTED_EDGE('',*,*,#4501,.T.);
#6605=ORIENTED_EDGE('',*,*,#4513,.F.);
#6606=ORIENTED_EDGE('',*,*,#4512,.F.);
#6607=ORIENTED_EDGE('',*,*,#4505,.F.);
#6608=ORIENTED_EDGE('',*,*,#4504,.F.);
#6609=ORIENTED_EDGE('',*,*,#4508,.F.);
#6610=ORIENTED_EDGE('',*,*,#4509,.F.);
#6611=ORIENTED_EDGE('',*,*,#4515,.T.);
#6612=ORIENTED_EDGE('',*,*,#4527,.F.);
#6613=ORIENTED_EDGE('',*,*,#4526,.F.);
#6614=ORIENTED_EDGE('',*,*,#4519,.F.);
#6615=ORIENTED_EDGE('',*,*,#4518,.F.);
#6616=ORIENTED_EDGE('',*,*,#4522,.F.);
#6617=ORIENTED_EDGE('',*,*,#4523,.F.);
#6618=ORIENTED_EDGE('',*,*,#4529,.T.);
#6619=ORIENTED_EDGE('',*,*,#4541,.F.);
#6620=ORIENTED_EDGE('',*,*,#4540,.F.);
#6621=ORIENTED_EDGE('',*,*,#4533,.F.);
#6622=ORIENTED_EDGE('',*,*,#4532,.F.);
#6623=ORIENTED_EDGE('',*,*,#4536,.F.);
#6624=ORIENTED_EDGE('',*,*,#4537,.F.);
#6625=ORIENTED_EDGE('',*,*,#4543,.T.);
#6626=ORIENTED_EDGE('',*,*,#4555,.F.);
#6627=ORIENTED_EDGE('',*,*,#4554,.F.);
#6628=ORIENTED_EDGE('',*,*,#4547,.F.);
#6629=ORIENTED_EDGE('',*,*,#4546,.F.);
#6630=ORIENTED_EDGE('',*,*,#4550,.F.);
#6631=ORIENTED_EDGE('',*,*,#4551,.F.);
#6632=ORIENTED_EDGE('',*,*,#4557,.T.);
#6633=ORIENTED_EDGE('',*,*,#4569,.F.);
#6634=ORIENTED_EDGE('',*,*,#4568,.F.);
#6635=ORIENTED_EDGE('',*,*,#4561,.F.);
#6636=ORIENTED_EDGE('',*,*,#4560,.F.);
#6637=ORIENTED_EDGE('',*,*,#4564,.F.);
#6638=ORIENTED_EDGE('',*,*,#4565,.F.);
#6639=ORIENTED_EDGE('',*,*,#4571,.T.);
#6640=ORIENTED_EDGE('',*,*,#4583,.F.);
#6641=ORIENTED_EDGE('',*,*,#4582,.F.);
#6642=ORIENTED_EDGE('',*,*,#4575,.F.);
#6643=ORIENTED_EDGE('',*,*,#4574,.F.);
#6644=ORIENTED_EDGE('',*,*,#4578,.F.);
#6645=ORIENTED_EDGE('',*,*,#4579,.F.);
#6646=ORIENTED_EDGE('',*,*,#4585,.T.);
#6647=ORIENTED_EDGE('',*,*,#4594,.T.);
#6648=ORIENTED_EDGE('',*,*,#4595,.T.);
#6649=ORIENTED_EDGE('',*,*,#3977,.T.);
#6650=ORIENTED_EDGE('',*,*,#4596,.F.);
#6651=ORIENTED_EDGE('',*,*,#4591,.T.);
#6652=ORIENTED_EDGE('',*,*,#4590,.T.);
#6653=ORIENTED_EDGE('',*,*,#4597,.T.);
#6654=ORIENTED_EDGE('',*,*,#3978,.T.);
#6655=ORIENTED_EDGE('',*,*,#4595,.F.);
#6656=ORIENTED_EDGE('',*,*,#4598,.F.);
#6657=ORIENTED_EDGE('',*,*,#4592,.T.);
#6658=ORIENTED_EDGE('',*,*,#4596,.T.);
#6659=ORIENTED_EDGE('',*,*,#3976,.T.);
#6660=ORIENTED_EDGE('',*,*,#4593,.T.);
#6661=ORIENTED_EDGE('',*,*,#4598,.T.);
#6662=ORIENTED_EDGE('',*,*,#3975,.T.);
#6663=ORIENTED_EDGE('',*,*,#4586,.T.);
#6664=ORIENTED_EDGE('',*,*,#4599,.F.);
#6665=ORIENTED_EDGE('',*,*,#3979,.T.);
#6666=ORIENTED_EDGE('',*,*,#4597,.F.);
#6667=ORIENTED_EDGE('',*,*,#4589,.T.);
#6668=ORIENTED_EDGE('',*,*,#3672,.T.);
#6669=ORIENTED_EDGE('',*,*,#4599,.T.);
#6670=ORIENTED_EDGE('',*,*,#4588,.T.);
#6671=ORIENTED_EDGE('',*,*,#4584,.T.);
#6672=ORIENTED_EDGE('',*,*,#4600,.T.);
#6673=ORIENTED_EDGE('',*,*,#4601,.T.);
#6674=ORIENTED_EDGE('',*,*,#4602,.F.);
#6675=ORIENTED_EDGE('',*,*,#4603,.F.);
#6676=ORIENTED_EDGE('',*,*,#4604,.T.);
#6677=ORIENTED_EDGE('',*,*,#4602,.T.);
#6678=ORIENTED_EDGE('',*,*,#4605,.F.);
#6679=ORIENTED_EDGE('',*,*,#4606,.T.);
#6680=ORIENTED_EDGE('',*,*,#4607,.T.);
#6681=ORIENTED_EDGE('',*,*,#4608,.F.);
#6682=ORIENTED_EDGE('',*,*,#4609,.F.);
#6683=ORIENTED_EDGE('',*,*,#4610,.T.);
#6684=ORIENTED_EDGE('',*,*,#4611,.T.);
#6685=ORIENTED_EDGE('',*,*,#4612,.T.);
#6686=ORIENTED_EDGE('',*,*,#4613,.F.);
#6687=ORIENTED_EDGE('',*,*,#4609,.T.);
#6688=ORIENTED_EDGE('',*,*,#4614,.T.);
#6689=ORIENTED_EDGE('',*,*,#4615,.F.);
#6690=ORIENTED_EDGE('',*,*,#4616,.F.);
#6691=ORIENTED_EDGE('',*,*,#4617,.T.);
#6692=ORIENTED_EDGE('',*,*,#4618,.T.);
#6693=ORIENTED_EDGE('',*,*,#4619,.T.);
#6694=ORIENTED_EDGE('',*,*,#4620,.F.);
#6695=ORIENTED_EDGE('',*,*,#4616,.T.);
#6696=ORIENTED_EDGE('',*,*,#4621,.T.);
#6697=ORIENTED_EDGE('',*,*,#4622,.F.);
#6698=ORIENTED_EDGE('',*,*,#4623,.F.);
#6699=ORIENTED_EDGE('',*,*,#4624,.T.);
#6700=ORIENTED_EDGE('',*,*,#4625,.T.);
#6701=ORIENTED_EDGE('',*,*,#4626,.T.);
#6702=ORIENTED_EDGE('',*,*,#4627,.F.);
#6703=ORIENTED_EDGE('',*,*,#4628,.F.);
#6704=ORIENTED_EDGE('',*,*,#4629,.T.);
#6705=ORIENTED_EDGE('',*,*,#4627,.T.);
#6706=ORIENTED_EDGE('',*,*,#4630,.F.);
#6707=ORIENTED_EDGE('',*,*,#4623,.T.);
#6708=ORIENTED_EDGE('',*,*,#4631,.T.);
#6709=ORIENTED_EDGE('',*,*,#4632,.F.);
#6710=ORIENTED_EDGE('',*,*,#4633,.F.);
#6711=ORIENTED_EDGE('',*,*,#4634,.T.);
#6712=ORIENTED_EDGE('',*,*,#4635,.T.);
#6713=ORIENTED_EDGE('',*,*,#4636,.T.);
#6714=ORIENTED_EDGE('',*,*,#4637,.F.);
#6715=ORIENTED_EDGE('',*,*,#4638,.F.);
#6716=ORIENTED_EDGE('',*,*,#4639,.T.);
#6717=ORIENTED_EDGE('',*,*,#4637,.T.);
#6718=ORIENTED_EDGE('',*,*,#4640,.F.);
#6719=ORIENTED_EDGE('',*,*,#4633,.T.);
#6720=ORIENTED_EDGE('',*,*,#4641,.T.);
#6721=ORIENTED_EDGE('',*,*,#4642,.F.);
#6722=ORIENTED_EDGE('',*,*,#4643,.F.);
#6723=ORIENTED_EDGE('',*,*,#4644,.T.);
#6724=ORIENTED_EDGE('',*,*,#4645,.T.);
#6725=ORIENTED_EDGE('',*,*,#4646,.T.);
#6726=ORIENTED_EDGE('',*,*,#4647,.F.);
#6727=ORIENTED_EDGE('',*,*,#4648,.F.);
#6728=ORIENTED_EDGE('',*,*,#4649,.T.);
#6729=ORIENTED_EDGE('',*,*,#4647,.T.);
#6730=ORIENTED_EDGE('',*,*,#4650,.F.);
#6731=ORIENTED_EDGE('',*,*,#4643,.T.);
#6732=ORIENTED_EDGE('',*,*,#4651,.T.);
#6733=ORIENTED_EDGE('',*,*,#4652,.F.);
#6734=ORIENTED_EDGE('',*,*,#4653,.F.);
#6735=ORIENTED_EDGE('',*,*,#4654,.T.);
#6736=ORIENTED_EDGE('',*,*,#4655,.T.);
#6737=ORIENTED_EDGE('',*,*,#4656,.T.);
#6738=ORIENTED_EDGE('',*,*,#4657,.F.);
#6739=ORIENTED_EDGE('',*,*,#4658,.F.);
#6740=ORIENTED_EDGE('',*,*,#4659,.T.);
#6741=ORIENTED_EDGE('',*,*,#4660,.T.);
#6742=ORIENTED_EDGE('',*,*,#4657,.T.);
#6743=ORIENTED_EDGE('',*,*,#4661,.F.);
#6744=ORIENTED_EDGE('',*,*,#4653,.T.);
#6745=ORIENTED_EDGE('',*,*,#4662,.T.);
#6746=ORIENTED_EDGE('',*,*,#4663,.F.);
#6747=ORIENTED_EDGE('',*,*,#4664,.F.);
#6748=ORIENTED_EDGE('',*,*,#4665,.T.);
#6749=ORIENTED_EDGE('',*,*,#4666,.T.);
#6750=ORIENTED_EDGE('',*,*,#4667,.T.);
#6751=ORIENTED_EDGE('',*,*,#4668,.F.);
#6752=ORIENTED_EDGE('',*,*,#4669,.F.);
#6753=ORIENTED_EDGE('',*,*,#4670,.T.);
#6754=ORIENTED_EDGE('',*,*,#4668,.T.);
#6755=ORIENTED_EDGE('',*,*,#4671,.F.);
#6756=ORIENTED_EDGE('',*,*,#4664,.T.);
#6757=ORIENTED_EDGE('',*,*,#4672,.T.);
#6758=ORIENTED_EDGE('',*,*,#4673,.F.);
#6759=ORIENTED_EDGE('',*,*,#4674,.F.);
#6760=ORIENTED_EDGE('',*,*,#4675,.T.);
#6761=ORIENTED_EDGE('',*,*,#4676,.T.);
#6762=ORIENTED_EDGE('',*,*,#4677,.T.);
#6763=ORIENTED_EDGE('',*,*,#4678,.F.);
#6764=ORIENTED_EDGE('',*,*,#4679,.F.);
#6765=ORIENTED_EDGE('',*,*,#4680,.T.);
#6766=ORIENTED_EDGE('',*,*,#4678,.T.);
#6767=ORIENTED_EDGE('',*,*,#4681,.F.);
#6768=ORIENTED_EDGE('',*,*,#4674,.T.);
#6769=ORIENTED_EDGE('',*,*,#4682,.T.);
#6770=ORIENTED_EDGE('',*,*,#4683,.F.);
#6771=ORIENTED_EDGE('',*,*,#4606,.F.);
#6772=ORIENTED_EDGE('',*,*,#4684,.T.);
#6773=ORIENTED_EDGE('',*,*,#4685,.T.);
#6774=ORIENTED_EDGE('',*,*,#4686,.T.);
#6775=ORIENTED_EDGE('',*,*,#4687,.F.);
#6776=ORIENTED_EDGE('',*,*,#4688,.T.);
#6777=ORIENTED_EDGE('',*,*,#4689,.T.);
#6778=ORIENTED_EDGE('',*,*,#4690,.T.);
#6779=ORIENTED_EDGE('',*,*,#4691,.F.);
#6780=ORIENTED_EDGE('',*,*,#4692,.T.);
#6781=ORIENTED_EDGE('',*,*,#4693,.T.);
#6782=ORIENTED_EDGE('',*,*,#4694,.T.);
#6783=ORIENTED_EDGE('',*,*,#4695,.F.);
#6784=ORIENTED_EDGE('',*,*,#4696,.T.);
#6785=ORIENTED_EDGE('',*,*,#4697,.T.);
#6786=ORIENTED_EDGE('',*,*,#4698,.T.);
#6787=ORIENTED_EDGE('',*,*,#4699,.F.);
#6788=ORIENTED_EDGE('',*,*,#4700,.T.);
#6789=ORIENTED_EDGE('',*,*,#4701,.T.);
#6790=ORIENTED_EDGE('',*,*,#4702,.T.);
#6791=ORIENTED_EDGE('',*,*,#4703,.F.);
#6792=ORIENTED_EDGE('',*,*,#4704,.T.);
#6793=ORIENTED_EDGE('',*,*,#4705,.T.);
#6794=ORIENTED_EDGE('',*,*,#4706,.T.);
#6795=ORIENTED_EDGE('',*,*,#4707,.F.);
#6796=ORIENTED_EDGE('',*,*,#4708,.T.);
#6797=ORIENTED_EDGE('',*,*,#4709,.T.);
#6798=ORIENTED_EDGE('',*,*,#4710,.T.);
#6799=ORIENTED_EDGE('',*,*,#4711,.F.);
#6800=ORIENTED_EDGE('',*,*,#4712,.T.);
#6801=ORIENTED_EDGE('',*,*,#4713,.T.);
#6802=ORIENTED_EDGE('',*,*,#4714,.T.);
#6803=ORIENTED_EDGE('',*,*,#4715,.F.);
#6804=ORIENTED_EDGE('',*,*,#4716,.T.);
#6805=ORIENTED_EDGE('',*,*,#4717,.T.);
#6806=ORIENTED_EDGE('',*,*,#4718,.F.);
#6807=ORIENTED_EDGE('',*,*,#4716,.F.);
#6808=ORIENTED_EDGE('',*,*,#4719,.T.);
#6809=ORIENTED_EDGE('',*,*,#3982,.T.);
#6810=ORIENTED_EDGE('',*,*,#4720,.T.);
#6811=ORIENTED_EDGE('',*,*,#4659,.F.);
#6812=ORIENTED_EDGE('',*,*,#4652,.T.);
#6813=ORIENTED_EDGE('',*,*,#4721,.T.);
#6814=ORIENTED_EDGE('',*,*,#4669,.T.);
#6815=ORIENTED_EDGE('',*,*,#4670,.F.);
#6816=ORIENTED_EDGE('',*,*,#4663,.T.);
#6817=ORIENTED_EDGE('',*,*,#4722,.T.);
#6818=ORIENTED_EDGE('',*,*,#4679,.T.);
#6819=ORIENTED_EDGE('',*,*,#4680,.F.);
#6820=ORIENTED_EDGE('',*,*,#4673,.T.);
#6821=ORIENTED_EDGE('',*,*,#4723,.T.);
#6822=ORIENTED_EDGE('',*,*,#4603,.T.);
#6823=ORIENTED_EDGE('',*,*,#4604,.F.);
#6824=ORIENTED_EDGE('',*,*,#4683,.T.);
#6825=ORIENTED_EDGE('',*,*,#4724,.T.);
#6826=ORIENTED_EDGE('',*,*,#4725,.T.);
#6827=ORIENTED_EDGE('',*,*,#4685,.F.);
#6828=ORIENTED_EDGE('',*,*,#4726,.T.);
#6829=ORIENTED_EDGE('',*,*,#4727,.T.);
#6830=ORIENTED_EDGE('',*,*,#4728,.T.);
#6831=ORIENTED_EDGE('',*,*,#4689,.F.);
#6832=ORIENTED_EDGE('',*,*,#4729,.T.);
#6833=ORIENTED_EDGE('',*,*,#4730,.T.);
#6834=ORIENTED_EDGE('',*,*,#4731,.T.);
#6835=ORIENTED_EDGE('',*,*,#4693,.F.);
#6836=ORIENTED_EDGE('',*,*,#4732,.T.);
#6837=ORIENTED_EDGE('',*,*,#4733,.T.);
#6838=ORIENTED_EDGE('',*,*,#4734,.T.);
#6839=ORIENTED_EDGE('',*,*,#4697,.F.);
#6840=ORIENTED_EDGE('',*,*,#4735,.T.);
#6841=ORIENTED_EDGE('',*,*,#4736,.T.);
#6842=ORIENTED_EDGE('',*,*,#4737,.T.);
#6843=ORIENTED_EDGE('',*,*,#4701,.F.);
#6844=ORIENTED_EDGE('',*,*,#4738,.T.);
#6845=ORIENTED_EDGE('',*,*,#4739,.T.);
#6846=ORIENTED_EDGE('',*,*,#4740,.T.);
#6847=ORIENTED_EDGE('',*,*,#4705,.F.);
#6848=ORIENTED_EDGE('',*,*,#4741,.T.);
#6849=ORIENTED_EDGE('',*,*,#4742,.T.);
#6850=ORIENTED_EDGE('',*,*,#4743,.T.);
#6851=ORIENTED_EDGE('',*,*,#4709,.F.);
#6852=ORIENTED_EDGE('',*,*,#4744,.T.);
#6853=ORIENTED_EDGE('',*,*,#4745,.T.);
#6854=ORIENTED_EDGE('',*,*,#4746,.T.);
#6855=ORIENTED_EDGE('',*,*,#4713,.F.);
#6856=ORIENTED_EDGE('',*,*,#4718,.T.);
#6857=ORIENTED_EDGE('',*,*,#4747,.T.);
#6858=ORIENTED_EDGE('',*,*,#4748,.T.);
#6859=ORIENTED_EDGE('',*,*,#4611,.F.);
#6860=ORIENTED_EDGE('',*,*,#4608,.T.);
#6861=ORIENTED_EDGE('',*,*,#4749,.T.);
#6862=ORIENTED_EDGE('',*,*,#4750,.T.);
#6863=ORIENTED_EDGE('',*,*,#4618,.F.);
#6864=ORIENTED_EDGE('',*,*,#4615,.T.);
#6865=ORIENTED_EDGE('',*,*,#4751,.T.);
#6866=ORIENTED_EDGE('',*,*,#4628,.T.);
#6867=ORIENTED_EDGE('',*,*,#4629,.F.);
#6868=ORIENTED_EDGE('',*,*,#4622,.T.);
#6869=ORIENTED_EDGE('',*,*,#4752,.T.);
#6870=ORIENTED_EDGE('',*,*,#4638,.T.);
#6871=ORIENTED_EDGE('',*,*,#4639,.F.);
#6872=ORIENTED_EDGE('',*,*,#4632,.T.);
#6873=ORIENTED_EDGE('',*,*,#4753,.T.);
#6874=ORIENTED_EDGE('',*,*,#4648,.T.);
#6875=ORIENTED_EDGE('',*,*,#4649,.F.);
#6876=ORIENTED_EDGE('',*,*,#4642,.T.);
#6877=ORIENTED_EDGE('',*,*,#4754,.T.);
#6878=ORIENTED_EDGE('',*,*,#4658,.T.);
#6879=ORIENTED_EDGE('',*,*,#4660,.F.);
#6880=ORIENTED_EDGE('',*,*,#4720,.F.);
#6881=ORIENTED_EDGE('',*,*,#4755,.T.);
#6882=ORIENTED_EDGE('',*,*,#4756,.T.);
#6883=ORIENTED_EDGE('',*,*,#4594,.F.);
#6884=ORIENTED_EDGE('',*,*,#4756,.F.);
#6885=ORIENTED_EDGE('',*,*,#4757,.T.);
#6886=ORIENTED_EDGE('',*,*,#4758,.T.);
#6887=ORIENTED_EDGE('',*,*,#4612,.F.);
#6888=ORIENTED_EDGE('',*,*,#4748,.F.);
#6889=ORIENTED_EDGE('',*,*,#4759,.T.);
#6890=ORIENTED_EDGE('',*,*,#4760,.T.);
#6891=ORIENTED_EDGE('',*,*,#4619,.F.);
#6892=ORIENTED_EDGE('',*,*,#4750,.F.);
#6893=ORIENTED_EDGE('',*,*,#4761,.T.);
#6894=ORIENTED_EDGE('',*,*,#4762,.T.);
#6895=ORIENTED_EDGE('',*,*,#4714,.F.);
#6896=ORIENTED_EDGE('',*,*,#4746,.F.);
#6897=ORIENTED_EDGE('',*,*,#4763,.T.);
#6898=ORIENTED_EDGE('',*,*,#4744,.F.);
#6899=ORIENTED_EDGE('',*,*,#4712,.F.);
#6900=ORIENTED_EDGE('',*,*,#4764,.T.);
#6901=ORIENTED_EDGE('',*,*,#4765,.T.);
#6902=ORIENTED_EDGE('',*,*,#4766,.T.);
#6903=ORIENTED_EDGE('',*,*,#4710,.F.);
#6904=ORIENTED_EDGE('',*,*,#4743,.F.);
#6905=ORIENTED_EDGE('',*,*,#4767,.T.);
#6906=ORIENTED_EDGE('',*,*,#4741,.F.);
#6907=ORIENTED_EDGE('',*,*,#4708,.F.);
#6908=ORIENTED_EDGE('',*,*,#4768,.T.);
#6909=ORIENTED_EDGE('',*,*,#4769,.T.);
#6910=ORIENTED_EDGE('',*,*,#4770,.T.);
#6911=ORIENTED_EDGE('',*,*,#4706,.F.);
#6912=ORIENTED_EDGE('',*,*,#4740,.F.);
#6913=ORIENTED_EDGE('',*,*,#4771,.T.);
#6914=ORIENTED_EDGE('',*,*,#4738,.F.);
#6915=ORIENTED_EDGE('',*,*,#4704,.F.);
#6916=ORIENTED_EDGE('',*,*,#4772,.T.);
#6917=ORIENTED_EDGE('',*,*,#4773,.T.);
#6918=ORIENTED_EDGE('',*,*,#4774,.T.);
#6919=ORIENTED_EDGE('',*,*,#4702,.F.);
#6920=ORIENTED_EDGE('',*,*,#4737,.F.);
#6921=ORIENTED_EDGE('',*,*,#4775,.T.);
#6922=ORIENTED_EDGE('',*,*,#4735,.F.);
#6923=ORIENTED_EDGE('',*,*,#4700,.F.);
#6924=ORIENTED_EDGE('',*,*,#4776,.T.);
#6925=ORIENTED_EDGE('',*,*,#4777,.T.);
#6926=ORIENTED_EDGE('',*,*,#4778,.T.);
#6927=ORIENTED_EDGE('',*,*,#4698,.F.);
#6928=ORIENTED_EDGE('',*,*,#4734,.F.);
#6929=ORIENTED_EDGE('',*,*,#4779,.T.);
#6930=ORIENTED_EDGE('',*,*,#4732,.F.);
#6931=ORIENTED_EDGE('',*,*,#4696,.F.);
#6932=ORIENTED_EDGE('',*,*,#4780,.T.);
#6933=ORIENTED_EDGE('',*,*,#4781,.T.);
#6934=ORIENTED_EDGE('',*,*,#4782,.T.);
#6935=ORIENTED_EDGE('',*,*,#4694,.F.);
#6936=ORIENTED_EDGE('',*,*,#4731,.F.);
#6937=ORIENTED_EDGE('',*,*,#4783,.T.);
#6938=ORIENTED_EDGE('',*,*,#4729,.F.);
#6939=ORIENTED_EDGE('',*,*,#4692,.F.);
#6940=ORIENTED_EDGE('',*,*,#4784,.T.);
#6941=ORIENTED_EDGE('',*,*,#4785,.T.);
#6942=ORIENTED_EDGE('',*,*,#4786,.T.);
#6943=ORIENTED_EDGE('',*,*,#4690,.F.);
#6944=ORIENTED_EDGE('',*,*,#4728,.F.);
#6945=ORIENTED_EDGE('',*,*,#4787,.T.);
#6946=ORIENTED_EDGE('',*,*,#4726,.F.);
#6947=ORIENTED_EDGE('',*,*,#4688,.F.);
#6948=ORIENTED_EDGE('',*,*,#4788,.T.);
#6949=ORIENTED_EDGE('',*,*,#4755,.F.);
#6950=ORIENTED_EDGE('',*,*,#4789,.T.);
#6951=ORIENTED_EDGE('',*,*,#4684,.F.);
#6952=ORIENTED_EDGE('',*,*,#4605,.T.);
#6953=ORIENTED_EDGE('',*,*,#4601,.F.);
#6954=ORIENTED_EDGE('',*,*,#4790,.T.);
#6955=ORIENTED_EDGE('',*,*,#4675,.F.);
#6956=ORIENTED_EDGE('',*,*,#4681,.T.);
#6957=ORIENTED_EDGE('',*,*,#4677,.F.);
#6958=ORIENTED_EDGE('',*,*,#4791,.T.);
#6959=ORIENTED_EDGE('',*,*,#4665,.F.);
#6960=ORIENTED_EDGE('',*,*,#4671,.T.);
#6961=ORIENTED_EDGE('',*,*,#4667,.F.);
#6962=ORIENTED_EDGE('',*,*,#4792,.T.);
#6963=ORIENTED_EDGE('',*,*,#4654,.F.);
#6964=ORIENTED_EDGE('',*,*,#4661,.T.);
#6965=ORIENTED_EDGE('',*,*,#4656,.F.);
#6966=ORIENTED_EDGE('',*,*,#4793,.T.);
#6967=ORIENTED_EDGE('',*,*,#4644,.F.);
#6968=ORIENTED_EDGE('',*,*,#4650,.T.);
#6969=ORIENTED_EDGE('',*,*,#4646,.F.);
#6970=ORIENTED_EDGE('',*,*,#4794,.T.);
#6971=ORIENTED_EDGE('',*,*,#4634,.F.);
#6972=ORIENTED_EDGE('',*,*,#4640,.T.);
#6973=ORIENTED_EDGE('',*,*,#4636,.F.);
#6974=ORIENTED_EDGE('',*,*,#4795,.T.);
#6975=ORIENTED_EDGE('',*,*,#4624,.F.);
#6976=ORIENTED_EDGE('',*,*,#4630,.T.);
#6977=ORIENTED_EDGE('',*,*,#4626,.F.);
#6978=ORIENTED_EDGE('',*,*,#4796,.T.);
#6979=ORIENTED_EDGE('',*,*,#4617,.F.);
#6980=ORIENTED_EDGE('',*,*,#4620,.T.);
#6981=ORIENTED_EDGE('',*,*,#4760,.F.);
#6982=ORIENTED_EDGE('',*,*,#4797,.T.);
#6983=ORIENTED_EDGE('',*,*,#4610,.F.);
#6984=ORIENTED_EDGE('',*,*,#4613,.T.);
#6985=ORIENTED_EDGE('',*,*,#4758,.F.);
#6986=ORIENTED_EDGE('',*,*,#4798,.T.);
#6987=ORIENTED_EDGE('',*,*,#4719,.F.);
#6988=ORIENTED_EDGE('',*,*,#4715,.T.);
#6989=ORIENTED_EDGE('',*,*,#4762,.F.);
#6990=ORIENTED_EDGE('',*,*,#4799,.T.);
#6991=ORIENTED_EDGE('',*,*,#4764,.F.);
#6992=ORIENTED_EDGE('',*,*,#4711,.T.);
#6993=ORIENTED_EDGE('',*,*,#4766,.F.);
#6994=ORIENTED_EDGE('',*,*,#4800,.T.);
#6995=ORIENTED_EDGE('',*,*,#4768,.F.);
#6996=ORIENTED_EDGE('',*,*,#4707,.T.);
#6997=ORIENTED_EDGE('',*,*,#4770,.F.);
#6998=ORIENTED_EDGE('',*,*,#4801,.T.);
#6999=ORIENTED_EDGE('',*,*,#4772,.F.);
#7000=ORIENTED_EDGE('',*,*,#4703,.T.);
#7001=ORIENTED_EDGE('',*,*,#4774,.F.);
#7002=ORIENTED_EDGE('',*,*,#4802,.T.);
#7003=ORIENTED_EDGE('',*,*,#4776,.F.);
#7004=ORIENTED_EDGE('',*,*,#4699,.T.);
#7005=ORIENTED_EDGE('',*,*,#4778,.F.);
#7006=ORIENTED_EDGE('',*,*,#4803,.T.);
#7007=ORIENTED_EDGE('',*,*,#4780,.F.);
#7008=ORIENTED_EDGE('',*,*,#4695,.T.);
#7009=ORIENTED_EDGE('',*,*,#4782,.F.);
#7010=ORIENTED_EDGE('',*,*,#4804,.T.);
#7011=ORIENTED_EDGE('',*,*,#4784,.F.);
#7012=ORIENTED_EDGE('',*,*,#4691,.T.);
#7013=ORIENTED_EDGE('',*,*,#4786,.F.);
#7014=ORIENTED_EDGE('',*,*,#4805,.T.);
#7015=ORIENTED_EDGE('',*,*,#4788,.F.);
#7016=ORIENTED_EDGE('',*,*,#4687,.T.);
#7017=ORIENTED_EDGE('',*,*,#4806,.F.);
#7018=ORIENTED_EDGE('',*,*,#4807,.T.);
#7019=ORIENTED_EDGE('',*,*,#4806,.T.);
#7020=ORIENTED_EDGE('',*,*,#4686,.F.);
#7021=ORIENTED_EDGE('',*,*,#4725,.F.);
#7022=ORIENTED_EDGE('',*,*,#4807,.F.);
#7023=ORIENTED_EDGE('',*,*,#4724,.F.);
#7024=ORIENTED_EDGE('',*,*,#4682,.F.);
#7025=ORIENTED_EDGE('',*,*,#4789,.F.);
#7026=ORIENTED_EDGE('',*,*,#4600,.F.);
#7027=ORIENTED_EDGE('',*,*,#4723,.F.);
#7028=ORIENTED_EDGE('',*,*,#4672,.F.);
#7029=ORIENTED_EDGE('',*,*,#4790,.F.);
#7030=ORIENTED_EDGE('',*,*,#4787,.F.);
#7031=ORIENTED_EDGE('',*,*,#4805,.F.);
#7032=ORIENTED_EDGE('',*,*,#4785,.F.);
#7033=ORIENTED_EDGE('',*,*,#4727,.F.);
#7034=ORIENTED_EDGE('',*,*,#4676,.F.);
#7035=ORIENTED_EDGE('',*,*,#4722,.F.);
#7036=ORIENTED_EDGE('',*,*,#4662,.F.);
#7037=ORIENTED_EDGE('',*,*,#4791,.F.);
#7038=ORIENTED_EDGE('',*,*,#4783,.F.);
#7039=ORIENTED_EDGE('',*,*,#4804,.F.);
#7040=ORIENTED_EDGE('',*,*,#4781,.F.);
#7041=ORIENTED_EDGE('',*,*,#4730,.F.);
#7042=ORIENTED_EDGE('',*,*,#4666,.F.);
#7043=ORIENTED_EDGE('',*,*,#4721,.F.);
#7044=ORIENTED_EDGE('',*,*,#4651,.F.);
#7045=ORIENTED_EDGE('',*,*,#4792,.F.);
#7046=ORIENTED_EDGE('',*,*,#4779,.F.);
#7047=ORIENTED_EDGE('',*,*,#4803,.F.);
#7048=ORIENTED_EDGE('',*,*,#4777,.F.);
#7049=ORIENTED_EDGE('',*,*,#4733,.F.);
#7050=ORIENTED_EDGE('',*,*,#4655,.F.);
#7051=ORIENTED_EDGE('',*,*,#4754,.F.);
#7052=ORIENTED_EDGE('',*,*,#4641,.F.);
#7053=ORIENTED_EDGE('',*,*,#4793,.F.);
#7054=ORIENTED_EDGE('',*,*,#4645,.F.);
#7055=ORIENTED_EDGE('',*,*,#4753,.F.);
#7056=ORIENTED_EDGE('',*,*,#4631,.F.);
#7057=ORIENTED_EDGE('',*,*,#4794,.F.);
#7058=ORIENTED_EDGE('',*,*,#4775,.F.);
#7059=ORIENTED_EDGE('',*,*,#4802,.F.);
#7060=ORIENTED_EDGE('',*,*,#4773,.F.);
#7061=ORIENTED_EDGE('',*,*,#4736,.F.);
#7062=ORIENTED_EDGE('',*,*,#4635,.F.);
#7063=ORIENTED_EDGE('',*,*,#4752,.F.);
#7064=ORIENTED_EDGE('',*,*,#4621,.F.);
#7065=ORIENTED_EDGE('',*,*,#4795,.F.);
#7066=ORIENTED_EDGE('',*,*,#4771,.F.);
#7067=ORIENTED_EDGE('',*,*,#4801,.F.);
#7068=ORIENTED_EDGE('',*,*,#4769,.F.);
#7069=ORIENTED_EDGE('',*,*,#4739,.F.);
#7070=ORIENTED_EDGE('',*,*,#4625,.F.);
#7071=ORIENTED_EDGE('',*,*,#4751,.F.);
#7072=ORIENTED_EDGE('',*,*,#4614,.F.);
#7073=ORIENTED_EDGE('',*,*,#4796,.F.);
#7074=ORIENTED_EDGE('',*,*,#4767,.F.);
#7075=ORIENTED_EDGE('',*,*,#4800,.F.);
#7076=ORIENTED_EDGE('',*,*,#4765,.F.);
#7077=ORIENTED_EDGE('',*,*,#4742,.F.);
#7078=ORIENTED_EDGE('',*,*,#4759,.F.);
#7079=ORIENTED_EDGE('',*,*,#4749,.F.);
#7080=ORIENTED_EDGE('',*,*,#4607,.F.);
#7081=ORIENTED_EDGE('',*,*,#4797,.F.);
#7082=ORIENTED_EDGE('',*,*,#4717,.F.);
#7083=ORIENTED_EDGE('',*,*,#4798,.F.);
#7084=ORIENTED_EDGE('',*,*,#4757,.F.);
#7085=ORIENTED_EDGE('',*,*,#4747,.F.);
#7086=ORIENTED_EDGE('',*,*,#4763,.F.);
#7087=ORIENTED_EDGE('',*,*,#4799,.F.);
#7088=ORIENTED_EDGE('',*,*,#4761,.F.);
#7089=ORIENTED_EDGE('',*,*,#4745,.F.);
#7090=CONICAL_SURFACE('',#7492,1.75,0.785398163397448);
#7091=CONICAL_SURFACE('',#7718,1.75,0.785398163397445);
#7092=CONICAL_SURFACE('',#8303,4.175,1.39094282700242);
#7093=ADVANCED_FACE('',(#453),#7090,.F.);
#7094=ADVANCED_FACE('',(#454),#197,.F.);
#7095=ADVANCED_FACE('',(#455,#67),#71,.F.);
#7096=ADVANCED_FACE('',(#456),#7091,.F.);
#7097=ADVANCED_FACE('',(#457,#68),#72,.T.);
#7098=ADVANCED_FACE('',(#458),#198,.F.);
#7099=ADVANCED_FACE('',(#459),#199,.F.);
#7100=ADVANCED_FACE('',(#460),#73,.F.);
#7101=ADVANCED_FACE('',(#461),#74,.F.);
#7102=ADVANCED_FACE('',(#462),#200,.T.);
#7103=ADVANCED_FACE('',(#463),#201,.T.);
#7104=ADVANCED_FACE('',(#464),#202,.T.);
#7105=ADVANCED_FACE('',(#465),#203,.F.);
#7106=ADVANCED_FACE('',(#466),#204,.F.);
#7107=ADVANCED_FACE('',(#467),#75,.F.);
#7108=ADVANCED_FACE('',(#468),#205,.T.);
#7109=ADVANCED_FACE('',(#469),#76,.F.);
#7110=ADVANCED_FACE('',(#470),#206,.T.);
#7111=ADVANCED_FACE('',(#471),#207,.T.);
#7112=ADVANCED_FACE('',(#472),#208,.F.);
#7113=ADVANCED_FACE('',(#473),#209,.F.);
#7114=ADVANCED_FACE('',(#474),#77,.F.);
#7115=ADVANCED_FACE('',(#475),#210,.T.);
#7116=ADVANCED_FACE('',(#476),#78,.F.);
#7117=ADVANCED_FACE('',(#477),#211,.T.);
#7118=ADVANCED_FACE('',(#478),#212,.T.);
#7119=ADVANCED_FACE('',(#479),#213,.F.);
#7120=ADVANCED_FACE('',(#480),#214,.F.);
#7121=ADVANCED_FACE('',(#481),#79,.F.);
#7122=ADVANCED_FACE('',(#482),#215,.T.);
#7123=ADVANCED_FACE('',(#483),#80,.F.);
#7124=ADVANCED_FACE('',(#484),#216,.T.);
#7125=ADVANCED_FACE('',(#485),#217,.T.);
#7126=ADVANCED_FACE('',(#486),#218,.F.);
#7127=ADVANCED_FACE('',(#487),#219,.F.);
#7128=ADVANCED_FACE('',(#488),#81,.F.);
#7129=ADVANCED_FACE('',(#489),#220,.T.);
#7130=ADVANCED_FACE('',(#490),#82,.F.);
#7131=ADVANCED_FACE('',(#491),#221,.T.);
#7132=ADVANCED_FACE('',(#492),#222,.T.);
#7133=ADVANCED_FACE('',(#493),#223,.F.);
#7134=ADVANCED_FACE('',(#494),#224,.F.);
#7135=ADVANCED_FACE('',(#495),#83,.F.);
#7136=ADVANCED_FACE('',(#496),#225,.T.);
#7137=ADVANCED_FACE('',(#497),#84,.F.);
#7138=ADVANCED_FACE('',(#498),#226,.T.);
#7139=ADVANCED_FACE('',(#499),#227,.T.);
#7140=ADVANCED_FACE('',(#500),#228,.F.);
#7141=ADVANCED_FACE('',(#501),#229,.F.);
#7142=ADVANCED_FACE('',(#502),#85,.F.);
#7143=ADVANCED_FACE('',(#503),#230,.T.);
#7144=ADVANCED_FACE('',(#504),#86,.F.);
#7145=ADVANCED_FACE('',(#505),#231,.T.);
#7146=ADVANCED_FACE('',(#506),#232,.T.);
#7147=ADVANCED_FACE('',(#507),#233,.F.);
#7148=ADVANCED_FACE('',(#508),#234,.F.);
#7149=ADVANCED_FACE('',(#509),#87,.F.);
#7150=ADVANCED_FACE('',(#510),#235,.T.);
#7151=ADVANCED_FACE('',(#511),#88,.F.);
#7152=ADVANCED_FACE('',(#512),#236,.T.);
#7153=ADVANCED_FACE('',(#513),#237,.T.);
#7154=ADVANCED_FACE('',(#514),#238,.F.);
#7155=ADVANCED_FACE('',(#515),#239,.F.);
#7156=ADVANCED_FACE('',(#516),#89,.F.);
#7157=ADVANCED_FACE('',(#517),#240,.T.);
#7158=ADVANCED_FACE('',(#518),#90,.F.);
#7159=ADVANCED_FACE('',(#519),#241,.T.);
#7160=ADVANCED_FACE('',(#520),#242,.T.);
#7161=ADVANCED_FACE('',(#521),#243,.F.);
#7162=ADVANCED_FACE('',(#522),#244,.F.);
#7163=ADVANCED_FACE('',(#523),#91,.F.);
#7164=ADVANCED_FACE('',(#524),#245,.T.);
#7165=ADVANCED_FACE('',(#525),#92,.F.);
#7166=ADVANCED_FACE('',(#526),#246,.T.);
#7167=ADVANCED_FACE('',(#527),#247,.T.);
#7168=ADVANCED_FACE('',(#528),#248,.F.);
#7169=ADVANCED_FACE('',(#529),#249,.F.);
#7170=ADVANCED_FACE('',(#530),#93,.F.);
#7171=ADVANCED_FACE('',(#531),#250,.T.);
#7172=ADVANCED_FACE('',(#532),#94,.F.);
#7173=ADVANCED_FACE('',(#533),#251,.T.);
#7174=ADVANCED_FACE('',(#534),#252,.T.);
#7175=ADVANCED_FACE('',(#535),#253,.F.);
#7176=ADVANCED_FACE('',(#536),#254,.F.);
#7177=ADVANCED_FACE('',(#537),#95,.F.);
#7178=ADVANCED_FACE('',(#538),#255,.T.);
#7179=ADVANCED_FACE('',(#539),#96,.F.);
#7180=ADVANCED_FACE('',(#540),#256,.T.);
#7181=ADVANCED_FACE('',(#541),#257,.T.);
#7182=ADVANCED_FACE('',(#542),#258,.F.);
#7183=ADVANCED_FACE('',(#543),#259,.F.);
#7184=ADVANCED_FACE('',(#544),#97,.F.);
#7185=ADVANCED_FACE('',(#545),#260,.T.);
#7186=ADVANCED_FACE('',(#546),#98,.F.);
#7187=ADVANCED_FACE('',(#547),#261,.T.);
#7188=ADVANCED_FACE('',(#548),#262,.T.);
#7189=ADVANCED_FACE('',(#549),#263,.F.);
#7190=ADVANCED_FACE('',(#550),#264,.F.);
#7191=ADVANCED_FACE('',(#551),#99,.F.);
#7192=ADVANCED_FACE('',(#552),#265,.T.);
#7193=ADVANCED_FACE('',(#553),#100,.F.);
#7194=ADVANCED_FACE('',(#554),#266,.T.);
#7195=ADVANCED_FACE('',(#555),#267,.T.);
#7196=ADVANCED_FACE('',(#556),#268,.F.);
#7197=ADVANCED_FACE('',(#557),#269,.F.);
#7198=ADVANCED_FACE('',(#558),#101,.F.);
#7199=ADVANCED_FACE('',(#559),#270,.T.);
#7200=ADVANCED_FACE('',(#560),#102,.F.);
#7201=ADVANCED_FACE('',(#561),#271,.T.);
#7202=ADVANCED_FACE('',(#562),#272,.T.);
#7203=ADVANCED_FACE('',(#563),#273,.F.);
#7204=ADVANCED_FACE('',(#564),#274,.F.);
#7205=ADVANCED_FACE('',(#565),#103,.F.);
#7206=ADVANCED_FACE('',(#566),#275,.T.);
#7207=ADVANCED_FACE('',(#567),#104,.F.);
#7208=ADVANCED_FACE('',(#568),#276,.T.);
#7209=ADVANCED_FACE('',(#569),#277,.T.);
#7210=ADVANCED_FACE('',(#570),#278,.F.);
#7211=ADVANCED_FACE('',(#571),#279,.F.);
#7212=ADVANCED_FACE('',(#572),#105,.F.);
#7213=ADVANCED_FACE('',(#573),#280,.T.);
#7214=ADVANCED_FACE('',(#574),#106,.F.);
#7215=ADVANCED_FACE('',(#575),#281,.T.);
#7216=ADVANCED_FACE('',(#576),#282,.T.);
#7217=ADVANCED_FACE('',(#577),#283,.F.);
#7218=ADVANCED_FACE('',(#578),#284,.F.);
#7219=ADVANCED_FACE('',(#579),#107,.F.);
#7220=ADVANCED_FACE('',(#580),#285,.T.);
#7221=ADVANCED_FACE('',(#581),#108,.F.);
#7222=ADVANCED_FACE('',(#582),#286,.T.);
#7223=ADVANCED_FACE('',(#583),#287,.T.);
#7224=ADVANCED_FACE('',(#584),#288,.F.);
#7225=ADVANCED_FACE('',(#585),#289,.F.);
#7226=ADVANCED_FACE('',(#586),#109,.F.);
#7227=ADVANCED_FACE('',(#587),#290,.T.);
#7228=ADVANCED_FACE('',(#588),#110,.F.);
#7229=ADVANCED_FACE('',(#589),#291,.T.);
#7230=ADVANCED_FACE('',(#590),#292,.T.);
#7231=ADVANCED_FACE('',(#591),#293,.F.);
#7232=ADVANCED_FACE('',(#592),#294,.F.);
#7233=ADVANCED_FACE('',(#593),#111,.F.);
#7234=ADVANCED_FACE('',(#594),#295,.T.);
#7235=ADVANCED_FACE('',(#595),#112,.F.);
#7236=ADVANCED_FACE('',(#596),#296,.T.);
#7237=ADVANCED_FACE('',(#597),#297,.T.);
#7238=ADVANCED_FACE('',(#598),#298,.F.);
#7239=ADVANCED_FACE('',(#599),#299,.F.);
#7240=ADVANCED_FACE('',(#600),#113,.F.);
#7241=ADVANCED_FACE('',(#601),#300,.T.);
#7242=ADVANCED_FACE('',(#602),#114,.F.);
#7243=ADVANCED_FACE('',(#603),#301,.T.);
#7244=ADVANCED_FACE('',(#604),#302,.T.);
#7245=ADVANCED_FACE('',(#605),#303,.F.);
#7246=ADVANCED_FACE('',(#606),#304,.F.);
#7247=ADVANCED_FACE('',(#607),#115,.F.);
#7248=ADVANCED_FACE('',(#608),#305,.T.);
#7249=ADVANCED_FACE('',(#609),#116,.F.);
#7250=ADVANCED_FACE('',(#610),#306,.T.);
#7251=ADVANCED_FACE('',(#611),#307,.T.);
#7252=ADVANCED_FACE('',(#612),#308,.F.);
#7253=ADVANCED_FACE('',(#613),#309,.F.);
#7254=ADVANCED_FACE('',(#614),#117,.F.);
#7255=ADVANCED_FACE('',(#615),#310,.T.);
#7256=ADVANCED_FACE('',(#616),#118,.F.);
#7257=ADVANCED_FACE('',(#617),#311,.T.);
#7258=ADVANCED_FACE('',(#618),#312,.T.);
#7259=ADVANCED_FACE('',(#619),#313,.F.);
#7260=ADVANCED_FACE('',(#620),#314,.F.);
#7261=ADVANCED_FACE('',(#621),#119,.F.);
#7262=ADVANCED_FACE('',(#622),#315,.T.);
#7263=ADVANCED_FACE('',(#623),#120,.F.);
#7264=ADVANCED_FACE('',(#624),#316,.T.);
#7265=ADVANCED_FACE('',(#625),#317,.T.);
#7266=ADVANCED_FACE('',(#626),#318,.F.);
#7267=ADVANCED_FACE('',(#627),#319,.F.);
#7268=ADVANCED_FACE('',(#628),#121,.F.);
#7269=ADVANCED_FACE('',(#629),#320,.T.);
#7270=ADVANCED_FACE('',(#630),#122,.F.);
#7271=ADVANCED_FACE('',(#631),#321,.T.);
#7272=ADVANCED_FACE('',(#632),#322,.T.);
#7273=ADVANCED_FACE('',(#633),#323,.F.);
#7274=ADVANCED_FACE('',(#634),#324,.F.);
#7275=ADVANCED_FACE('',(#635),#123,.F.);
#7276=ADVANCED_FACE('',(#636),#325,.T.);
#7277=ADVANCED_FACE('',(#637),#124,.F.);
#7278=ADVANCED_FACE('',(#638),#326,.T.);
#7279=ADVANCED_FACE('',(#639),#327,.T.);
#7280=ADVANCED_FACE('',(#640),#328,.F.);
#7281=ADVANCED_FACE('',(#641),#329,.F.);
#7282=ADVANCED_FACE('',(#642),#125,.F.);
#7283=ADVANCED_FACE('',(#643),#330,.T.);
#7284=ADVANCED_FACE('',(#644),#126,.F.);
#7285=ADVANCED_FACE('',(#645),#331,.T.);
#7286=ADVANCED_FACE('',(#646),#332,.T.);
#7287=ADVANCED_FACE('',(#647),#333,.F.);
#7288=ADVANCED_FACE('',(#648),#334,.F.);
#7289=ADVANCED_FACE('',(#649),#127,.F.);
#7290=ADVANCED_FACE('',(#650),#335,.T.);
#7291=ADVANCED_FACE('',(#651),#128,.F.);
#7292=ADVANCED_FACE('',(#652),#336,.T.);
#7293=ADVANCED_FACE('',(#653),#337,.T.);
#7294=ADVANCED_FACE('',(#654),#338,.F.);
#7295=ADVANCED_FACE('',(#655),#339,.F.);
#7296=ADVANCED_FACE('',(#656),#129,.F.);
#7297=ADVANCED_FACE('',(#657),#340,.T.);
#7298=ADVANCED_FACE('',(#658),#130,.F.);
#7299=ADVANCED_FACE('',(#659),#341,.T.);
#7300=ADVANCED_FACE('',(#660),#342,.T.);
#7301=ADVANCED_FACE('',(#661),#343,.F.);
#7302=ADVANCED_FACE('',(#662),#344,.F.);
#7303=ADVANCED_FACE('',(#663),#131,.F.);
#7304=ADVANCED_FACE('',(#664),#345,.T.);
#7305=ADVANCED_FACE('',(#665),#132,.F.);
#7306=ADVANCED_FACE('',(#666),#346,.T.);
#7307=ADVANCED_FACE('',(#667),#347,.T.);
#7308=ADVANCED_FACE('',(#668),#348,.F.);
#7309=ADVANCED_FACE('',(#669),#349,.F.);
#7310=ADVANCED_FACE('',(#670),#133,.F.);
#7311=ADVANCED_FACE('',(#671),#350,.T.);
#7312=ADVANCED_FACE('',(#672),#134,.F.);
#7313=ADVANCED_FACE('',(#673),#351,.T.);
#7314=ADVANCED_FACE('',(#674),#352,.T.);
#7315=ADVANCED_FACE('',(#675),#353,.F.);
#7316=ADVANCED_FACE('',(#676),#354,.F.);
#7317=ADVANCED_FACE('',(#677),#135,.F.);
#7318=ADVANCED_FACE('',(#678),#355,.T.);
#7319=ADVANCED_FACE('',(#679),#136,.F.);
#7320=ADVANCED_FACE('',(#680),#356,.T.);
#7321=ADVANCED_FACE('',(#681),#357,.T.);
#7322=ADVANCED_FACE('',(#682),#358,.F.);
#7323=ADVANCED_FACE('',(#683),#359,.F.);
#7324=ADVANCED_FACE('',(#684),#137,.F.);
#7325=ADVANCED_FACE('',(#685),#360,.T.);
#7326=ADVANCED_FACE('',(#686),#138,.F.);
#7327=ADVANCED_FACE('',(#687),#361,.T.);
#7328=ADVANCED_FACE('',(#688),#362,.T.);
#7329=ADVANCED_FACE('',(#689),#363,.F.);
#7330=ADVANCED_FACE('',(#690),#364,.F.);
#7331=ADVANCED_FACE('',(#691),#139,.F.);
#7332=ADVANCED_FACE('',(#692),#365,.T.);
#7333=ADVANCED_FACE('',(#693),#140,.F.);
#7334=ADVANCED_FACE('',(#694),#366,.T.);
#7335=ADVANCED_FACE('',(#695),#367,.T.);
#7336=ADVANCED_FACE('',(#696),#368,.F.);
#7337=ADVANCED_FACE('',(#697),#369,.F.);
#7338=ADVANCED_FACE('',(#698),#141,.F.);
#7339=ADVANCED_FACE('',(#699),#370,.T.);
#7340=ADVANCED_FACE('',(#700),#142,.F.);
#7341=ADVANCED_FACE('',(#701),#371,.T.);
#7342=ADVANCED_FACE('',(#702),#372,.T.);
#7343=ADVANCED_FACE('',(#703),#373,.F.);
#7344=ADVANCED_FACE('',(#704),#374,.F.);
#7345=ADVANCED_FACE('',(#705),#143,.F.);
#7346=ADVANCED_FACE('',(#706),#375,.T.);
#7347=ADVANCED_FACE('',(#707),#144,.F.);
#7348=ADVANCED_FACE('',(#708),#376,.T.);
#7349=ADVANCED_FACE('',(#709),#377,.T.);
#7350=ADVANCED_FACE('',(#710),#378,.F.);
#7351=ADVANCED_FACE('',(#711),#379,.F.);
#7352=ADVANCED_FACE('',(#712),#145,.F.);
#7353=ADVANCED_FACE('',(#713),#380,.T.);
#7354=ADVANCED_FACE('',(#714),#146,.F.);
#7355=ADVANCED_FACE('',(#715),#381,.T.);
#7356=ADVANCED_FACE('',(#716),#382,.T.);
#7357=ADVANCED_FACE('',(#717),#383,.F.);
#7358=ADVANCED_FACE('',(#718),#384,.F.);
#7359=ADVANCED_FACE('',(#719),#147,.F.);
#7360=ADVANCED_FACE('',(#720),#385,.T.);
#7361=ADVANCED_FACE('',(#721),#148,.F.);
#7362=ADVANCED_FACE('',(#722),#386,.T.);
#7363=ADVANCED_FACE('',(#723),#387,.T.);
#7364=ADVANCED_FACE('',(#724),#388,.F.);
#7365=ADVANCED_FACE('',(#725),#389,.F.);
#7366=ADVANCED_FACE('',(#726),#149,.F.);
#7367=ADVANCED_FACE('',(#727),#390,.T.);
#7368=ADVANCED_FACE('',(#728),#150,.F.);
#7369=ADVANCED_FACE('',(#729),#391,.T.);
#7370=ADVANCED_FACE('',(#730),#392,.T.);
#7371=ADVANCED_FACE('',(#731),#393,.F.);
#7372=ADVANCED_FACE('',(#732),#394,.F.);
#7373=ADVANCED_FACE('',(#733),#151,.F.);
#7374=ADVANCED_FACE('',(#734),#395,.T.);
#7375=ADVANCED_FACE('',(#735),#152,.F.);
#7376=ADVANCED_FACE('',(#736),#396,.T.);
#7377=ADVANCED_FACE('',(#737),#397,.T.);
#7378=ADVANCED_FACE('',(#738),#398,.F.);
#7379=ADVANCED_FACE('',(#739),#399,.F.);
#7380=ADVANCED_FACE('',(#740),#153,.F.);
#7381=ADVANCED_FACE('',(#741),#400,.T.);
#7382=ADVANCED_FACE('',(#742),#154,.F.);
#7383=ADVANCED_FACE('',(#743),#401,.T.);
#7384=ADVANCED_FACE('',(#744),#402,.T.);
#7385=ADVANCED_FACE('',(#745),#403,.F.);
#7386=ADVANCED_FACE('',(#746),#404,.F.);
#7387=ADVANCED_FACE('',(#747),#155,.F.);
#7388=ADVANCED_FACE('',(#748),#405,.T.);
#7389=ADVANCED_FACE('',(#749),#156,.F.);
#7390=ADVANCED_FACE('',(#750),#406,.T.);
#7391=ADVANCED_FACE('',(#751),#407,.T.);
#7392=ADVANCED_FACE('',(#752),#408,.F.);
#7393=ADVANCED_FACE('',(#753),#409,.F.);
#7394=ADVANCED_FACE('',(#754),#157,.F.);
#7395=ADVANCED_FACE('',(#755),#410,.T.);
#7396=ADVANCED_FACE('',(#756),#158,.F.);
#7397=ADVANCED_FACE('',(#757),#411,.T.);
#7398=ADVANCED_FACE('',(#758),#412,.T.);
#7399=ADVANCED_FACE('',(#759),#413,.T.);
#7400=ADVANCED_FACE('',(#760,#69),#159,.T.);
#7401=ADVANCED_FACE('',(#761),#414,.F.);
#7402=ADVANCED_FACE('',(#762),#415,.F.);
#7403=ADVANCED_FACE('',(#763),#160,.F.);
#7404=ADVANCED_FACE('',(#764),#416,.T.);
#7405=ADVANCED_FACE('',(#765),#161,.F.);
#7406=ADVANCED_FACE('',(#766),#417,.T.);
#7407=ADVANCED_FACE('',(#767),#162,.F.);
#7408=ADVANCED_FACE('',(#768),#418,.F.);
#7409=ADVANCED_FACE('',(#769),#163,.F.);
#7410=ADVANCED_FACE('',(#770),#419,.F.);
#7411=ADVANCED_FACE('',(#771),#164,.F.);
#7412=ADVANCED_FACE('',(#772),#420,.F.);
#7413=ADVANCED_FACE('',(#773),#165,.F.);
#7414=ADVANCED_FACE('',(#774),#166,.F.);
#7415=ADVANCED_FACE('',(#775),#421,.F.);
#7416=ADVANCED_FACE('',(#776),#167,.F.);
#7417=ADVANCED_FACE('',(#777),#168,.F.);
#7418=ADVANCED_FACE('',(#778),#422,.F.);
#7419=ADVANCED_FACE('',(#779),#169,.F.);
#7420=ADVANCED_FACE('',(#780),#170,.F.);
#7421=ADVANCED_FACE('',(#781),#423,.F.);
#7422=ADVANCED_FACE('',(#782),#171,.F.);
#7423=ADVANCED_FACE('',(#783),#172,.F.);
#7424=ADVANCED_FACE('',(#784),#424,.F.);
#7425=ADVANCED_FACE('',(#785),#173,.F.);
#7426=ADVANCED_FACE('',(#786),#174,.F.);
#7427=ADVANCED_FACE('',(#787),#425,.F.);
#7428=ADVANCED_FACE('',(#788),#175,.F.);
#7429=ADVANCED_FACE('',(#789),#176,.F.);
#7430=ADVANCED_FACE('',(#790),#426,.F.);
#7431=ADVANCED_FACE('',(#791),#177,.F.);
#7432=ADVANCED_FACE('',(#792),#427,.F.);
#7433=ADVANCED_FACE('',(#793),#428,.F.);
#7434=ADVANCED_FACE('',(#794),#429,.F.);
#7435=ADVANCED_FACE('',(#795),#430,.F.);
#7436=ADVANCED_FACE('',(#796),#431,.F.);
#7437=ADVANCED_FACE('',(#797),#432,.F.);
#7438=ADVANCED_FACE('',(#798),#433,.F.);
#7439=ADVANCED_FACE('',(#799),#434,.F.);
#7440=ADVANCED_FACE('',(#800),#178,.F.);
#7441=ADVANCED_FACE('',(#801),#7092,.T.);
#7442=ADVANCED_FACE('',(#802),#435,.T.);
#7443=ADVANCED_FACE('',(#803),#179,.F.);
#7444=ADVANCED_FACE('',(#804),#180,.F.);
#7445=ADVANCED_FACE('',(#805),#181,.F.);
#7446=ADVANCED_FACE('',(#806),#182,.F.);
#7447=ADVANCED_FACE('',(#807),#183,.F.);
#7448=ADVANCED_FACE('',(#808),#184,.F.);
#7449=ADVANCED_FACE('',(#809),#185,.F.);
#7450=ADVANCED_FACE('',(#810),#186,.F.);
#7451=ADVANCED_FACE('',(#811),#187,.F.);
#7452=ADVANCED_FACE('',(#812),#188,.F.);
#7453=ADVANCED_FACE('',(#813),#189,.F.);
#7454=ADVANCED_FACE('',(#814),#190,.F.);
#7455=ADVANCED_FACE('',(#815),#191,.F.);
#7456=ADVANCED_FACE('',(#816),#192,.F.);
#7457=ADVANCED_FACE('',(#817),#193,.F.);
#7458=ADVANCED_FACE('',(#818),#194,.F.);
#7459=ADVANCED_FACE('',(#819,#70),#195,.T.);
#7460=ADVANCED_FACE('',(#820),#196,.F.);
#7461=ADVANCED_FACE('',(#821),#436,.T.);
#7462=ADVANCED_FACE('',(#822),#437,.T.);
#7463=ADVANCED_FACE('',(#823),#438,.T.);
#7464=ADVANCED_FACE('',(#824),#439,.T.);
#7465=ADVANCED_FACE('',(#825),#440,.T.);
#7466=ADVANCED_FACE('',(#826),#441,.T.);
#7467=ADVANCED_FACE('',(#827),#442,.T.);
#7468=ADVANCED_FACE('',(#828),#443,.T.);
#7469=ADVANCED_FACE('',(#829),#444,.T.);
#7470=ADVANCED_FACE('',(#830),#445,.T.);
#7471=ADVANCED_FACE('',(#831),#446,.T.);
#7472=ADVANCED_FACE('',(#832),#447,.T.);
#7473=ADVANCED_FACE('',(#833),#448,.T.);
#7474=ADVANCED_FACE('',(#834),#449,.T.);
#7475=ADVANCED_FACE('',(#835),#450,.T.);
#7476=ADVANCED_FACE('',(#836),#451,.T.);
#7477=ADVANCED_FACE('',(#837),#452,.T.);
#7478=CLOSED_SHELL('',(#7093,#7094,#7095,#7096,#7097,#7098,#7099,#7100,
#7101,#7102,#7103,#7104,#7105,#7106,#7107,#7108,#7109,#7110,#7111,#7112,
#7113,#7114,#7115,#7116,#7117,#7118,#7119,#7120,#7121,#7122,#7123,#7124,
#7125,#7126,#7127,#7128,#7129,#7130,#7131,#7132,#7133,#7134,#7135,#7136,
#7137,#7138,#7139,#7140,#7141,#7142,#7143,#7144,#7145,#7146,#7147,#7148,
#7149,#7150,#7151,#7152,#7153,#7154,#7155,#7156,#7157,#7158,#7159,#7160,
#7161,#7162,#7163,#7164,#7165,#7166,#7167,#7168,#7169,#7170,#7171,#7172,
#7173,#7174,#7175,#7176,#7177,#7178,#7179,#7180,#7181,#7182,#7183,#7184,
#7185,#7186,#7187,#7188,#7189,#7190,#7191,#7192,#7193,#7194,#7195,#7196,
#7197,#7198,#7199,#7200,#7201,#7202,#7203,#7204,#7205,#7206,#7207,#7208,
#7209,#7210,#7211,#7212,#7213,#7214,#7215,#7216,#7217,#7218,#7219,#7220,
#7221,#7222,#7223,#7224,#7225,#7226,#7227,#7228,#7229,#7230,#7231,#7232,
#7233,#7234,#7235,#7236,#7237,#7238,#7239,#7240,#7241,#7242,#7243,#7244,
#7245,#7246,#7247,#7248,#7249,#7250,#7251,#7252,#7253,#7254,#7255,#7256,
#7257,#7258,#7259,#7260,#7261,#7262,#7263,#7264,#7265,#7266,#7267,#7268,
#7269,#7270,#7271,#7272,#7273,#7274,#7275,#7276,#7277,#7278,#7279,#7280,
#7281,#7282,#7283,#7284,#7285,#7286,#7287,#7288,#7289,#7290,#7291,#7292,
#7293,#7294,#7295,#7296,#7297,#7298,#7299,#7300,#7301,#7302,#7303,#7304,
#7305,#7306,#7307,#7308,#7309,#7310,#7311,#7312,#7313,#7314,#7315,#7316,
#7317,#7318,#7319,#7320,#7321,#7322,#7323,#7324,#7325,#7326,#7327,#7328,
#7329,#7330,#7331,#7332,#7333,#7334,#7335,#7336,#7337,#7338,#7339,#7340,
#7341,#7342,#7343,#7344,#7345,#7346,#7347,#7348,#7349,#7350,#7351,#7352,
#7353,#7354,#7355,#7356,#7357,#7358,#7359,#7360,#7361,#7362,#7363,#7364,
#7365,#7366,#7367,#7368,#7369,#7370,#7371,#7372,#7373,#7374,#7375,#7376,
#7377,#7378,#7379,#7380,#7381,#7382,#7383,#7384,#7385,#7386,#7387,#7388,
#7389,#7390,#7391,#7392,#7393,#7394,#7395,#7396,#7397,#7398,#7399,#7400,
#7401,#7402,#7403,#7404,#7405,#7406,#7407,#7408,#7409,#7410,#7411,#7412,
#7413,#7414,#7415,#7416,#7417,#7418,#7419,#7420,#7421,#7422,#7423,#7424,
#7425,#7426,#7427,#7428,#7429,#7430,#7431,#7432,#7433,#7434,#7435,#7436,
#7437,#7438,#7439,#7440,#7441,#7442,#7443,#7444,#7445,#7446,#7447,#7448,
#7449,#7450,#7451,#7452,#7453,#7454,#7455,#7456,#7457,#7458,#7459,#7460,
#7461,#7462,#7463,#7464,#7465,#7466,#7467,#7468,#7469,#7470,#7471,#7472,
#7473,#7474,#7475,#7476,#7477));
#7479=DERIVED_UNIT_ELEMENT(#7481,1.);
#7480=DERIVED_UNIT_ELEMENT(#13318,-3.);
#7481=(
MASS_UNIT()
NAMED_UNIT(*)
SI_UNIT(.KILO.,.GRAM.)
);
#7482=DERIVED_UNIT((#7479,#7480));
#7483=MEASURE_REPRESENTATION_ITEM('density measure',
POSITIVE_RATIO_MEASURE(7850.),#7482);
#7484=PROPERTY_DEFINITION_REPRESENTATION(#7489,#7486);
#7485=PROPERTY_DEFINITION_REPRESENTATION(#7490,#7487);
#7486=REPRESENTATION('material name',(#7488),#13315);
#7487=REPRESENTATION('density',(#7483),#13315);
#7488=DESCRIPTIVE_REPRESENTATION_ITEM('Steel','Steel');
#7489=PROPERTY_DEFINITION('material property','material name',#13325);
#7490=PROPERTY_DEFINITION('material property','density of part',#13325);
#7491=AXIS2_PLACEMENT_3D('',#10734,#8375,#8376);
#7492=AXIS2_PLACEMENT_3D('',#10735,#8377,#8378);
#7493=AXIS2_PLACEMENT_3D('',#10737,#8379,#8380);
#7494=AXIS2_PLACEMENT_3D('',#10740,#8382,#8383);
#7495=AXIS2_PLACEMENT_3D('',#10741,#8384,#8385);
#7496=AXIS2_PLACEMENT_3D('',#10744,#8387,#8388);
#7497=AXIS2_PLACEMENT_3D('',#10745,#8389,#8390);
#7498=AXIS2_PLACEMENT_3D('',#10748,#8391,#8392);
#7499=AXIS2_PLACEMENT_3D('',#10750,#8393,#8394);
#7500=AXIS2_PLACEMENT_3D('',#10752,#8395,#8396);
#7501=AXIS2_PLACEMENT_3D('',#10756,#8398,#8399);
#7502=AXIS2_PLACEMENT_3D('',#10758,#8400,#8401);
#7503=AXIS2_PLACEMENT_3D('',#10762,#8403,#8404);
#7504=AXIS2_PLACEMENT_3D('',#10764,#8405,#8406);
#7505=AXIS2_PLACEMENT_3D('',#10766,#8407,#8408);
#7506=AXIS2_PLACEMENT_3D('',#10770,#8410,#8411);
#7507=AXIS2_PLACEMENT_3D('',#10772,#8412,#8413);
#7508=AXIS2_PLACEMENT_3D('',#10776,#8415,#8416);
#7509=AXIS2_PLACEMENT_3D('',#10778,#8417,#8418);
#7510=AXIS2_PLACEMENT_3D('',#10780,#8419,#8420);
#7511=AXIS2_PLACEMENT_3D('',#10784,#8422,#8423);
#7512=AXIS2_PLACEMENT_3D('',#10786,#8424,#8425);
#7513=AXIS2_PLACEMENT_3D('',#10790,#8427,#8428);
#7514=AXIS2_PLACEMENT_3D('',#10792,#8429,#8430);
#7515=AXIS2_PLACEMENT_3D('',#10794,#8431,#8432);
#7516=AXIS2_PLACEMENT_3D('',#10798,#8434,#8435);
#7517=AXIS2_PLACEMENT_3D('',#10800,#8436,#8437);
#7518=AXIS2_PLACEMENT_3D('',#10804,#8439,#8440);
#7519=AXIS2_PLACEMENT_3D('',#10806,#8441,#8442);
#7520=AXIS2_PLACEMENT_3D('',#10808,#8443,#8444);
#7521=AXIS2_PLACEMENT_3D('',#10812,#8446,#8447);
#7522=AXIS2_PLACEMENT_3D('',#10814,#8448,#8449);
#7523=AXIS2_PLACEMENT_3D('',#10818,#8451,#8452);
#7524=AXIS2_PLACEMENT_3D('',#10820,#8453,#8454);
#7525=AXIS2_PLACEMENT_3D('',#10822,#8455,#8456);
#7526=AXIS2_PLACEMENT_3D('',#10826,#8458,#8459);
#7527=AXIS2_PLACEMENT_3D('',#10828,#8460,#8461);
#7528=AXIS2_PLACEMENT_3D('',#10832,#8463,#8464);
#7529=AXIS2_PLACEMENT_3D('',#10834,#8465,#8466);
#7530=AXIS2_PLACEMENT_3D('',#10836,#8467,#8468);
#7531=AXIS2_PLACEMENT_3D('',#10840,#8470,#8471);
#7532=AXIS2_PLACEMENT_3D('',#10842,#8472,#8473);
#7533=AXIS2_PLACEMENT_3D('',#10846,#8475,#8476);
#7534=AXIS2_PLACEMENT_3D('',#10848,#8477,#8478);
#7535=AXIS2_PLACEMENT_3D('',#10850,#8479,#8480);
#7536=AXIS2_PLACEMENT_3D('',#10854,#8482,#8483);
#7537=AXIS2_PLACEMENT_3D('',#10856,#8484,#8485);
#7538=AXIS2_PLACEMENT_3D('',#10860,#8487,#8488);
#7539=AXIS2_PLACEMENT_3D('',#10862,#8489,#8490);
#7540=AXIS2_PLACEMENT_3D('',#10864,#8491,#8492);
#7541=AXIS2_PLACEMENT_3D('',#10868,#8494,#8495);
#7542=AXIS2_PLACEMENT_3D('',#10870,#8496,#8497);
#7543=AXIS2_PLACEMENT_3D('',#10874,#8499,#8500);
#7544=AXIS2_PLACEMENT_3D('',#10876,#8501,#8502);
#7545=AXIS2_PLACEMENT_3D('',#10878,#8503,#8504);
#7546=AXIS2_PLACEMENT_3D('',#10882,#8506,#8507);
#7547=AXIS2_PLACEMENT_3D('',#10884,#8508,#8509);
#7548=AXIS2_PLACEMENT_3D('',#10888,#8511,#8512);
#7549=AXIS2_PLACEMENT_3D('',#10890,#8513,#8514);
#7550=AXIS2_PLACEMENT_3D('',#10892,#8515,#8516);
#7551=AXIS2_PLACEMENT_3D('',#10896,#8518,#8519);
#7552=AXIS2_PLACEMENT_3D('',#10898,#8520,#8521);
#7553=AXIS2_PLACEMENT_3D('',#10902,#8523,#8524);
#7554=AXIS2_PLACEMENT_3D('',#10904,#8525,#8526);
#7555=AXIS2_PLACEMENT_3D('',#10906,#8527,#8528);
#7556=AXIS2_PLACEMENT_3D('',#10910,#8530,#8531);
#7557=AXIS2_PLACEMENT_3D('',#10912,#8532,#8533);
#7558=AXIS2_PLACEMENT_3D('',#10916,#8535,#8536);
#7559=AXIS2_PLACEMENT_3D('',#10918,#8537,#8538);
#7560=AXIS2_PLACEMENT_3D('',#10920,#8539,#8540);
#7561=AXIS2_PLACEMENT_3D('',#10924,#8542,#8543);
#7562=AXIS2_PLACEMENT_3D('',#10926,#8544,#8545);
#7563=AXIS2_PLACEMENT_3D('',#10930,#8547,#8548);
#7564=AXIS2_PLACEMENT_3D('',#10932,#8549,#8550);
#7565=AXIS2_PLACEMENT_3D('',#10934,#8551,#8552);
#7566=AXIS2_PLACEMENT_3D('',#10938,#8554,#8555);
#7567=AXIS2_PLACEMENT_3D('',#10940,#8556,#8557);
#7568=AXIS2_PLACEMENT_3D('',#10944,#8559,#8560);
#7569=AXIS2_PLACEMENT_3D('',#10946,#8561,#8562);
#7570=AXIS2_PLACEMENT_3D('',#10948,#8563,#8564);
#7571=AXIS2_PLACEMENT_3D('',#10952,#8566,#8567);
#7572=AXIS2_PLACEMENT_3D('',#10954,#8568,#8569);
#7573=AXIS2_PLACEMENT_3D('',#10958,#8571,#8572);
#7574=AXIS2_PLACEMENT_3D('',#10960,#8573,#8574);
#7575=AXIS2_PLACEMENT_3D('',#10962,#8575,#8576);
#7576=AXIS2_PLACEMENT_3D('',#10966,#8578,#8579);
#7577=AXIS2_PLACEMENT_3D('',#10968,#8580,#8581);
#7578=AXIS2_PLACEMENT_3D('',#10972,#8583,#8584);
#7579=AXIS2_PLACEMENT_3D('',#10974,#8585,#8586);
#7580=AXIS2_PLACEMENT_3D('',#10976,#8587,#8588);
#7581=AXIS2_PLACEMENT_3D('',#10980,#8590,#8591);
#7582=AXIS2_PLACEMENT_3D('',#10982,#8592,#8593);
#7583=AXIS2_PLACEMENT_3D('',#10986,#8595,#8596);
#7584=AXIS2_PLACEMENT_3D('',#10988,#8597,#8598);
#7585=AXIS2_PLACEMENT_3D('',#10990,#8599,#8600);
#7586=AXIS2_PLACEMENT_3D('',#10994,#8602,#8603);
#7587=AXIS2_PLACEMENT_3D('',#10996,#8604,#8605);
#7588=AXIS2_PLACEMENT_3D('',#11000,#8607,#8608);
#7589=AXIS2_PLACEMENT_3D('',#11002,#8609,#8610);
#7590=AXIS2_PLACEMENT_3D('',#11004,#8611,#8612);
#7591=AXIS2_PLACEMENT_3D('',#11008,#8614,#8615);
#7592=AXIS2_PLACEMENT_3D('',#11010,#8616,#8617);
#7593=AXIS2_PLACEMENT_3D('',#11014,#8619,#8620);
#7594=AXIS2_PLACEMENT_3D('',#11016,#8621,#8622);
#7595=AXIS2_PLACEMENT_3D('',#11018,#8623,#8624);
#7596=AXIS2_PLACEMENT_3D('',#11022,#8626,#8627);
#7597=AXIS2_PLACEMENT_3D('',#11024,#8628,#8629);
#7598=AXIS2_PLACEMENT_3D('',#11028,#8631,#8632);
#7599=AXIS2_PLACEMENT_3D('',#11030,#8633,#8634);
#7600=AXIS2_PLACEMENT_3D('',#11032,#8635,#8636);
#7601=AXIS2_PLACEMENT_3D('',#11036,#8638,#8639);
#7602=AXIS2_PLACEMENT_3D('',#11038,#8640,#8641);
#7603=AXIS2_PLACEMENT_3D('',#11042,#8643,#8644);
#7604=AXIS2_PLACEMENT_3D('',#11044,#8645,#8646);
#7605=AXIS2_PLACEMENT_3D('',#11046,#8647,#8648);
#7606=AXIS2_PLACEMENT_3D('',#11050,#8650,#8651);
#7607=AXIS2_PLACEMENT_3D('',#11052,#8652,#8653);
#7608=AXIS2_PLACEMENT_3D('',#11056,#8655,#8656);
#7609=AXIS2_PLACEMENT_3D('',#11058,#8657,#8658);
#7610=AXIS2_PLACEMENT_3D('',#11060,#8659,#8660);
#7611=AXIS2_PLACEMENT_3D('',#11064,#8662,#8663);
#7612=AXIS2_PLACEMENT_3D('',#11066,#8664,#8665);
#7613=AXIS2_PLACEMENT_3D('',#11070,#8667,#8668);
#7614=AXIS2_PLACEMENT_3D('',#11072,#8669,#8670);
#7615=AXIS2_PLACEMENT_3D('',#11074,#8671,#8672);
#7616=AXIS2_PLACEMENT_3D('',#11078,#8674,#8675);
#7617=AXIS2_PLACEMENT_3D('',#11080,#8676,#8677);
#7618=AXIS2_PLACEMENT_3D('',#11084,#8679,#8680);
#7619=AXIS2_PLACEMENT_3D('',#11086,#8681,#8682);
#7620=AXIS2_PLACEMENT_3D('',#11088,#8683,#8684);
#7621=AXIS2_PLACEMENT_3D('',#11092,#8686,#8687);
#7622=AXIS2_PLACEMENT_3D('',#11094,#8688,#8689);
#7623=AXIS2_PLACEMENT_3D('',#11098,#8691,#8692);
#7624=AXIS2_PLACEMENT_3D('',#11100,#8693,#8694);
#7625=AXIS2_PLACEMENT_3D('',#11102,#8695,#8696);
#7626=AXIS2_PLACEMENT_3D('',#11106,#8698,#8699);
#7627=AXIS2_PLACEMENT_3D('',#11108,#8700,#8701);
#7628=AXIS2_PLACEMENT_3D('',#11112,#8703,#8704);
#7629=AXIS2_PLACEMENT_3D('',#11114,#8705,#8706);
#7630=AXIS2_PLACEMENT_3D('',#11116,#8707,#8708);
#7631=AXIS2_PLACEMENT_3D('',#11120,#8710,#8711);
#7632=AXIS2_PLACEMENT_3D('',#11122,#8712,#8713);
#7633=AXIS2_PLACEMENT_3D('',#11126,#8715,#8716);
#7634=AXIS2_PLACEMENT_3D('',#11128,#8717,#8718);
#7635=AXIS2_PLACEMENT_3D('',#11130,#8719,#8720);
#7636=AXIS2_PLACEMENT_3D('',#11134,#8722,#8723);
#7637=AXIS2_PLACEMENT_3D('',#11136,#8724,#8725);
#7638=AXIS2_PLACEMENT_3D('',#11140,#8727,#8728);
#7639=AXIS2_PLACEMENT_3D('',#11142,#8729,#8730);
#7640=AXIS2_PLACEMENT_3D('',#11144,#8731,#8732);
#7641=AXIS2_PLACEMENT_3D('',#11148,#8734,#8735);
#7642=AXIS2_PLACEMENT_3D('',#11150,#8736,#8737);
#7643=AXIS2_PLACEMENT_3D('',#11154,#8739,#8740);
#7644=AXIS2_PLACEMENT_3D('',#11156,#8741,#8742);
#7645=AXIS2_PLACEMENT_3D('',#11158,#8743,#8744);
#7646=AXIS2_PLACEMENT_3D('',#11162,#8746,#8747);
#7647=AXIS2_PLACEMENT_3D('',#11164,#8748,#8749);
#7648=AXIS2_PLACEMENT_3D('',#11168,#8751,#8752);
#7649=AXIS2_PLACEMENT_3D('',#11170,#8753,#8754);
#7650=AXIS2_PLACEMENT_3D('',#11172,#8755,#8756);
#7651=AXIS2_PLACEMENT_3D('',#11176,#8758,#8759);
#7652=AXIS2_PLACEMENT_3D('',#11178,#8760,#8761);
#7653=AXIS2_PLACEMENT_3D('',#11182,#8763,#8764);
#7654=AXIS2_PLACEMENT_3D('',#11184,#8765,#8766);
#7655=AXIS2_PLACEMENT_3D('',#11186,#8767,#8768);
#7656=AXIS2_PLACEMENT_3D('',#11190,#8770,#8771);
#7657=AXIS2_PLACEMENT_3D('',#11192,#8772,#8773);
#7658=AXIS2_PLACEMENT_3D('',#11196,#8775,#8776);
#7659=AXIS2_PLACEMENT_3D('',#11198,#8777,#8778);
#7660=AXIS2_PLACEMENT_3D('',#11200,#8779,#8780);
#7661=AXIS2_PLACEMENT_3D('',#11204,#8782,#8783);
#7662=AXIS2_PLACEMENT_3D('',#11206,#8784,#8785);
#7663=AXIS2_PLACEMENT_3D('',#11210,#8787,#8788);
#7664=AXIS2_PLACEMENT_3D('',#11212,#8789,#8790);
#7665=AXIS2_PLACEMENT_3D('',#11214,#8791,#8792);
#7666=AXIS2_PLACEMENT_3D('',#11218,#8794,#8795);
#7667=AXIS2_PLACEMENT_3D('',#11220,#8796,#8797);
#7668=AXIS2_PLACEMENT_3D('',#11224,#8799,#8800);
#7669=AXIS2_PLACEMENT_3D('',#11226,#8801,#8802);
#7670=AXIS2_PLACEMENT_3D('',#11228,#8803,#8804);
#7671=AXIS2_PLACEMENT_3D('',#11232,#8806,#8807);
#7672=AXIS2_PLACEMENT_3D('',#11234,#8808,#8809);
#7673=AXIS2_PLACEMENT_3D('',#11238,#8811,#8812);
#7674=AXIS2_PLACEMENT_3D('',#11240,#8813,#8814);
#7675=AXIS2_PLACEMENT_3D('',#11242,#8815,#8816);
#7676=AXIS2_PLACEMENT_3D('',#11246,#8818,#8819);
#7677=AXIS2_PLACEMENT_3D('',#11248,#8820,#8821);
#7678=AXIS2_PLACEMENT_3D('',#11252,#8823,#8824);
#7679=AXIS2_PLACEMENT_3D('',#11254,#8825,#8826);
#7680=AXIS2_PLACEMENT_3D('',#11256,#8827,#8828);
#7681=AXIS2_PLACEMENT_3D('',#11260,#8830,#8831);
#7682=AXIS2_PLACEMENT_3D('',#11262,#8832,#8833);
#7683=AXIS2_PLACEMENT_3D('',#11266,#8835,#8836);
#7684=AXIS2_PLACEMENT_3D('',#11268,#8837,#8838);
#7685=AXIS2_PLACEMENT_3D('',#11270,#8839,#8840);
#7686=AXIS2_PLACEMENT_3D('',#11274,#8842,#8843);
#7687=AXIS2_PLACEMENT_3D('',#11276,#8844,#8845);
#7688=AXIS2_PLACEMENT_3D('',#11280,#8847,#8848);
#7689=AXIS2_PLACEMENT_3D('',#11282,#8849,#8850);
#7690=AXIS2_PLACEMENT_3D('',#11284,#8851,#8852);
#7691=AXIS2_PLACEMENT_3D('',#11288,#8854,#8855);
#7692=AXIS2_PLACEMENT_3D('',#11290,#8856,#8857);
#7693=AXIS2_PLACEMENT_3D('',#11294,#8859,#8860);
#7694=AXIS2_PLACEMENT_3D('',#11296,#8861,#8862);
#7695=AXIS2_PLACEMENT_3D('',#11298,#8863,#8864);
#7696=AXIS2_PLACEMENT_3D('',#11302,#8866,#8867);
#7697=AXIS2_PLACEMENT_3D('',#11304,#8868,#8869);
#7698=AXIS2_PLACEMENT_3D('',#11308,#8871,#8872);
#7699=AXIS2_PLACEMENT_3D('',#11310,#8873,#8874);
#7700=AXIS2_PLACEMENT_3D('',#11312,#8875,#8876);
#7701=AXIS2_PLACEMENT_3D('',#11316,#8878,#8879);
#7702=AXIS2_PLACEMENT_3D('',#11318,#8880,#8881);
#7703=AXIS2_PLACEMENT_3D('',#11322,#8883,#8884);
#7704=AXIS2_PLACEMENT_3D('',#11324,#8885,#8886);
#7705=AXIS2_PLACEMENT_3D('',#11326,#8887,#8888);
#7706=AXIS2_PLACEMENT_3D('',#11330,#8890,#8891);
#7707=AXIS2_PLACEMENT_3D('',#11332,#8892,#8893);
#7708=AXIS2_PLACEMENT_3D('',#11336,#8895,#8896);
#7709=AXIS2_PLACEMENT_3D('',#11338,#8897,#8898);
#7710=AXIS2_PLACEMENT_3D('',#11340,#8899,#8900);
#7711=AXIS2_PLACEMENT_3D('',#11344,#8902,#8903);
#7712=AXIS2_PLACEMENT_3D('',#11346,#8904,#8905);
#7713=AXIS2_PLACEMENT_3D('',#11350,#8907,#8908);
#7714=AXIS2_PLACEMENT_3D('',#11352,#8909,#8910);
#7715=AXIS2_PLACEMENT_3D('',#11354,#8911,#8912);
#7716=AXIS2_PLACEMENT_3D('',#11358,#8914,#8915);
#7717=AXIS2_PLACEMENT_3D('',#11360,#8916,#8917);
#7718=AXIS2_PLACEMENT_3D('',#11362,#8919,#8920);
#7719=AXIS2_PLACEMENT_3D('',#11364,#8921,#8922);
#7720=AXIS2_PLACEMENT_3D('',#11366,#8924,#8925);
#7721=AXIS2_PLACEMENT_3D('',#11368,#8926,#8927);
#7722=AXIS2_PLACEMENT_3D('',#11369,#8928,#8929);
#7723=AXIS2_PLACEMENT_3D('',#11374,#8932,#8933);
#7724=AXIS2_PLACEMENT_3D('',#11375,#8934,#8935);
#7725=AXIS2_PLACEMENT_3D('',#11377,#8936,#8937);
#7726=AXIS2_PLACEMENT_3D('',#11379,#8939,#8940);
#7727=AXIS2_PLACEMENT_3D('',#11383,#8943,#8944);
#7728=AXIS2_PLACEMENT_3D('',#11387,#8947,#8948);
#7729=AXIS2_PLACEMENT_3D('',#11389,#8949,#8950);
#7730=AXIS2_PLACEMENT_3D('',#11391,#8952,#8953);
#7731=AXIS2_PLACEMENT_3D('',#11395,#8955,#8956);
#7732=AXIS2_PLACEMENT_3D('',#11397,#8958,#8959);
#7733=AXIS2_PLACEMENT_3D('',#11398,#8960,#8961);
#7734=AXIS2_PLACEMENT_3D('',#11399,#8962,#8963);
#7735=AXIS2_PLACEMENT_3D('',#11404,#8966,#8967);
#7736=AXIS2_PLACEMENT_3D('',#11405,#8968,#8969);
#7737=AXIS2_PLACEMENT_3D('',#11407,#8970,#8971);
#7738=AXIS2_PLACEMENT_3D('',#11409,#8973,#8974);
#7739=AXIS2_PLACEMENT_3D('',#11413,#8977,#8978);
#7740=AXIS2_PLACEMENT_3D('',#11415,#8979,#8980);
#7741=AXIS2_PLACEMENT_3D('',#11417,#8982,#8983);
#7742=AXIS2_PLACEMENT_3D('',#11421,#8986,#8987);
#7743=AXIS2_PLACEMENT_3D('',#11422,#8988,#8989);
#7744=AXIS2_PLACEMENT_3D('',#11423,#8990,#8991);
#7745=AXIS2_PLACEMENT_3D('',#11426,#8993,#8994);
#7746=AXIS2_PLACEMENT_3D('',#11427,#8995,#8996);
#7747=AXIS2_PLACEMENT_3D('',#11432,#8999,#9000);
#7748=AXIS2_PLACEMENT_3D('',#11433,#9001,#9002);
#7749=AXIS2_PLACEMENT_3D('',#11435,#9003,#9004);
#7750=AXIS2_PLACEMENT_3D('',#11437,#9006,#9007);
#7751=AXIS2_PLACEMENT_3D('',#11441,#9010,#9011);
#7752=AXIS2_PLACEMENT_3D('',#11443,#9012,#9013);
#7753=AXIS2_PLACEMENT_3D('',#11445,#9015,#9016);
#7754=AXIS2_PLACEMENT_3D('',#11449,#9019,#9020);
#7755=AXIS2_PLACEMENT_3D('',#11450,#9021,#9022);
#7756=AXIS2_PLACEMENT_3D('',#11451,#9023,#9024);
#7757=AXIS2_PLACEMENT_3D('',#11454,#9026,#9027);
#7758=AXIS2_PLACEMENT_3D('',#11455,#9028,#9029);
#7759=AXIS2_PLACEMENT_3D('',#11460,#9032,#9033);
#7760=AXIS2_PLACEMENT_3D('',#11461,#9034,#9035);
#7761=AXIS2_PLACEMENT_3D('',#11463,#9036,#9037);
#7762=AXIS2_PLACEMENT_3D('',#11465,#9039,#9040);
#7763=AXIS2_PLACEMENT_3D('',#11469,#9043,#9044);
#7764=AXIS2_PLACEMENT_3D('',#11471,#9045,#9046);
#7765=AXIS2_PLACEMENT_3D('',#11473,#9048,#9049);
#7766=AXIS2_PLACEMENT_3D('',#11477,#9052,#9053);
#7767=AXIS2_PLACEMENT_3D('',#11478,#9054,#9055);
#7768=AXIS2_PLACEMENT_3D('',#11479,#9056,#9057);
#7769=AXIS2_PLACEMENT_3D('',#11482,#9059,#9060);
#7770=AXIS2_PLACEMENT_3D('',#11483,#9061,#9062);
#7771=AXIS2_PLACEMENT_3D('',#11488,#9065,#9066);
#7772=AXIS2_PLACEMENT_3D('',#11489,#9067,#9068);
#7773=AXIS2_PLACEMENT_3D('',#11491,#9069,#9070);
#7774=AXIS2_PLACEMENT_3D('',#11493,#9072,#9073);
#7775=AXIS2_PLACEMENT_3D('',#11497,#9076,#9077);
#7776=AXIS2_PLACEMENT_3D('',#11499,#9078,#9079);
#7777=AXIS2_PLACEMENT_3D('',#11501,#9081,#9082);
#7778=AXIS2_PLACEMENT_3D('',#11505,#9085,#9086);
#7779=AXIS2_PLACEMENT_3D('',#11506,#9087,#9088);
#7780=AXIS2_PLACEMENT_3D('',#11507,#9089,#9090);
#7781=AXIS2_PLACEMENT_3D('',#11510,#9092,#9093);
#7782=AXIS2_PLACEMENT_3D('',#11511,#9094,#9095);
#7783=AXIS2_PLACEMENT_3D('',#11516,#9098,#9099);
#7784=AXIS2_PLACEMENT_3D('',#11517,#9100,#9101);
#7785=AXIS2_PLACEMENT_3D('',#11519,#9102,#9103);
#7786=AXIS2_PLACEMENT_3D('',#11521,#9105,#9106);
#7787=AXIS2_PLACEMENT_3D('',#11525,#9109,#9110);
#7788=AXIS2_PLACEMENT_3D('',#11527,#9111,#9112);
#7789=AXIS2_PLACEMENT_3D('',#11529,#9114,#9115);
#7790=AXIS2_PLACEMENT_3D('',#11533,#9118,#9119);
#7791=AXIS2_PLACEMENT_3D('',#11534,#9120,#9121);
#7792=AXIS2_PLACEMENT_3D('',#11535,#9122,#9123);
#7793=AXIS2_PLACEMENT_3D('',#11538,#9125,#9126);
#7794=AXIS2_PLACEMENT_3D('',#11539,#9127,#9128);
#7795=AXIS2_PLACEMENT_3D('',#11544,#9131,#9132);
#7796=AXIS2_PLACEMENT_3D('',#11545,#9133,#9134);
#7797=AXIS2_PLACEMENT_3D('',#11547,#9135,#9136);
#7798=AXIS2_PLACEMENT_3D('',#11549,#9138,#9139);
#7799=AXIS2_PLACEMENT_3D('',#11553,#9142,#9143);
#7800=AXIS2_PLACEMENT_3D('',#11555,#9144,#9145);
#7801=AXIS2_PLACEMENT_3D('',#11557,#9147,#9148);
#7802=AXIS2_PLACEMENT_3D('',#11561,#9151,#9152);
#7803=AXIS2_PLACEMENT_3D('',#11562,#9153,#9154);
#7804=AXIS2_PLACEMENT_3D('',#11563,#9155,#9156);
#7805=AXIS2_PLACEMENT_3D('',#11566,#9158,#9159);
#7806=AXIS2_PLACEMENT_3D('',#11567,#9160,#9161);
#7807=AXIS2_PLACEMENT_3D('',#11572,#9164,#9165);
#7808=AXIS2_PLACEMENT_3D('',#11573,#9166,#9167);
#7809=AXIS2_PLACEMENT_3D('',#11575,#9168,#9169);
#7810=AXIS2_PLACEMENT_3D('',#11577,#9171,#9172);
#7811=AXIS2_PLACEMENT_3D('',#11581,#9175,#9176);
#7812=AXIS2_PLACEMENT_3D('',#11583,#9177,#9178);
#7813=AXIS2_PLACEMENT_3D('',#11585,#9180,#9181);
#7814=AXIS2_PLACEMENT_3D('',#11589,#9184,#9185);
#7815=AXIS2_PLACEMENT_3D('',#11590,#9186,#9187);
#7816=AXIS2_PLACEMENT_3D('',#11591,#9188,#9189);
#7817=AXIS2_PLACEMENT_3D('',#11594,#9191,#9192);
#7818=AXIS2_PLACEMENT_3D('',#11595,#9193,#9194);
#7819=AXIS2_PLACEMENT_3D('',#11600,#9197,#9198);
#7820=AXIS2_PLACEMENT_3D('',#11601,#9199,#9200);
#7821=AXIS2_PLACEMENT_3D('',#11603,#9201,#9202);
#7822=AXIS2_PLACEMENT_3D('',#11605,#9204,#9205);
#7823=AXIS2_PLACEMENT_3D('',#11609,#9208,#9209);
#7824=AXIS2_PLACEMENT_3D('',#11611,#9210,#9211);
#7825=AXIS2_PLACEMENT_3D('',#11613,#9213,#9214);
#7826=AXIS2_PLACEMENT_3D('',#11617,#9217,#9218);
#7827=AXIS2_PLACEMENT_3D('',#11618,#9219,#9220);
#7828=AXIS2_PLACEMENT_3D('',#11619,#9221,#9222);
#7829=AXIS2_PLACEMENT_3D('',#11622,#9224,#9225);
#7830=AXIS2_PLACEMENT_3D('',#11623,#9226,#9227);
#7831=AXIS2_PLACEMENT_3D('',#11628,#9230,#9231);
#7832=AXIS2_PLACEMENT_3D('',#11629,#9232,#9233);
#7833=AXIS2_PLACEMENT_3D('',#11631,#9234,#9235);
#7834=AXIS2_PLACEMENT_3D('',#11633,#9237,#9238);
#7835=AXIS2_PLACEMENT_3D('',#11637,#9241,#9242);
#7836=AXIS2_PLACEMENT_3D('',#11639,#9243,#9244);
#7837=AXIS2_PLACEMENT_3D('',#11641,#9246,#9247);
#7838=AXIS2_PLACEMENT_3D('',#11645,#9250,#9251);
#7839=AXIS2_PLACEMENT_3D('',#11646,#9252,#9253);
#7840=AXIS2_PLACEMENT_3D('',#11647,#9254,#9255);
#7841=AXIS2_PLACEMENT_3D('',#11650,#9257,#9258);
#7842=AXIS2_PLACEMENT_3D('',#11651,#9259,#9260);
#7843=AXIS2_PLACEMENT_3D('',#11656,#9263,#9264);
#7844=AXIS2_PLACEMENT_3D('',#11657,#9265,#9266);
#7845=AXIS2_PLACEMENT_3D('',#11659,#9267,#9268);
#7846=AXIS2_PLACEMENT_3D('',#11661,#9270,#9271);
#7847=AXIS2_PLACEMENT_3D('',#11665,#9274,#9275);
#7848=AXIS2_PLACEMENT_3D('',#11667,#9276,#9277);
#7849=AXIS2_PLACEMENT_3D('',#11669,#9279,#9280);
#7850=AXIS2_PLACEMENT_3D('',#11673,#9283,#9284);
#7851=AXIS2_PLACEMENT_3D('',#11674,#9285,#9286);
#7852=AXIS2_PLACEMENT_3D('',#11675,#9287,#9288);
#7853=AXIS2_PLACEMENT_3D('',#11678,#9290,#9291);
#7854=AXIS2_PLACEMENT_3D('',#11679,#9292,#9293);
#7855=AXIS2_PLACEMENT_3D('',#11684,#9296,#9297);
#7856=AXIS2_PLACEMENT_3D('',#11685,#9298,#9299);
#7857=AXIS2_PLACEMENT_3D('',#11687,#9300,#9301);
#7858=AXIS2_PLACEMENT_3D('',#11689,#9303,#9304);
#7859=AXIS2_PLACEMENT_3D('',#11693,#9307,#9308);
#7860=AXIS2_PLACEMENT_3D('',#11695,#9309,#9310);
#7861=AXIS2_PLACEMENT_3D('',#11697,#9312,#9313);
#7862=AXIS2_PLACEMENT_3D('',#11701,#9316,#9317);
#7863=AXIS2_PLACEMENT_3D('',#11702,#9318,#9319);
#7864=AXIS2_PLACEMENT_3D('',#11703,#9320,#9321);
#7865=AXIS2_PLACEMENT_3D('',#11706,#9323,#9324);
#7866=AXIS2_PLACEMENT_3D('',#11707,#9325,#9326);
#7867=AXIS2_PLACEMENT_3D('',#11712,#9329,#9330);
#7868=AXIS2_PLACEMENT_3D('',#11713,#9331,#9332);
#7869=AXIS2_PLACEMENT_3D('',#11715,#9333,#9334);
#7870=AXIS2_PLACEMENT_3D('',#11717,#9336,#9337);
#7871=AXIS2_PLACEMENT_3D('',#11721,#9340,#9341);
#7872=AXIS2_PLACEMENT_3D('',#11723,#9342,#9343);
#7873=AXIS2_PLACEMENT_3D('',#11725,#9345,#9346);
#7874=AXIS2_PLACEMENT_3D('',#11729,#9349,#9350);
#7875=AXIS2_PLACEMENT_3D('',#11730,#9351,#9352);
#7876=AXIS2_PLACEMENT_3D('',#11731,#9353,#9354);
#7877=AXIS2_PLACEMENT_3D('',#11734,#9356,#9357);
#7878=AXIS2_PLACEMENT_3D('',#11735,#9358,#9359);
#7879=AXIS2_PLACEMENT_3D('',#11740,#9362,#9363);
#7880=AXIS2_PLACEMENT_3D('',#11741,#9364,#9365);
#7881=AXIS2_PLACEMENT_3D('',#11743,#9366,#9367);
#7882=AXIS2_PLACEMENT_3D('',#11745,#9369,#9370);
#7883=AXIS2_PLACEMENT_3D('',#11749,#9373,#9374);
#7884=AXIS2_PLACEMENT_3D('',#11751,#9375,#9376);
#7885=AXIS2_PLACEMENT_3D('',#11753,#9378,#9379);
#7886=AXIS2_PLACEMENT_3D('',#11757,#9382,#9383);
#7887=AXIS2_PLACEMENT_3D('',#11758,#9384,#9385);
#7888=AXIS2_PLACEMENT_3D('',#11759,#9386,#9387);
#7889=AXIS2_PLACEMENT_3D('',#11762,#9389,#9390);
#7890=AXIS2_PLACEMENT_3D('',#11763,#9391,#9392);
#7891=AXIS2_PLACEMENT_3D('',#11768,#9395,#9396);
#7892=AXIS2_PLACEMENT_3D('',#11769,#9397,#9398);
#7893=AXIS2_PLACEMENT_3D('',#11771,#9399,#9400);
#7894=AXIS2_PLACEMENT_3D('',#11773,#9402,#9403);
#7895=AXIS2_PLACEMENT_3D('',#11777,#9406,#9407);
#7896=AXIS2_PLACEMENT_3D('',#11779,#9408,#9409);
#7897=AXIS2_PLACEMENT_3D('',#11781,#9411,#9412);
#7898=AXIS2_PLACEMENT_3D('',#11785,#9415,#9416);
#7899=AXIS2_PLACEMENT_3D('',#11786,#9417,#9418);
#7900=AXIS2_PLACEMENT_3D('',#11787,#9419,#9420);
#7901=AXIS2_PLACEMENT_3D('',#11790,#9422,#9423);
#7902=AXIS2_PLACEMENT_3D('',#11791,#9424,#9425);
#7903=AXIS2_PLACEMENT_3D('',#11796,#9428,#9429);
#7904=AXIS2_PLACEMENT_3D('',#11797,#9430,#9431);
#7905=AXIS2_PLACEMENT_3D('',#11799,#9432,#9433);
#7906=AXIS2_PLACEMENT_3D('',#11801,#9435,#9436);
#7907=AXIS2_PLACEMENT_3D('',#11805,#9439,#9440);
#7908=AXIS2_PLACEMENT_3D('',#11807,#9441,#9442);
#7909=AXIS2_PLACEMENT_3D('',#11809,#9444,#9445);
#7910=AXIS2_PLACEMENT_3D('',#11813,#9448,#9449);
#7911=AXIS2_PLACEMENT_3D('',#11814,#9450,#9451);
#7912=AXIS2_PLACEMENT_3D('',#11815,#9452,#9453);
#7913=AXIS2_PLACEMENT_3D('',#11818,#9455,#9456);
#7914=AXIS2_PLACEMENT_3D('',#11819,#9457,#9458);
#7915=AXIS2_PLACEMENT_3D('',#11824,#9461,#9462);
#7916=AXIS2_PLACEMENT_3D('',#11825,#9463,#9464);
#7917=AXIS2_PLACEMENT_3D('',#11827,#9465,#9466);
#7918=AXIS2_PLACEMENT_3D('',#11829,#9468,#9469);
#7919=AXIS2_PLACEMENT_3D('',#11833,#9472,#9473);
#7920=AXIS2_PLACEMENT_3D('',#11835,#9474,#9475);
#7921=AXIS2_PLACEMENT_3D('',#11837,#9477,#9478);
#7922=AXIS2_PLACEMENT_3D('',#11841,#9481,#9482);
#7923=AXIS2_PLACEMENT_3D('',#11842,#9483,#9484);
#7924=AXIS2_PLACEMENT_3D('',#11843,#9485,#9486);
#7925=AXIS2_PLACEMENT_3D('',#11846,#9488,#9489);
#7926=AXIS2_PLACEMENT_3D('',#11847,#9490,#9491);
#7927=AXIS2_PLACEMENT_3D('',#11852,#9494,#9495);
#7928=AXIS2_PLACEMENT_3D('',#11853,#9496,#9497);
#7929=AXIS2_PLACEMENT_3D('',#11855,#9498,#9499);
#7930=AXIS2_PLACEMENT_3D('',#11857,#9501,#9502);
#7931=AXIS2_PLACEMENT_3D('',#11861,#9505,#9506);
#7932=AXIS2_PLACEMENT_3D('',#11863,#9507,#9508);
#7933=AXIS2_PLACEMENT_3D('',#11865,#9510,#9511);
#7934=AXIS2_PLACEMENT_3D('',#11869,#9514,#9515);
#7935=AXIS2_PLACEMENT_3D('',#11870,#9516,#9517);
#7936=AXIS2_PLACEMENT_3D('',#11871,#9518,#9519);
#7937=AXIS2_PLACEMENT_3D('',#11874,#9521,#9522);
#7938=AXIS2_PLACEMENT_3D('',#11875,#9523,#9524);
#7939=AXIS2_PLACEMENT_3D('',#11880,#9527,#9528);
#7940=AXIS2_PLACEMENT_3D('',#11881,#9529,#9530);
#7941=AXIS2_PLACEMENT_3D('',#11883,#9531,#9532);
#7942=AXIS2_PLACEMENT_3D('',#11885,#9534,#9535);
#7943=AXIS2_PLACEMENT_3D('',#11889,#9538,#9539);
#7944=AXIS2_PLACEMENT_3D('',#11891,#9540,#9541);
#7945=AXIS2_PLACEMENT_3D('',#11893,#9543,#9544);
#7946=AXIS2_PLACEMENT_3D('',#11897,#9547,#9548);
#7947=AXIS2_PLACEMENT_3D('',#11898,#9549,#9550);
#7948=AXIS2_PLACEMENT_3D('',#11899,#9551,#9552);
#7949=AXIS2_PLACEMENT_3D('',#11902,#9554,#9555);
#7950=AXIS2_PLACEMENT_3D('',#11903,#9556,#9557);
#7951=AXIS2_PLACEMENT_3D('',#11908,#9560,#9561);
#7952=AXIS2_PLACEMENT_3D('',#11909,#9562,#9563);
#7953=AXIS2_PLACEMENT_3D('',#11911,#9564,#9565);
#7954=AXIS2_PLACEMENT_3D('',#11913,#9567,#9568);
#7955=AXIS2_PLACEMENT_3D('',#11917,#9571,#9572);
#7956=AXIS2_PLACEMENT_3D('',#11919,#9573,#9574);
#7957=AXIS2_PLACEMENT_3D('',#11921,#9576,#9577);
#7958=AXIS2_PLACEMENT_3D('',#11925,#9580,#9581);
#7959=AXIS2_PLACEMENT_3D('',#11926,#9582,#9583);
#7960=AXIS2_PLACEMENT_3D('',#11927,#9584,#9585);
#7961=AXIS2_PLACEMENT_3D('',#11930,#9587,#9588);
#7962=AXIS2_PLACEMENT_3D('',#11931,#9589,#9590);
#7963=AXIS2_PLACEMENT_3D('',#11936,#9593,#9594);
#7964=AXIS2_PLACEMENT_3D('',#11937,#9595,#9596);
#7965=AXIS2_PLACEMENT_3D('',#11939,#9597,#9598);
#7966=AXIS2_PLACEMENT_3D('',#11941,#9600,#9601);
#7967=AXIS2_PLACEMENT_3D('',#11945,#9604,#9605);
#7968=AXIS2_PLACEMENT_3D('',#11947,#9606,#9607);
#7969=AXIS2_PLACEMENT_3D('',#11949,#9609,#9610);
#7970=AXIS2_PLACEMENT_3D('',#11953,#9613,#9614);
#7971=AXIS2_PLACEMENT_3D('',#11954,#9615,#9616);
#7972=AXIS2_PLACEMENT_3D('',#11955,#9617,#9618);
#7973=AXIS2_PLACEMENT_3D('',#11958,#9620,#9621);
#7974=AXIS2_PLACEMENT_3D('',#11959,#9622,#9623);
#7975=AXIS2_PLACEMENT_3D('',#11964,#9626,#9627);
#7976=AXIS2_PLACEMENT_3D('',#11965,#9628,#9629);
#7977=AXIS2_PLACEMENT_3D('',#11967,#9630,#9631);
#7978=AXIS2_PLACEMENT_3D('',#11969,#9633,#9634);
#7979=AXIS2_PLACEMENT_3D('',#11973,#9637,#9638);
#7980=AXIS2_PLACEMENT_3D('',#11975,#9639,#9640);
#7981=AXIS2_PLACEMENT_3D('',#11977,#9642,#9643);
#7982=AXIS2_PLACEMENT_3D('',#11981,#9646,#9647);
#7983=AXIS2_PLACEMENT_3D('',#11982,#9648,#9649);
#7984=AXIS2_PLACEMENT_3D('',#11983,#9650,#9651);
#7985=AXIS2_PLACEMENT_3D('',#11986,#9653,#9654);
#7986=AXIS2_PLACEMENT_3D('',#11987,#9655,#9656);
#7987=AXIS2_PLACEMENT_3D('',#11992,#9659,#9660);
#7988=AXIS2_PLACEMENT_3D('',#11993,#9661,#9662);
#7989=AXIS2_PLACEMENT_3D('',#11995,#9663,#9664);
#7990=AXIS2_PLACEMENT_3D('',#11997,#9666,#9667);
#7991=AXIS2_PLACEMENT_3D('',#12001,#9670,#9671);
#7992=AXIS2_PLACEMENT_3D('',#12003,#9672,#9673);
#7993=AXIS2_PLACEMENT_3D('',#12005,#9675,#9676);
#7994=AXIS2_PLACEMENT_3D('',#12009,#9679,#9680);
#7995=AXIS2_PLACEMENT_3D('',#12010,#9681,#9682);
#7996=AXIS2_PLACEMENT_3D('',#12011,#9683,#9684);
#7997=AXIS2_PLACEMENT_3D('',#12014,#9686,#9687);
#7998=AXIS2_PLACEMENT_3D('',#12015,#9688,#9689);
#7999=AXIS2_PLACEMENT_3D('',#12020,#9692,#9693);
#8000=AXIS2_PLACEMENT_3D('',#12021,#9694,#9695);
#8001=AXIS2_PLACEMENT_3D('',#12023,#9696,#9697);
#8002=AXIS2_PLACEMENT_3D('',#12025,#9699,#9700);
#8003=AXIS2_PLACEMENT_3D('',#12029,#9703,#9704);
#8004=AXIS2_PLACEMENT_3D('',#12031,#9705,#9706);
#8005=AXIS2_PLACEMENT_3D('',#12033,#9708,#9709);
#8006=AXIS2_PLACEMENT_3D('',#12037,#9712,#9713);
#8007=AXIS2_PLACEMENT_3D('',#12038,#9714,#9715);
#8008=AXIS2_PLACEMENT_3D('',#12039,#9716,#9717);
#8009=AXIS2_PLACEMENT_3D('',#12042,#9719,#9720);
#8010=AXIS2_PLACEMENT_3D('',#12043,#9721,#9722);
#8011=AXIS2_PLACEMENT_3D('',#12048,#9725,#9726);
#8012=AXIS2_PLACEMENT_3D('',#12049,#9727,#9728);
#8013=AXIS2_PLACEMENT_3D('',#12051,#9729,#9730);
#8014=AXIS2_PLACEMENT_3D('',#12053,#9732,#9733);
#8015=AXIS2_PLACEMENT_3D('',#12057,#9736,#9737);
#8016=AXIS2_PLACEMENT_3D('',#12059,#9738,#9739);
#8017=AXIS2_PLACEMENT_3D('',#12061,#9741,#9742);
#8018=AXIS2_PLACEMENT_3D('',#12065,#9745,#9746);
#8019=AXIS2_PLACEMENT_3D('',#12066,#9747,#9748);
#8020=AXIS2_PLACEMENT_3D('',#12067,#9749,#9750);
#8021=AXIS2_PLACEMENT_3D('',#12070,#9752,#9753);
#8022=AXIS2_PLACEMENT_3D('',#12071,#9754,#9755);
#8023=AXIS2_PLACEMENT_3D('',#12076,#9758,#9759);
#8024=AXIS2_PLACEMENT_3D('',#12077,#9760,#9761);
#8025=AXIS2_PLACEMENT_3D('',#12079,#9762,#9763);
#8026=AXIS2_PLACEMENT_3D('',#12081,#9765,#9766);
#8027=AXIS2_PLACEMENT_3D('',#12085,#9769,#9770);
#8028=AXIS2_PLACEMENT_3D('',#12087,#9771,#9772);
#8029=AXIS2_PLACEMENT_3D('',#12089,#9774,#9775);
#8030=AXIS2_PLACEMENT_3D('',#12093,#9778,#9779);
#8031=AXIS2_PLACEMENT_3D('',#12094,#9780,#9781);
#8032=AXIS2_PLACEMENT_3D('',#12095,#9782,#9783);
#8033=AXIS2_PLACEMENT_3D('',#12098,#9785,#9786);
#8034=AXIS2_PLACEMENT_3D('',#12099,#9787,#9788);
#8035=AXIS2_PLACEMENT_3D('',#12104,#9791,#9792);
#8036=AXIS2_PLACEMENT_3D('',#12105,#9793,#9794);
#8037=AXIS2_PLACEMENT_3D('',#12107,#9795,#9796);
#8038=AXIS2_PLACEMENT_3D('',#12109,#9798,#9799);
#8039=AXIS2_PLACEMENT_3D('',#12113,#9802,#9803);
#8040=AXIS2_PLACEMENT_3D('',#12115,#9804,#9805);
#8041=AXIS2_PLACEMENT_3D('',#12117,#9807,#9808);
#8042=AXIS2_PLACEMENT_3D('',#12121,#9811,#9812);
#8043=AXIS2_PLACEMENT_3D('',#12122,#9813,#9814);
#8044=AXIS2_PLACEMENT_3D('',#12123,#9815,#9816);
#8045=AXIS2_PLACEMENT_3D('',#12126,#9818,#9819);
#8046=AXIS2_PLACEMENT_3D('',#12127,#9820,#9821);
#8047=AXIS2_PLACEMENT_3D('',#12132,#9824,#9825);
#8048=AXIS2_PLACEMENT_3D('',#12133,#9826,#9827);
#8049=AXIS2_PLACEMENT_3D('',#12135,#9828,#9829);
#8050=AXIS2_PLACEMENT_3D('',#12137,#9831,#9832);
#8051=AXIS2_PLACEMENT_3D('',#12141,#9835,#9836);
#8052=AXIS2_PLACEMENT_3D('',#12143,#9837,#9838);
#8053=AXIS2_PLACEMENT_3D('',#12145,#9840,#9841);
#8054=AXIS2_PLACEMENT_3D('',#12149,#9844,#9845);
#8055=AXIS2_PLACEMENT_3D('',#12150,#9846,#9847);
#8056=AXIS2_PLACEMENT_3D('',#12151,#9848,#9849);
#8057=AXIS2_PLACEMENT_3D('',#12154,#9851,#9852);
#8058=AXIS2_PLACEMENT_3D('',#12155,#9853,#9854);
#8059=AXIS2_PLACEMENT_3D('',#12160,#9857,#9858);
#8060=AXIS2_PLACEMENT_3D('',#12161,#9859,#9860);
#8061=AXIS2_PLACEMENT_3D('',#12163,#9861,#9862);
#8062=AXIS2_PLACEMENT_3D('',#12165,#9864,#9865);
#8063=AXIS2_PLACEMENT_3D('',#12169,#9868,#9869);
#8064=AXIS2_PLACEMENT_3D('',#12171,#9870,#9871);
#8065=AXIS2_PLACEMENT_3D('',#12173,#9873,#9874);
#8066=AXIS2_PLACEMENT_3D('',#12177,#9877,#9878);
#8067=AXIS2_PLACEMENT_3D('',#12178,#9879,#9880);
#8068=AXIS2_PLACEMENT_3D('',#12179,#9881,#9882);
#8069=AXIS2_PLACEMENT_3D('',#12182,#9884,#9885);
#8070=AXIS2_PLACEMENT_3D('',#12183,#9886,#9887);
#8071=AXIS2_PLACEMENT_3D('',#12188,#9890,#9891);
#8072=AXIS2_PLACEMENT_3D('',#12189,#9892,#9893);
#8073=AXIS2_PLACEMENT_3D('',#12191,#9894,#9895);
#8074=AXIS2_PLACEMENT_3D('',#12193,#9897,#9898);
#8075=AXIS2_PLACEMENT_3D('',#12197,#9901,#9902);
#8076=AXIS2_PLACEMENT_3D('',#12199,#9903,#9904);
#8077=AXIS2_PLACEMENT_3D('',#12201,#9906,#9907);
#8078=AXIS2_PLACEMENT_3D('',#12205,#9910,#9911);
#8079=AXIS2_PLACEMENT_3D('',#12206,#9912,#9913);
#8080=AXIS2_PLACEMENT_3D('',#12207,#9914,#9915);
#8081=AXIS2_PLACEMENT_3D('',#12210,#9917,#9918);
#8082=AXIS2_PLACEMENT_3D('',#12211,#9919,#9920);
#8083=AXIS2_PLACEMENT_3D('',#12216,#9923,#9924);
#8084=AXIS2_PLACEMENT_3D('',#12217,#9925,#9926);
#8085=AXIS2_PLACEMENT_3D('',#12219,#9927,#9928);
#8086=AXIS2_PLACEMENT_3D('',#12221,#9930,#9931);
#8087=AXIS2_PLACEMENT_3D('',#12225,#9934,#9935);
#8088=AXIS2_PLACEMENT_3D('',#12227,#9936,#9937);
#8089=AXIS2_PLACEMENT_3D('',#12229,#9939,#9940);
#8090=AXIS2_PLACEMENT_3D('',#12233,#9943,#9944);
#8091=AXIS2_PLACEMENT_3D('',#12234,#9945,#9946);
#8092=AXIS2_PLACEMENT_3D('',#12235,#9947,#9948);
#8093=AXIS2_PLACEMENT_3D('',#12238,#9950,#9951);
#8094=AXIS2_PLACEMENT_3D('',#12239,#9952,#9953);
#8095=AXIS2_PLACEMENT_3D('',#12244,#9956,#9957);
#8096=AXIS2_PLACEMENT_3D('',#12245,#9958,#9959);
#8097=AXIS2_PLACEMENT_3D('',#12247,#9960,#9961);
#8098=AXIS2_PLACEMENT_3D('',#12249,#9963,#9964);
#8099=AXIS2_PLACEMENT_3D('',#12253,#9967,#9968);
#8100=AXIS2_PLACEMENT_3D('',#12255,#9969,#9970);
#8101=AXIS2_PLACEMENT_3D('',#12257,#9972,#9973);
#8102=AXIS2_PLACEMENT_3D('',#12261,#9976,#9977);
#8103=AXIS2_PLACEMENT_3D('',#12262,#9978,#9979);
#8104=AXIS2_PLACEMENT_3D('',#12263,#9980,#9981);
#8105=AXIS2_PLACEMENT_3D('',#12266,#9983,#9984);
#8106=AXIS2_PLACEMENT_3D('',#12267,#9985,#9986);
#8107=AXIS2_PLACEMENT_3D('',#12272,#9989,#9990);
#8108=AXIS2_PLACEMENT_3D('',#12273,#9991,#9992);
#8109=AXIS2_PLACEMENT_3D('',#12275,#9993,#9994);
#8110=AXIS2_PLACEMENT_3D('',#12277,#9996,#9997);
#8111=AXIS2_PLACEMENT_3D('',#12281,#10000,#10001);
#8112=AXIS2_PLACEMENT_3D('',#12283,#10002,#10003);
#8113=AXIS2_PLACEMENT_3D('',#12285,#10005,#10006);
#8114=AXIS2_PLACEMENT_3D('',#12289,#10009,#10010);
#8115=AXIS2_PLACEMENT_3D('',#12290,#10011,#10012);
#8116=AXIS2_PLACEMENT_3D('',#12291,#10013,#10014);
#8117=AXIS2_PLACEMENT_3D('',#12294,#10016,#10017);
#8118=AXIS2_PLACEMENT_3D('',#12295,#10018,#10019);
#8119=AXIS2_PLACEMENT_3D('',#12300,#10022,#10023);
#8120=AXIS2_PLACEMENT_3D('',#12301,#10024,#10025);
#8121=AXIS2_PLACEMENT_3D('',#12303,#10026,#10027);
#8122=AXIS2_PLACEMENT_3D('',#12305,#10029,#10030);
#8123=AXIS2_PLACEMENT_3D('',#12309,#10033,#10034);
#8124=AXIS2_PLACEMENT_3D('',#12311,#10035,#10036);
#8125=AXIS2_PLACEMENT_3D('',#12313,#10038,#10039);
#8126=AXIS2_PLACEMENT_3D('',#12317,#10042,#10043);
#8127=AXIS2_PLACEMENT_3D('',#12318,#10044,#10045);
#8128=AXIS2_PLACEMENT_3D('',#12319,#10046,#10047);
#8129=AXIS2_PLACEMENT_3D('',#12322,#10049,#10050);
#8130=AXIS2_PLACEMENT_3D('',#12323,#10051,#10052);
#8131=AXIS2_PLACEMENT_3D('',#12328,#10055,#10056);
#8132=AXIS2_PLACEMENT_3D('',#12329,#10057,#10058);
#8133=AXIS2_PLACEMENT_3D('',#12331,#10059,#10060);
#8134=AXIS2_PLACEMENT_3D('',#12333,#10062,#10063);
#8135=AXIS2_PLACEMENT_3D('',#12337,#10066,#10067);
#8136=AXIS2_PLACEMENT_3D('',#12339,#10068,#10069);
#8137=AXIS2_PLACEMENT_3D('',#12341,#10071,#10072);
#8138=AXIS2_PLACEMENT_3D('',#12345,#10075,#10076);
#8139=AXIS2_PLACEMENT_3D('',#12346,#10077,#10078);
#8140=AXIS2_PLACEMENT_3D('',#12347,#10079,#10080);
#8141=AXIS2_PLACEMENT_3D('',#12350,#10082,#10083);
#8142=AXIS2_PLACEMENT_3D('',#12351,#10084,#10085);
#8143=AXIS2_PLACEMENT_3D('',#12356,#10088,#10089);
#8144=AXIS2_PLACEMENT_3D('',#12357,#10090,#10091);
#8145=AXIS2_PLACEMENT_3D('',#12359,#10092,#10093);
#8146=AXIS2_PLACEMENT_3D('',#12361,#10095,#10096);
#8147=AXIS2_PLACEMENT_3D('',#12365,#10099,#10100);
#8148=AXIS2_PLACEMENT_3D('',#12367,#10101,#10102);
#8149=AXIS2_PLACEMENT_3D('',#12369,#10104,#10105);
#8150=AXIS2_PLACEMENT_3D('',#12373,#10108,#10109);
#8151=AXIS2_PLACEMENT_3D('',#12374,#10110,#10111);
#8152=AXIS2_PLACEMENT_3D('',#12375,#10112,#10113);
#8153=AXIS2_PLACEMENT_3D('',#12378,#10115,#10116);
#8154=AXIS2_PLACEMENT_3D('',#12379,#10117,#10118);
#8155=AXIS2_PLACEMENT_3D('',#12384,#10121,#10122);
#8156=AXIS2_PLACEMENT_3D('',#12385,#10123,#10124);
#8157=AXIS2_PLACEMENT_3D('',#12387,#10125,#10126);
#8158=AXIS2_PLACEMENT_3D('',#12389,#10128,#10129);
#8159=AXIS2_PLACEMENT_3D('',#12393,#10132,#10133);
#8160=AXIS2_PLACEMENT_3D('',#12395,#10134,#10135);
#8161=AXIS2_PLACEMENT_3D('',#12397,#10137,#10138);
#8162=AXIS2_PLACEMENT_3D('',#12401,#10141,#10142);
#8163=AXIS2_PLACEMENT_3D('',#12402,#10143,#10144);
#8164=AXIS2_PLACEMENT_3D('',#12403,#10145,#10146);
#8165=AXIS2_PLACEMENT_3D('',#12406,#10148,#10149);
#8166=AXIS2_PLACEMENT_3D('',#12407,#10150,#10151);
#8167=AXIS2_PLACEMENT_3D('',#12412,#10154,#10155);
#8168=AXIS2_PLACEMENT_3D('',#12413,#10156,#10157);
#8169=AXIS2_PLACEMENT_3D('',#12415,#10158,#10159);
#8170=AXIS2_PLACEMENT_3D('',#12417,#10161,#10162);
#8171=AXIS2_PLACEMENT_3D('',#12421,#10165,#10166);
#8172=AXIS2_PLACEMENT_3D('',#12423,#10167,#10168);
#8173=AXIS2_PLACEMENT_3D('',#12425,#10170,#10171);
#8174=AXIS2_PLACEMENT_3D('',#12429,#10174,#10175);
#8175=AXIS2_PLACEMENT_3D('',#12430,#10176,#10177);
#8176=AXIS2_PLACEMENT_3D('',#12431,#10178,#10179);
#8177=AXIS2_PLACEMENT_3D('',#12434,#10181,#10182);
#8178=AXIS2_PLACEMENT_3D('',#12435,#10183,#10184);
#8179=AXIS2_PLACEMENT_3D('',#12440,#10187,#10188);
#8180=AXIS2_PLACEMENT_3D('',#12441,#10189,#10190);
#8181=AXIS2_PLACEMENT_3D('',#12443,#10191,#10192);
#8182=AXIS2_PLACEMENT_3D('',#12445,#10194,#10195);
#8183=AXIS2_PLACEMENT_3D('',#12449,#10198,#10199);
#8184=AXIS2_PLACEMENT_3D('',#12451,#10200,#10201);
#8185=AXIS2_PLACEMENT_3D('',#12453,#10203,#10204);
#8186=AXIS2_PLACEMENT_3D('',#12457,#10207,#10208);
#8187=AXIS2_PLACEMENT_3D('',#12458,#10209,#10210);
#8188=AXIS2_PLACEMENT_3D('',#12459,#10211,#10212);
#8189=AXIS2_PLACEMENT_3D('',#12462,#10214,#10215);
#8190=AXIS2_PLACEMENT_3D('',#12463,#10216,#10217);
#8191=AXIS2_PLACEMENT_3D('',#12468,#10220,#10221);
#8192=AXIS2_PLACEMENT_3D('',#12469,#10222,#10223);
#8193=AXIS2_PLACEMENT_3D('',#12471,#10224,#10225);
#8194=AXIS2_PLACEMENT_3D('',#12473,#10227,#10228);
#8195=AXIS2_PLACEMENT_3D('',#12477,#10231,#10232);
#8196=AXIS2_PLACEMENT_3D('',#12479,#10233,#10234);
#8197=AXIS2_PLACEMENT_3D('',#12481,#10236,#10237);
#8198=AXIS2_PLACEMENT_3D('',#12485,#10240,#10241);
#8199=AXIS2_PLACEMENT_3D('',#12486,#10242,#10243);
#8200=AXIS2_PLACEMENT_3D('',#12487,#10244,#10245);
#8201=AXIS2_PLACEMENT_3D('',#12490,#10247,#10248);
#8202=AXIS2_PLACEMENT_3D('',#12491,#10249,#10250);
#8203=AXIS2_PLACEMENT_3D('',#12496,#10253,#10254);
#8204=AXIS2_PLACEMENT_3D('',#12497,#10255,#10256);
#8205=AXIS2_PLACEMENT_3D('',#12499,#10257,#10258);
#8206=AXIS2_PLACEMENT_3D('',#12501,#10260,#10261);
#8207=AXIS2_PLACEMENT_3D('',#12505,#10264,#10265);
#8208=AXIS2_PLACEMENT_3D('',#12507,#10266,#10267);
#8209=AXIS2_PLACEMENT_3D('',#12509,#10269,#10270);
#8210=AXIS2_PLACEMENT_3D('',#12513,#10273,#10274);
#8211=AXIS2_PLACEMENT_3D('',#12514,#10275,#10276);
#8212=AXIS2_PLACEMENT_3D('',#12515,#10277,#10278);
#8213=AXIS2_PLACEMENT_3D('',#12518,#10280,#10281);
#8214=AXIS2_PLACEMENT_3D('',#12519,#10282,#10283);
#8215=AXIS2_PLACEMENT_3D('',#12524,#10286,#10287);
#8216=AXIS2_PLACEMENT_3D('',#12525,#10288,#10289);
#8217=AXIS2_PLACEMENT_3D('',#12527,#10290,#10291);
#8218=AXIS2_PLACEMENT_3D('',#12529,#10293,#10294);
#8219=AXIS2_PLACEMENT_3D('',#12533,#10297,#10298);
#8220=AXIS2_PLACEMENT_3D('',#12535,#10299,#10300);
#8221=AXIS2_PLACEMENT_3D('',#12537,#10302,#10303);
#8222=AXIS2_PLACEMENT_3D('',#12541,#10306,#10307);
#8223=AXIS2_PLACEMENT_3D('',#12542,#10308,#10309);
#8224=AXIS2_PLACEMENT_3D('',#12543,#10310,#10311);
#8225=AXIS2_PLACEMENT_3D('',#12546,#10313,#10314);
#8226=AXIS2_PLACEMENT_3D('',#12547,#10315,#10316);
#8227=AXIS2_PLACEMENT_3D('',#12552,#10319,#10320);
#8228=AXIS2_PLACEMENT_3D('',#12553,#10321,#10322);
#8229=AXIS2_PLACEMENT_3D('',#12555,#10323,#10324);
#8230=AXIS2_PLACEMENT_3D('',#12557,#10326,#10327);
#8231=AXIS2_PLACEMENT_3D('',#12561,#10330,#10331);
#8232=AXIS2_PLACEMENT_3D('',#12563,#10332,#10333);
#8233=AXIS2_PLACEMENT_3D('',#12565,#10335,#10336);
#8234=AXIS2_PLACEMENT_3D('',#12569,#10339,#10340);
#8235=AXIS2_PLACEMENT_3D('',#12570,#10341,#10342);
#8236=AXIS2_PLACEMENT_3D('',#12571,#10343,#10344);
#8237=AXIS2_PLACEMENT_3D('',#12574,#10346,#10347);
#8238=AXIS2_PLACEMENT_3D('',#12575,#10348,#10349);
#8239=AXIS2_PLACEMENT_3D('',#12578,#10351,#10352);
#8240=AXIS2_PLACEMENT_3D('',#12579,#10353,#10354);
#8241=AXIS2_PLACEMENT_3D('',#12581,#10355,#10356);
#8242=AXIS2_PLACEMENT_3D('',#12585,#10358,#10359);
#8243=AXIS2_PLACEMENT_3D('',#12587,#10360,#10361);
#8244=AXIS2_PLACEMENT_3D('',#12590,#10363,#10364);
#8245=AXIS2_PLACEMENT_3D('',#12592,#10365,#10366);
#8246=AXIS2_PLACEMENT_3D('',#12593,#10367,#10368);
#8247=AXIS2_PLACEMENT_3D('',#12596,#10371,#10372);
#8248=AXIS2_PLACEMENT_3D('',#12598,#10374,#10375);
#8249=AXIS2_PLACEMENT_3D('',#12600,#10377,#10378);
#8250=AXIS2_PLACEMENT_3D('',#12601,#10379,#10380);
#8251=AXIS2_PLACEMENT_3D('',#12603,#10382,#10383);
#8252=AXIS2_PLACEMENT_3D('',#12604,#10384,#10385);
#8253=AXIS2_PLACEMENT_3D('',#12615,#10389,#10390);
#8254=AXIS2_PLACEMENT_3D('',#12632,#10391,#10392);
#8255=AXIS2_PLACEMENT_3D('',#12634,#10394,#10395);
#8256=AXIS2_PLACEMENT_3D('',#12645,#10399,#10400);
#8257=AXIS2_PLACEMENT_3D('',#12663,#10402,#10403);
#8258=AXIS2_PLACEMENT_3D('',#12664,#10404,#10405);
#8259=AXIS2_PLACEMENT_3D('',#12675,#10409,#10410);
#8260=AXIS2_PLACEMENT_3D('',#12693,#10412,#10413);
#8261=AXIS2_PLACEMENT_3D('',#12694,#10414,#10415);
#8262=AXIS2_PLACEMENT_3D('',#12705,#10419,#10420);
#8263=AXIS2_PLACEMENT_3D('',#12716,#10424,#10425);
#8264=AXIS2_PLACEMENT_3D('',#12731,#10426,#10427);
#8265=AXIS2_PLACEMENT_3D('',#12732,#10428,#10429);
#8266=AXIS2_PLACEMENT_3D('',#12743,#10433,#10434);
#8267=AXIS2_PLACEMENT_3D('',#12754,#10438,#10439);
#8268=AXIS2_PLACEMENT_3D('',#12769,#10440,#10441);
#8269=AXIS2_PLACEMENT_3D('',#12770,#10442,#10443);
#8270=AXIS2_PLACEMENT_3D('',#12781,#10447,#10448);
#8271=AXIS2_PLACEMENT_3D('',#12792,#10452,#10453);
#8272=AXIS2_PLACEMENT_3D('',#12807,#10454,#10455);
#8273=AXIS2_PLACEMENT_3D('',#12808,#10456,#10457);
#8274=AXIS2_PLACEMENT_3D('',#12819,#10461,#10462);
#8275=AXIS2_PLACEMENT_3D('',#12830,#10466,#10467);
#8276=AXIS2_PLACEMENT_3D('',#12850,#10468,#10469);
#8277=AXIS2_PLACEMENT_3D('',#12851,#10470,#10471);
#8278=AXIS2_PLACEMENT_3D('',#12862,#10475,#10476);
#8279=AXIS2_PLACEMENT_3D('',#12873,#10480,#10481);
#8280=AXIS2_PLACEMENT_3D('',#12888,#10482,#10483);
#8281=AXIS2_PLACEMENT_3D('',#12889,#10484,#10485);
#8282=AXIS2_PLACEMENT_3D('',#12900,#10489,#10490);
#8283=AXIS2_PLACEMENT_3D('',#12911,#10494,#10495);
#8284=AXIS2_PLACEMENT_3D('',#12926,#10496,#10497);
#8285=AXIS2_PLACEMENT_3D('',#12927,#10498,#10499);
#8286=AXIS2_PLACEMENT_3D('',#12935,#10502,#10503);
#8287=AXIS2_PLACEMENT_3D('',#12955,#10505,#10506);
#8288=AXIS2_PLACEMENT_3D('',#12957,#10508,#10509);
#8289=AXIS2_PLACEMENT_3D('',#12977,#10511,#10512);
#8290=AXIS2_PLACEMENT_3D('',#12979,#10514,#10515);
#8291=AXIS2_PLACEMENT_3D('',#12999,#10517,#10518);
#8292=AXIS2_PLACEMENT_3D('',#13001,#10520,#10521);
#8293=AXIS2_PLACEMENT_3D('',#13021,#10523,#10524);
#8294=AXIS2_PLACEMENT_3D('',#13023,#10526,#10527);
#8295=AXIS2_PLACEMENT_3D('',#13043,#10529,#10530);
#8296=AXIS2_PLACEMENT_3D('',#13045,#10532,#10533);
#8297=AXIS2_PLACEMENT_3D('',#13065,#10535,#10536);
#8298=AXIS2_PLACEMENT_3D('',#13067,#10538,#10539);
#8299=AXIS2_PLACEMENT_3D('',#13087,#10541,#10542);
#8300=AXIS2_PLACEMENT_3D('',#13089,#10544,#10545);
#8301=AXIS2_PLACEMENT_3D('',#13109,#10547,#10548);
#8302=AXIS2_PLACEMENT_3D('',#13111,#10550,#10551);
#8303=AXIS2_PLACEMENT_3D('',#13119,#10554,#10555);
#8304=AXIS2_PLACEMENT_3D('',#13121,#10557,#10558);
#8305=AXIS2_PLACEMENT_3D('',#13122,#10559,#10560);
#8306=AXIS2_PLACEMENT_3D('',#13123,#10561,#10562);
#8307=AXIS2_PLACEMENT_3D('',#13125,#10563,#10564);
#8308=AXIS2_PLACEMENT_3D('',#13134,#10565,#10566);
#8309=AXIS2_PLACEMENT_3D('',#13143,#10567,#10568);
#8310=AXIS2_PLACEMENT_3D('',#13152,#10569,#10570);
#8311=AXIS2_PLACEMENT_3D('',#13161,#10571,#10572);
#8312=AXIS2_PLACEMENT_3D('',#13170,#10573,#10574);
#8313=AXIS2_PLACEMENT_3D('',#13179,#10575,#10576);
#8314=AXIS2_PLACEMENT_3D('',#13188,#10577,#10578);
#8315=AXIS2_PLACEMENT_3D('',#13193,#10579,#10580);
#8316=AXIS2_PLACEMENT_3D('',#13198,#10581,#10582);
#8317=AXIS2_PLACEMENT_3D('',#13202,#10583,#10584);
#8318=AXIS2_PLACEMENT_3D('',#13203,#10585,#10586);
#8319=AXIS2_PLACEMENT_3D('',#13204,#10587,#10588);
#8320=AXIS2_PLACEMENT_3D('',#13205,#10589,#10590);
#8321=AXIS2_PLACEMENT_3D('',#13206,#10591,#10592);
#8322=AXIS2_PLACEMENT_3D('',#13208,#10593,#10594);
#8323=AXIS2_PLACEMENT_3D('',#13210,#10596,#10597);
#8324=AXIS2_PLACEMENT_3D('',#13214,#10600,#10601);
#8325=AXIS2_PLACEMENT_3D('',#13218,#10604,#10605);
#8326=AXIS2_PLACEMENT_3D('',#13222,#10608,#10609);
#8327=AXIS2_PLACEMENT_3D('',#13226,#10612,#10613);
#8328=AXIS2_PLACEMENT_3D('',#13230,#10616,#10617);
#8329=AXIS2_PLACEMENT_3D('',#13234,#10620,#10621);
#8330=AXIS2_PLACEMENT_3D('',#13238,#10624,#10625);
#8331=AXIS2_PLACEMENT_3D('',#13242,#10628,#10629);
#8332=AXIS2_PLACEMENT_3D('',#13246,#10632,#10633);
#8333=AXIS2_PLACEMENT_3D('',#13250,#10636,#10637);
#8334=AXIS2_PLACEMENT_3D('',#13254,#10640,#10641);
#8335=AXIS2_PLACEMENT_3D('',#13258,#10644,#10645);
#8336=AXIS2_PLACEMENT_3D('',#13262,#10648,#10649);
#8337=AXIS2_PLACEMENT_3D('',#13266,#10652,#10653);
#8338=AXIS2_PLACEMENT_3D('',#13270,#10656,#10657);
#8339=AXIS2_PLACEMENT_3D('',#13274,#10660,#10661);
#8340=AXIS2_PLACEMENT_3D('',#13276,#10662,#10663);
#8341=AXIS2_PLACEMENT_3D('',#13277,#10664,#10665);
#8342=AXIS2_PLACEMENT_3D('',#13278,#10666,#10667);
#8343=AXIS2_PLACEMENT_3D('',#13279,#10668,#10669);
#8344=AXIS2_PLACEMENT_3D('',#13280,#10670,#10671);
#8345=AXIS2_PLACEMENT_3D('',#13281,#10672,#10673);
#8346=AXIS2_PLACEMENT_3D('',#13282,#10674,#10675);
#8347=AXIS2_PLACEMENT_3D('',#13283,#10676,#10677);
#8348=AXIS2_PLACEMENT_3D('',#13284,#10678,#10679);
#8349=AXIS2_PLACEMENT_3D('',#13285,#10680,#10681);
#8350=AXIS2_PLACEMENT_3D('',#13286,#10682,#10683);
#8351=AXIS2_PLACEMENT_3D('',#13287,#10684,#10685);
#8352=AXIS2_PLACEMENT_3D('',#13288,#10686,#10687);
#8353=AXIS2_PLACEMENT_3D('',#13289,#10688,#10689);
#8354=AXIS2_PLACEMENT_3D('',#13290,#10690,#10691);
#8355=AXIS2_PLACEMENT_3D('',#13291,#10692,#10693);
#8356=AXIS2_PLACEMENT_3D('',#13292,#10694,#10695);
#8357=AXIS2_PLACEMENT_3D('',#13294,#10697,#10698);
#8358=AXIS2_PLACEMENT_3D('',#13296,#10700,#10701);
#8359=AXIS2_PLACEMENT_3D('',#13297,#10702,#10703);
#8360=AXIS2_PLACEMENT_3D('',#13298,#10704,#10705);
#8361=AXIS2_PLACEMENT_3D('',#13299,#10706,#10707);
#8362=AXIS2_PLACEMENT_3D('',#13300,#10708,#10709);
#8363=AXIS2_PLACEMENT_3D('',#13301,#10710,#10711);
#8364=AXIS2_PLACEMENT_3D('',#13302,#10712,#10713);
#8365=AXIS2_PLACEMENT_3D('',#13303,#10714,#10715);
#8366=AXIS2_PLACEMENT_3D('',#13304,#10716,#10717);
#8367=AXIS2_PLACEMENT_3D('',#13305,#10718,#10719);
#8368=AXIS2_PLACEMENT_3D('',#13306,#10720,#10721);
#8369=AXIS2_PLACEMENT_3D('',#13307,#10722,#10723);
#8370=AXIS2_PLACEMENT_3D('',#13308,#10724,#10725);
#8371=AXIS2_PLACEMENT_3D('',#13309,#10726,#10727);
#8372=AXIS2_PLACEMENT_3D('',#13310,#10728,#10729);
#8373=AXIS2_PLACEMENT_3D('',#13311,#10730,#10731);
#8374=AXIS2_PLACEMENT_3D('',#13312,#10732,#10733);
#8375=DIRECTION('axis',(0.,0.,1.));
#8376=DIRECTION('refdir',(1.,0.,0.));
#8377=DIRECTION('center_axis',(0.,1.,0.));
#8378=DIRECTION('ref_axis',(-1.,0.,0.));
#8379=DIRECTION('center_axis',(0.,1.,0.));
#8380=DIRECTION('ref_axis',(-1.,0.,0.));
#8381=DIRECTION('',(-0.707106781186548,-0.707106781186548,8.65956056235493E-17));
#8382=DIRECTION('center_axis',(0.,-1.,0.));
#8383=DIRECTION('ref_axis',(-1.,0.,0.));
#8384=DIRECTION('center_axis',(0.,-1.,0.));
#8385=DIRECTION('ref_axis',(-1.,0.,0.));
#8386=DIRECTION('',(0.,-1.,0.));
#8387=DIRECTION('center_axis',(0.,1.,0.));
#8388=DIRECTION('ref_axis',(-1.,0.,0.));
#8389=DIRECTION('center_axis',(0.,-1.,0.));
#8390=DIRECTION('ref_axis',(-0.994702817117174,0.,-0.102792536787247));
#8391=DIRECTION('center_axis',(0.,-1.,0.));
#8392=DIRECTION('ref_axis',(-0.384857535814703,0.,0.922975989463775));
#8393=DIRECTION('center_axis',(0.,-1.,0.));
#8394=DIRECTION('ref_axis',(-0.994702817117174,0.,-0.102792536787247));
#8395=DIRECTION('center_axis',(0.,-1.,0.));
#8396=DIRECTION('ref_axis',(0.689141239559736,0.,0.724627043338896));
#8397=DIRECTION('',(-0.231786600189173,0.,0.972766658542913));
#8398=DIRECTION('center_axis',(0.,1.,0.));
#8399=DIRECTION('ref_axis',(-0.972766658542916,0.,-0.231786600189159));
#8400=DIRECTION('center_axis',(0.,1.,0.));
#8401=DIRECTION('ref_axis',(0.737143254021061,0.,-0.675736504157679));
#8402=DIRECTION('',(-0.675736504157689,0.,-0.737143254021052));
#8403=DIRECTION('center_axis',(0.,-1.,0.));
#8404=DIRECTION('ref_axis',(-0.249587062348207,0.,0.968352362680234));
#8405=DIRECTION('center_axis',(0.,-1.,0.));
#8406=DIRECTION('ref_axis',(-0.994702817117174,0.,-0.102792536787247));
#8407=DIRECTION('center_axis',(0.,-1.,0.));
#8408=DIRECTION('ref_axis',(0.785251955881799,0.,0.6191763608083));
#8409=DIRECTION('',(-0.0909882171197479,0.,0.99585196909248));
#8410=DIRECTION('center_axis',(0.,1.,0.));
#8411=DIRECTION('ref_axis',(-0.995851969092481,0.,-0.0909882171197337));
#8412=DIRECTION('center_axis',(0.,1.,0.));
#8413=DIRECTION('ref_axis',(0.633472867263374,0.,-0.773764903857185));
#8414=DIRECTION('',(-0.773764903857194,0.,-0.633472867263364));
#8415=DIRECTION('center_axis',(0.,-1.,0.));
#8416=DIRECTION('ref_axis',(-0.109235716041935,0.,0.994015874290147));
#8417=DIRECTION('center_axis',(0.,-1.,0.));
#8418=DIRECTION('ref_axis',(-0.994702817117174,0.,-0.102792536787247));
#8419=DIRECTION('center_axis',(0.,-1.,0.));
#8420=DIRECTION('ref_axis',(0.865377206861847,0.,0.501121033128712));
#8421=DIRECTION('',(0.0516624236618845,0.,0.998664605351256));
#8422=DIRECTION('center_axis',(0.,1.,0.));
#8423=DIRECTION('ref_axis',(-0.998664605351255,0.,0.0516624236618987));
#8424=DIRECTION('center_axis',(0.,1.,0.));
#8425=DIRECTION('ref_axis',(0.516906799713103,0.,-0.856041681467882));
#8426=DIRECTION('',(-0.856041681467889,0.,-0.516906799713091));
#8427=DIRECTION('center_axis',(0.,-1.,0.));
#8428=DIRECTION('ref_axis',(0.0333393544331752,0.,0.999444089204583));
#8429=DIRECTION('center_axis',(0.,-1.,0.));
#8430=DIRECTION('ref_axis',(-0.994702817117174,0.,-0.102792536787247));
#8431=DIRECTION('center_axis',(0.,-1.,0.));
#8432=DIRECTION('ref_axis',(0.927885873451921,0.,0.372864326328447));
#8433=DIRECTION('',(0.193261366479888,0.,0.981147310155986));
#8434=DIRECTION('center_axis',(0.,1.,0.));
#8435=DIRECTION('ref_axis',(-0.981147310155983,0.,0.193261366479902));
#8436=DIRECTION('center_axis',(0.,1.,0.));
#8437=DIRECTION('ref_axis',(0.389818000356789,0.,-0.920891919064248));
#8438=DIRECTION('',(-0.920891919064254,0.,-0.389818000356776));
#8439=DIRECTION('center_axis',(0.,-1.,0.));
#8440=DIRECTION('ref_axis',(0.175235731794751,0.,0.984526504621566));
#8441=DIRECTION('center_axis',(0.,-1.,0.));
#8442=DIRECTION('ref_axis',(-0.994702817117174,0.,-0.102792536787247));
#8443=DIRECTION('center_axis',(0.,-1.,0.));
#8444=DIRECTION('ref_axis',(0.971505459460452,0.,0.237017177095957));
#8445=DIRECTION('',(0.33092606519612,0.,0.943656685121137));
#8446=DIRECTION('center_axis',(0.,1.,0.));
#8447=DIRECTION('ref_axis',(-0.943656685121133,0.,0.330926065196133));
#8448=DIRECTION('center_axis',(0.,1.,0.));
#8449=DIRECTION('ref_axis',(0.254793630655496,0.,-0.966995452821465));
#8450=DIRECTION('',(-0.966995452821469,0.,-0.254793630655482));
#8451=DIRECTION('center_axis',(0.,-1.,0.));
#8452=DIRECTION('ref_axis',(0.313564814995138,0.,0.949566799544437));
#8453=DIRECTION('center_axis',(0.,-1.,0.));
#8454=DIRECTION('ref_axis',(-0.994702817117174,0.,-0.102792536787247));
#8455=DIRECTION('center_axis',(0.,-1.,0.));
#8456=DIRECTION('ref_axis',(0.995347995904743,0.,0.0963450416389584));
#8457=DIRECTION('',(0.461854063536927,0.,0.886955931258385));
#8458=DIRECTION('center_axis',(0.,1.,0.));
#8459=DIRECTION('ref_axis',(-0.886955931258378,0.,0.461854063536939));
#8460=DIRECTION('center_axis',(0.,1.,0.));
#8461=DIRECTION('ref_axis',(0.114582397398211,0.,-0.993413747743848));
#8462=DIRECTION('',(-0.99341374774385,0.,-0.114582397398197));
#8463=DIRECTION('center_axis',(0.,-1.,0.));
#8464=DIRECTION('ref_axis',(0.445510622808474,0.,0.895276652753106));
#8465=DIRECTION('center_axis',(0.,-1.,0.));
#8466=DIRECTION('ref_axis',(-0.994702817117174,0.,-0.102792536787247));
#8467=DIRECTION('center_axis',(0.,-1.,0.));
#8468=DIRECTION('ref_axis',(0.99892811749901,0.,-0.0462884010296699));
#8469=DIRECTION('',(0.583380045021257,0.,0.812199312404902));
#8470=DIRECTION('center_axis',(0.,1.,0.));
#8471=DIRECTION('ref_axis',(-0.812199312404894,0.,0.583380045021268));
#8472=DIRECTION('center_axis',(0.,1.,0.));
#8473=DIRECTION('ref_axis',(-0.0279614030417529,0.,-0.999609003530849));
#8474=DIRECTION('',(-0.999609003530849,0.,0.0279614030417669));
#8475=DIRECTION('center_axis',(0.,-1.,0.));
#8476=DIRECTION('ref_axis',(0.568387119087952,0.,0.822761255076403));
#8477=DIRECTION('center_axis',(0.,-1.,0.));
#8478=DIRECTION('ref_axis',(-0.994702817117174,0.,-0.102792536787247));
#8479=DIRECTION('center_axis',(0.,-1.,0.));
#8480=DIRECTION('ref_axis',(0.982172943291809,0.,-0.187979545338065));
#8481=DIRECTION('',(0.693030091118081,0.,0.720908657740261));
#8482=DIRECTION('center_axis',(0.,1.,0.));
#8483=DIRECTION('ref_axis',(-0.720908657740251,0.,0.693030091118091));
#8484=DIRECTION('center_axis',(0.,1.,0.));
#8485=DIRECTION('ref_axis',(-0.169935989949814,0.,-0.985455102640286));
#8486=DIRECTION('',(-0.985455102640284,0.,0.169935989949828));
#8487=DIRECTION('center_axis',(0.,-1.,0.));
#8488=DIRECTION('ref_axis',(0.679692892715925,0.,0.733496810893857));
#8489=DIRECTION('center_axis',(0.,-1.,0.));
#8490=DIRECTION('ref_axis',(-0.994702817117174,0.,-0.102792536787247));
#8491=DIRECTION('center_axis',(0.,-1.,0.));
#8492=DIRECTION('ref_axis',(0.945423560312065,0.,-0.325843968191616));
#8493=DIRECTION('',(0.788572043093489,0.,0.614942381732923));
#8494=DIRECTION('center_axis',(0.,1.,0.));
#8495=DIRECTION('ref_axis',(-0.614942381732912,0.,0.788572043093498));
#8496=DIRECTION('center_axis',(0.,1.,0.));
#8497=DIRECTION('ref_axis',(-0.308451170157425,0.,-0.951240177677812));
#8498=DIRECTION('',(-0.951240177677808,0.,0.308451170157438));
#8499=DIRECTION('center_axis',(0.,-1.,0.));
#8500=DIRECTION('ref_axis',(0.777162079120597,0.,0.629300486871694));
#8501=DIRECTION('center_axis',(0.,-1.,0.));
#8502=DIRECTION('ref_axis',(-0.994702817117174,0.,-0.102792536787247));
#8503=DIRECTION('center_axis',(0.,-1.,0.));
#8504=DIRECTION('ref_axis',(0.889428080020762,0.,-0.457075147509227));
#8505=DIRECTION('',(0.8680609423255,0.,0.496457652180893));
#8506=DIRECTION('center_axis',(0.,1.,0.));
#8507=DIRECTION('ref_axis',(-0.496457652180881,0.,0.868060942325507));
#8508=DIRECTION('center_axis',(0.,1.,0.));
#8509=DIRECTION('ref_axis',(-0.440687174040352,0.,-0.897660745847967));
#8510=DIRECTION('',(-0.897660745847961,0.,0.440687174040364));
#8511=DIRECTION('center_axis',(0.,-1.,0.));
#8512=DIRECTION('ref_axis',(0.858810486744796,0.,0.512293419689504));
#8513=DIRECTION('center_axis',(0.,-1.,0.));
#8514=DIRECTION('ref_axis',(-0.994702817117174,0.,-0.102792536787247));
#8515=DIRECTION('center_axis',(0.,-1.,0.));
#8516=DIRECTION('ref_axis',(0.815326408919039,0.,-0.579001594919379));
#8517=DIRECTION('',(0.929878624052807,0.,0.367866476496105));
#8518=DIRECTION('center_axis',(0.,1.,0.));
#8519=DIRECTION('ref_axis',(-0.367866476496092,0.,0.929878624052812));
#8520=DIRECTION('center_axis',(0.,1.,0.));
#8521=DIRECTION('ref_axis',(-0.563952057896684,0.,-0.825807529872485));
#8522=DIRECTION('',(-0.825807529872477,0.,0.563952057896696));
#8523=DIRECTION('center_axis',(0.,-1.,0.));
#8524=DIRECTION('ref_axis',(0.922975989463785,0.,0.384857535814679));
#8525=DIRECTION('center_axis',(0.,-1.,0.));
#8526=DIRECTION('ref_axis',(-0.994702817117174,0.,-0.102792536787247));
#8527=DIRECTION('center_axis',(0.,-1.,0.));
#8528=DIRECTION('ref_axis',(0.724627043338921,0.,-0.68914123955971));
#8529=DIRECTION('',(0.972766658542913,0.,0.231786600189173));
#8530=DIRECTION('center_axis',(0.,1.,0.));
#8531=DIRECTION('ref_axis',(-0.231786600189159,0.,0.972766658542916));
#8532=DIRECTION('center_axis',(0.,1.,0.));
#8533=DIRECTION('ref_axis',(-0.675736504157679,0.,-0.737143254021061));
#8534=DIRECTION('',(-0.737143254021052,0.,0.675736504157689));
#8535=DIRECTION('center_axis',(0.,-1.,0.));
#8536=DIRECTION('ref_axis',(0.968352362680245,0.,0.249587062348166));
#8537=DIRECTION('center_axis',(0.,-1.,0.));
#8538=DIRECTION('ref_axis',(-0.994702817117174,0.,-0.102792536787247));
#8539=DIRECTION('center_axis',(0.,-1.,0.));
#8540=DIRECTION('ref_axis',(0.619176360808267,0.,-0.785251955881825));
#8541=DIRECTION('',(0.99585196909248,0.,0.090988217119748));
#8542=DIRECTION('center_axis',(0.,1.,0.));
#8543=DIRECTION('ref_axis',(-0.0909882171197339,0.,0.995851969092481));
#8544=DIRECTION('center_axis',(0.,1.,0.));
#8545=DIRECTION('ref_axis',(-0.773764903857185,0.,-0.633472867263374));
#8546=DIRECTION('',(-0.633472867263364,0.,0.773764903857194));
#8547=DIRECTION('center_axis',(0.,-1.,0.));
#8548=DIRECTION('ref_axis',(0.994015874290152,0.,0.109235716041895));
#8549=DIRECTION('center_axis',(0.,-1.,0.));
#8550=DIRECTION('ref_axis',(-0.994702817117174,0.,-0.102792536787247));
#8551=DIRECTION('center_axis',(0.,-1.,0.));
#8552=DIRECTION('ref_axis',(0.501121033128714,0.,-0.865377206861846));
#8553=DIRECTION('',(0.998664605351256,0.,-0.0516624236618844));
#8554=DIRECTION('center_axis',(0.,1.,0.));
#8555=DIRECTION('ref_axis',(0.0516624236618986,0.,0.998664605351255));
#8556=DIRECTION('center_axis',(0.,1.,0.));
#8557=DIRECTION('ref_axis',(-0.856041681467882,0.,-0.516906799713103));
#8558=DIRECTION('',(-0.516906799713091,0.,0.856041681467889));
#8559=DIRECTION('center_axis',(0.,-1.,0.));
#8560=DIRECTION('ref_axis',(0.999444089204583,0.,-0.0333393544331839));
#8561=DIRECTION('center_axis',(0.,-1.,0.));
#8562=DIRECTION('ref_axis',(-0.994702817117174,0.,-0.102792536787247));
#8563=DIRECTION('center_axis',(0.,-1.,0.));
#8564=DIRECTION('ref_axis',(0.372864326328393,0.,-0.927885873451942));
#8565=DIRECTION('',(0.981147310155986,0.,-0.193261366479889));
#8566=DIRECTION('center_axis',(0.,1.,0.));
#8567=DIRECTION('ref_axis',(0.193261366479902,0.,0.981147310155983));
#8568=DIRECTION('center_axis',(0.,1.,0.));
#8569=DIRECTION('ref_axis',(-0.920891919064248,0.,-0.389818000356789));
#8570=DIRECTION('',(-0.389818000356776,0.,0.920891919064254));
#8571=DIRECTION('center_axis',(0.,-1.,0.));
#8572=DIRECTION('ref_axis',(0.984526504621562,0.,-0.175235731794774));
#8573=DIRECTION('center_axis',(0.,-1.,0.));
#8574=DIRECTION('ref_axis',(-0.994702817117174,0.,-0.102792536787247));
#8575=DIRECTION('center_axis',(0.,-1.,0.));
#8576=DIRECTION('ref_axis',(0.237017177095951,0.,-0.971505459460453));
#8577=DIRECTION('',(0.943656685121137,0.,-0.330926065196121));
#8578=DIRECTION('center_axis',(0.,1.,0.));
#8579=DIRECTION('ref_axis',(0.330926065196134,0.,0.943656685121132));
#8580=DIRECTION('center_axis',(0.,1.,0.));
#8581=DIRECTION('ref_axis',(-0.966995452821465,0.,-0.254793630655495));
#8582=DIRECTION('',(-0.254793630655482,0.,0.966995452821469));
#8583=DIRECTION('center_axis',(0.,-1.,0.));
#8584=DIRECTION('ref_axis',(0.949566799544434,0.,-0.313564814995147));
#8585=DIRECTION('center_axis',(0.,-1.,0.));
#8586=DIRECTION('ref_axis',(-0.994702817117174,0.,-0.102792536787247));
#8587=DIRECTION('center_axis',(0.,-1.,0.));
#8588=DIRECTION('ref_axis',(0.0963450416389468,0.,-0.995347995904744));
#8589=DIRECTION('',(0.886955931258385,0.,-0.461854063536926));
#8590=DIRECTION('center_axis',(0.,1.,0.));
#8591=DIRECTION('ref_axis',(0.461854063536939,0.,0.886955931258378));
#8592=DIRECTION('center_axis',(0.,1.,0.));
#8593=DIRECTION('ref_axis',(-0.993413747743848,0.,-0.114582397398211));
#8594=DIRECTION('',(-0.114582397398197,0.,0.99341374774385));
#8595=DIRECTION('center_axis',(0.,-1.,0.));
#8596=DIRECTION('ref_axis',(0.89527665275309,0.,-0.445510622808506));
#8597=DIRECTION('center_axis',(0.,-1.,0.));
#8598=DIRECTION('ref_axis',(-0.994702817117174,0.,-0.102792536787247));
#8599=DIRECTION('center_axis',(0.,-1.,0.));
#8600=DIRECTION('ref_axis',(-0.0462884010296954,0.,-0.998928117499009));
#8601=DIRECTION('',(0.812199312404903,0.,-0.583380045021256));
#8602=DIRECTION('center_axis',(0.,1.,0.));
#8603=DIRECTION('ref_axis',(0.583380045021268,0.,0.812199312404895));
#8604=DIRECTION('center_axis',(0.,1.,0.));
#8605=DIRECTION('ref_axis',(-0.999609003530849,0.,0.0279614030417524));
#8606=DIRECTION('',(0.0279614030417664,0.,0.999609003530849));
#8607=DIRECTION('center_axis',(0.,-1.,0.));
#8608=DIRECTION('ref_axis',(0.822761255076414,0.,-0.568387119087937));
#8609=DIRECTION('center_axis',(0.,-1.,0.));
#8610=DIRECTION('ref_axis',(-0.994702817117174,0.,-0.102792536787247));
#8611=DIRECTION('center_axis',(0.,-1.,0.));
#8612=DIRECTION('ref_axis',(-0.187979545338078,0.,-0.982172943291806));
#8613=DIRECTION('',(0.720908657740261,0.,-0.693030091118081));
#8614=DIRECTION('center_axis',(0.,1.,0.));
#8615=DIRECTION('ref_axis',(0.693030091118091,0.,0.720908657740251));
#8616=DIRECTION('center_axis',(0.,1.,0.));
#8617=DIRECTION('ref_axis',(-0.985455102640286,0.,0.169935989949814));
#8618=DIRECTION('',(0.169935989949828,0.,0.985455102640284));
#8619=DIRECTION('center_axis',(0.,-1.,0.));
#8620=DIRECTION('ref_axis',(0.733496810893895,0.,-0.679692892715884));
#8621=DIRECTION('center_axis',(0.,-1.,0.));
#8622=DIRECTION('ref_axis',(-0.994702817117174,0.,-0.102792536787247));
#8623=DIRECTION('center_axis',(0.,-1.,0.));
#8624=DIRECTION('ref_axis',(-0.325843968191649,0.,-0.945423560312054));
#8625=DIRECTION('',(0.614942381732923,0.,-0.788572043093489));
#8626=DIRECTION('center_axis',(0.,1.,0.));
#8627=DIRECTION('ref_axis',(0.788572043093498,0.,0.614942381732912));
#8628=DIRECTION('center_axis',(0.,1.,0.));
#8629=DIRECTION('ref_axis',(-0.951240177677812,0.,0.308451170157425));
#8630=DIRECTION('',(0.308451170157438,0.,0.951240177677808));
#8631=DIRECTION('center_axis',(0.,-1.,0.));
#8632=DIRECTION('ref_axis',(0.629300486871671,0.,-0.777162079120615));
#8633=DIRECTION('center_axis',(0.,-1.,0.));
#8634=DIRECTION('ref_axis',(-0.994702817117174,0.,-0.102792536787247));
#8635=DIRECTION('center_axis',(0.,-1.,0.));
#8636=DIRECTION('ref_axis',(-0.457075147509207,0.,-0.889428080020772));
#8637=DIRECTION('',(0.496457652180893,0.,-0.8680609423255));
#8638=DIRECTION('center_axis',(0.,1.,0.));
#8639=DIRECTION('ref_axis',(0.868060942325507,0.,0.496457652180881));
#8640=DIRECTION('center_axis',(0.,1.,0.));
#8641=DIRECTION('ref_axis',(-0.897660745847967,0.,0.440687174040352));
#8642=DIRECTION('',(0.440687174040364,0.,0.897660745847961));
#8643=DIRECTION('center_axis',(0.,-1.,0.));
#8644=DIRECTION('ref_axis',(0.512293419689524,0.,-0.858810486744784));
#8645=DIRECTION('center_axis',(0.,-1.,0.));
#8646=DIRECTION('ref_axis',(-0.994702817117174,0.,-0.102792536787247));
#8647=DIRECTION('center_axis',(0.,-1.,0.));
#8648=DIRECTION('ref_axis',(-0.57900159491937,0.,-0.815326408919045));
#8649=DIRECTION('',(0.367866476496105,0.,-0.929878624052807));
#8650=DIRECTION('center_axis',(0.,1.,0.));
#8651=DIRECTION('ref_axis',(0.929878624052812,0.,0.367866476496092));
#8652=DIRECTION('center_axis',(0.,1.,0.));
#8653=DIRECTION('ref_axis',(-0.825807529872485,0.,0.563952057896684));
#8654=DIRECTION('',(0.563952057896696,0.,0.825807529872477));
#8655=DIRECTION('center_axis',(0.,-1.,0.));
#8656=DIRECTION('ref_axis',(0.384857535814694,0.,-0.922975989463779));
#8657=DIRECTION('center_axis',(0.,-1.,0.));
#8658=DIRECTION('ref_axis',(-0.994702817117174,0.,-0.102792536787247));
#8659=DIRECTION('center_axis',(0.,-1.,0.));
#8660=DIRECTION('ref_axis',(-0.689141239559723,0.,-0.724627043338908));
#8661=DIRECTION('',(0.231786600189173,0.,-0.972766658542913));
#8662=DIRECTION('center_axis',(0.,1.,0.));
#8663=DIRECTION('ref_axis',(0.972766658542916,0.,0.231786600189159));
#8664=DIRECTION('center_axis',(0.,1.,0.));
#8665=DIRECTION('ref_axis',(-0.737143254021061,0.,0.675736504157679));
#8666=DIRECTION('',(0.675736504157689,0.,0.737143254021052));
#8667=DIRECTION('center_axis',(0.,-1.,0.));
#8668=DIRECTION('ref_axis',(0.249587062348188,0.,-0.968352362680239));
#8669=DIRECTION('center_axis',(0.,-1.,0.));
#8670=DIRECTION('ref_axis',(-0.994702817117174,0.,-0.102792536787247));
#8671=DIRECTION('center_axis',(0.,-1.,0.));
#8672=DIRECTION('ref_axis',(-0.785251955881806,0.,-0.619176360808291));
#8673=DIRECTION('',(0.0909882171197481,0.,-0.99585196909248));
#8674=DIRECTION('center_axis',(0.,1.,0.));
#8675=DIRECTION('ref_axis',(0.995851969092481,0.,0.0909882171197339));
#8676=DIRECTION('center_axis',(0.,1.,0.));
#8677=DIRECTION('ref_axis',(-0.633472867263375,0.,0.773764903857185));
#8678=DIRECTION('',(0.773764903857194,0.,0.633472867263364));
#8679=DIRECTION('center_axis',(0.,-1.,0.));
#8680=DIRECTION('ref_axis',(0.109235716041921,0.,-0.994015874290149));
#8681=DIRECTION('center_axis',(0.,-1.,0.));
#8682=DIRECTION('ref_axis',(-0.994702817117174,0.,-0.102792536787247));
#8683=DIRECTION('center_axis',(0.,-1.,0.));
#8684=DIRECTION('ref_axis',(-0.865377206861846,0.,-0.501121033128714));
#8685=DIRECTION('',(-0.0516624236618849,0.,-0.998664605351256));
#8686=DIRECTION('center_axis',(0.,1.,0.));
#8687=DIRECTION('ref_axis',(0.998664605351255,0.,-0.051662423661899));
#8688=DIRECTION('center_axis',(0.,1.,0.));
#8689=DIRECTION('ref_axis',(-0.516906799713102,0.,0.856041681467882));
#8690=DIRECTION('',(0.856041681467889,0.,0.516906799713091));
#8691=DIRECTION('center_axis',(0.,-1.,0.));
#8692=DIRECTION('ref_axis',(-0.0333393544331523,0.,-0.999444089204584));
#8693=DIRECTION('center_axis',(0.,-1.,0.));
#8694=DIRECTION('ref_axis',(-0.994702817117174,0.,-0.102792536787247));
#8695=DIRECTION('center_axis',(0.,-1.,0.));
#8696=DIRECTION('ref_axis',(-0.927885873451957,0.,-0.372864326328357));
#8697=DIRECTION('',(-0.193261366479889,0.,-0.981147310155986));
#8698=DIRECTION('center_axis',(0.,1.,0.));
#8699=DIRECTION('ref_axis',(0.981147310155983,0.,-0.193261366479902));
#8700=DIRECTION('center_axis',(0.,1.,0.));
#8701=DIRECTION('ref_axis',(-0.389818000356789,0.,0.920891919064248));
#8702=DIRECTION('',(0.920891919064254,0.,0.389818000356776));
#8703=DIRECTION('center_axis',(0.,-1.,0.));
#8704=DIRECTION('ref_axis',(-0.175235731794778,0.,-0.984526504621561));
#8705=DIRECTION('center_axis',(0.,-1.,0.));
#8706=DIRECTION('ref_axis',(-0.994702817117174,0.,-0.102792536787247));
#8707=DIRECTION('center_axis',(0.,-1.,0.));
#8708=DIRECTION('ref_axis',(-0.971505459460453,0.,-0.237017177095954));
#8709=DIRECTION('',(-0.33092606519612,0.,-0.943656685121137));
#8710=DIRECTION('center_axis',(0.,1.,0.));
#8711=DIRECTION('ref_axis',(0.943656685121133,0.,-0.330926065196134));
#8712=DIRECTION('center_axis',(0.,1.,0.));
#8713=DIRECTION('ref_axis',(-0.254793630655495,0.,0.966995452821465));
#8714=DIRECTION('',(0.966995452821469,0.,0.254793630655482));
#8715=DIRECTION('center_axis',(0.,-1.,0.));
#8716=DIRECTION('ref_axis',(-0.313564814995138,0.,-0.949566799544437));
#8717=DIRECTION('center_axis',(0.,-1.,0.));
#8718=DIRECTION('ref_axis',(-0.994702817117174,0.,-0.102792536787247));
#8719=DIRECTION('center_axis',(0.,-1.,0.));
#8720=DIRECTION('ref_axis',(-0.995347995904748,0.,-0.0963450416389058));
#8721=DIRECTION('',(-0.461854063536926,0.,-0.886955931258385));
#8722=DIRECTION('center_axis',(0.,1.,0.));
#8723=DIRECTION('ref_axis',(0.886955931258378,0.,-0.461854063536939));
#8724=DIRECTION('center_axis',(0.,1.,0.));
#8725=DIRECTION('ref_axis',(-0.114582397398211,0.,0.993413747743848));
#8726=DIRECTION('',(0.99341374774385,0.,0.114582397398197));
#8727=DIRECTION('center_axis',(0.,-1.,0.));
#8728=DIRECTION('ref_axis',(-0.445510622808449,0.,-0.895276652753119));
#8729=DIRECTION('center_axis',(0.,-1.,0.));
#8730=DIRECTION('ref_axis',(-0.994702817117174,0.,-0.102792536787247));
#8731=DIRECTION('center_axis',(0.,-1.,0.));
#8732=DIRECTION('ref_axis',(-0.998928117499008,0.,0.0462884010297223));
#8733=DIRECTION('',(-0.583380045021257,0.,-0.812199312404903));
#8734=DIRECTION('center_axis',(0.,1.,0.));
#8735=DIRECTION('ref_axis',(0.812199312404894,0.,-0.583380045021268));
#8736=DIRECTION('center_axis',(0.,1.,0.));
#8737=DIRECTION('ref_axis',(0.0279614030417526,0.,0.999609003530849));
#8738=DIRECTION('',(0.999609003530849,0.,-0.0279614030417666));
#8739=DIRECTION('center_axis',(0.,-1.,0.));
#8740=DIRECTION('ref_axis',(-0.568387119087944,0.,-0.822761255076409));
#8741=DIRECTION('center_axis',(0.,-1.,0.));
#8742=DIRECTION('ref_axis',(-0.994702817117174,0.,-0.102792536787247));
#8743=DIRECTION('center_axis',(0.,-1.,0.));
#8744=DIRECTION('ref_axis',(-0.9821729432918,0.,0.187979545338111));
#8745=DIRECTION('',(-0.693030091118081,0.,-0.720908657740261));
#8746=DIRECTION('center_axis',(0.,1.,0.));
#8747=DIRECTION('ref_axis',(0.720908657740251,0.,-0.693030091118091));
#8748=DIRECTION('center_axis',(0.,1.,0.));
#8749=DIRECTION('ref_axis',(0.169935989949814,0.,0.985455102640286));
#8750=DIRECTION('',(0.985455102640284,0.,-0.169935989949828));
#8751=DIRECTION('center_axis',(0.,-1.,0.));
#8752=DIRECTION('ref_axis',(-0.679692892715931,0.,-0.733496810893851));
#8753=DIRECTION('center_axis',(0.,-1.,0.));
#8754=DIRECTION('ref_axis',(-0.994702817117174,0.,-0.102792536787247));
#8755=DIRECTION('center_axis',(0.,-1.,0.));
#8756=DIRECTION('ref_axis',(-0.94542356031206,0.,0.325843968191632));
#8757=DIRECTION('',(-0.788572043093489,0.,-0.614942381732923));
#8758=DIRECTION('center_axis',(0.,1.,0.));
#8759=DIRECTION('ref_axis',(0.614942381732912,0.,-0.788572043093498));
#8760=DIRECTION('center_axis',(0.,1.,0.));
#8761=DIRECTION('ref_axis',(0.308451170157425,0.,0.951240177677812));
#8762=DIRECTION('',(0.951240177677808,0.,-0.308451170157438));
#8763=DIRECTION('center_axis',(0.,-1.,0.));
#8764=DIRECTION('ref_axis',(-0.777162079120601,0.,-0.629300486871688));
#8765=DIRECTION('center_axis',(0.,-1.,0.));
#8766=DIRECTION('ref_axis',(-0.994702817117174,0.,-0.102792536787247));
#8767=DIRECTION('center_axis',(0.,-1.,0.));
#8768=DIRECTION('ref_axis',(-0.889428080020762,0.,0.457075147509227));
#8769=DIRECTION('',(-0.8680609423255,0.,-0.496457652180893));
#8770=DIRECTION('center_axis',(0.,1.,0.));
#8771=DIRECTION('ref_axis',(0.496457652180881,0.,-0.868060942325507));
#8772=DIRECTION('center_axis',(0.,1.,0.));
#8773=DIRECTION('ref_axis',(0.440687174040352,0.,0.897660745847967));
#8774=DIRECTION('',(0.897660745847961,0.,-0.440687174040364));
#8775=DIRECTION('center_axis',(0.,-1.,0.));
#8776=DIRECTION('ref_axis',(-0.858810486744802,0.,-0.512293419689494));
#8777=DIRECTION('center_axis',(0.,-1.,0.));
#8778=DIRECTION('ref_axis',(-0.994702817117174,0.,-0.102792536787247));
#8779=DIRECTION('center_axis',(0.,-1.,0.));
#8780=DIRECTION('ref_axis',(-0.815326408919034,0.,0.579001594919386));
#8781=DIRECTION('',(-0.929878624052807,0.,-0.367866476496105));
#8782=DIRECTION('center_axis',(0.,1.,0.));
#8783=DIRECTION('ref_axis',(0.367866476496092,0.,-0.929878624052812));
#8784=DIRECTION('center_axis',(0.,1.,0.));
#8785=DIRECTION('ref_axis',(0.563952057896684,0.,0.825807529872485));
#8786=DIRECTION('',(0.825807529872477,0.,-0.563952057896696));
#8787=DIRECTION('center_axis',(0.,-1.,0.));
#8788=DIRECTION('ref_axis',(-0.922975989463764,0.,-0.384857535814729));
#8789=DIRECTION('center_axis',(0.,-1.,0.));
#8790=DIRECTION('ref_axis',(-0.994702817117174,0.,-0.102792536787247));
#8791=DIRECTION('center_axis',(0.,-1.,0.));
#8792=DIRECTION('ref_axis',(-0.724627043338914,0.,0.689141239559717));
#8793=DIRECTION('',(-0.972766658542913,0.,-0.231786600189173));
#8794=DIRECTION('center_axis',(0.,1.,0.));
#8795=DIRECTION('ref_axis',(0.231786600189159,0.,-0.972766658542916));
#8796=DIRECTION('center_axis',(0.,1.,0.));
#8797=DIRECTION('ref_axis',(0.675736504157679,0.,0.737143254021061));
#8798=DIRECTION('',(0.737143254021052,0.,-0.675736504157689));
#8799=DIRECTION('center_axis',(0.,-1.,0.));
#8800=DIRECTION('ref_axis',(-0.968352362680231,0.,-0.249587062348221));
#8801=DIRECTION('center_axis',(0.,-1.,0.));
#8802=DIRECTION('ref_axis',(-0.994702817117174,0.,-0.102792536787247));
#8803=DIRECTION('center_axis',(0.,-1.,0.));
#8804=DIRECTION('ref_axis',(-0.619176360808244,0.,0.785251955881842));
#8805=DIRECTION('',(-0.99585196909248,0.,-0.0909882171197479));
#8806=DIRECTION('center_axis',(0.,1.,0.));
#8807=DIRECTION('ref_axis',(0.0909882171197337,0.,-0.995851969092481));
#8808=DIRECTION('center_axis',(0.,1.,0.));
#8809=DIRECTION('ref_axis',(0.773764903857185,0.,0.633472867263374));
#8810=DIRECTION('',(0.633472867263364,0.,-0.773764903857194));
#8811=DIRECTION('center_axis',(0.,-1.,0.));
#8812=DIRECTION('ref_axis',(-0.994015874290146,0.,-0.109235716041948));
#8813=DIRECTION('center_axis',(0.,-1.,0.));
#8814=DIRECTION('ref_axis',(-0.994702817117174,0.,-0.102792536787247));
#8815=DIRECTION('center_axis',(0.,-1.,0.));
#8816=DIRECTION('ref_axis',(-0.501121033128714,0.,0.865377206861846));
#8817=DIRECTION('',(-0.998664605351256,0.,0.0516624236618847));
#8818=DIRECTION('center_axis',(0.,1.,0.));
#8819=DIRECTION('ref_axis',(-0.0516624236618989,0.,-0.998664605351255));
#8820=DIRECTION('center_axis',(0.,1.,0.));
#8821=DIRECTION('ref_axis',(0.856041681467882,0.,0.516906799713102));
#8822=DIRECTION('',(0.516906799713091,0.,-0.856041681467889));
#8823=DIRECTION('center_axis',(0.,-1.,0.));
#8824=DIRECTION('ref_axis',(-0.999444089204583,0.,0.0333393544331786));
#8825=DIRECTION('center_axis',(0.,-1.,0.));
#8826=DIRECTION('ref_axis',(-0.994702817117174,0.,-0.102792536787247));
#8827=DIRECTION('center_axis',(0.,-1.,0.));
#8828=DIRECTION('ref_axis',(-0.372864326328404,0.,0.927885873451938));
#8829=DIRECTION('',(-0.981147310155986,0.,0.193261366479888));
#8830=DIRECTION('center_axis',(0.,1.,0.));
#8831=DIRECTION('ref_axis',(-0.193261366479902,0.,-0.981147310155983));
#8832=DIRECTION('center_axis',(0.,1.,0.));
#8833=DIRECTION('ref_axis',(0.920891919064248,0.,0.389818000356789));
#8834=DIRECTION('',(0.389818000356776,0.,-0.920891919064254));
#8835=DIRECTION('center_axis',(0.,-1.,0.));
#8836=DIRECTION('ref_axis',(-0.984526504621571,0.,0.17523573179472));
#8837=DIRECTION('center_axis',(0.,-1.,0.));
#8838=DIRECTION('ref_axis',(-0.994702817117174,0.,-0.102792536787247));
#8839=DIRECTION('center_axis',(0.,-1.,0.));
#8840=DIRECTION('ref_axis',(-0.237017177095957,0.,0.971505459460452));
#8841=DIRECTION('',(-0.943656685121137,0.,0.33092606519612));
#8842=DIRECTION('center_axis',(0.,1.,0.));
#8843=DIRECTION('ref_axis',(-0.330926065196134,0.,-0.943656685121133));
#8844=DIRECTION('center_axis',(0.,1.,0.));
#8845=DIRECTION('ref_axis',(0.966995452821465,0.,0.254793630655495));
#8846=DIRECTION('',(0.254793630655482,0.,-0.966995452821469));
#8847=DIRECTION('center_axis',(0.,-1.,0.));
#8848=DIRECTION('ref_axis',(-0.949566799544437,0.,0.313564814995138));
#8849=DIRECTION('center_axis',(0.,-1.,0.));
#8850=DIRECTION('ref_axis',(-0.994702817117174,0.,-0.102792536787247));
#8851=DIRECTION('center_axis',(0.,-1.,0.));
#8852=DIRECTION('ref_axis',(-0.096345041638959,0.,0.995347995904742));
#8853=DIRECTION('',(-0.886955931258385,0.,0.461854063536926));
#8854=DIRECTION('center_axis',(0.,1.,0.));
#8855=DIRECTION('ref_axis',(-0.461854063536939,0.,-0.886955931258378));
#8856=DIRECTION('center_axis',(0.,1.,0.));
#8857=DIRECTION('ref_axis',(0.993413747743848,0.,0.114582397398211));
#8858=DIRECTION('',(0.114582397398197,0.,-0.99341374774385));
#8859=DIRECTION('center_axis',(0.,-1.,0.));
#8860=DIRECTION('ref_axis',(-0.895276652753145,0.,0.445510622808396));
#8861=DIRECTION('center_axis',(0.,-1.,0.));
#8862=DIRECTION('ref_axis',(-0.994702817117174,0.,-0.102792536787247));
#8863=DIRECTION('center_axis',(0.,-1.,0.));
#8864=DIRECTION('ref_axis',(0.046288401029666,0.,0.99892811749901));
#8865=DIRECTION('',(-0.812199312404903,0.,0.583380045021257));
#8866=DIRECTION('center_axis',(0.,1.,0.));
#8867=DIRECTION('ref_axis',(-0.583380045021268,0.,-0.812199312404895));
#8868=DIRECTION('center_axis',(0.,1.,0.));
#8869=DIRECTION('ref_axis',(0.999609003530849,0.,-0.0279614030417526));
#8870=DIRECTION('',(-0.0279614030417666,0.,-0.999609003530849));
#8871=DIRECTION('center_axis',(0.,-1.,0.));
#8872=DIRECTION('ref_axis',(-0.822761255076414,0.,0.568387119087937));
#8873=DIRECTION('center_axis',(0.,-1.,0.));
#8874=DIRECTION('ref_axis',(-0.994702817117174,0.,-0.102792536787247));
#8875=DIRECTION('center_axis',(0.,-1.,0.));
#8876=DIRECTION('ref_axis',(0.187979545338071,0.,0.982172943291807));
#8877=DIRECTION('',(-0.720908657740261,0.,0.693030091118081));
#8878=DIRECTION('center_axis',(0.,1.,0.));
#8879=DIRECTION('ref_axis',(-0.693030091118091,0.,-0.720908657740251));
#8880=DIRECTION('center_axis',(0.,1.,0.));
#8881=DIRECTION('ref_axis',(0.985455102640286,0.,-0.169935989949814));
#8882=DIRECTION('',(-0.169935989949828,0.,-0.985455102640284));
#8883=DIRECTION('center_axis',(0.,-1.,0.));
#8884=DIRECTION('ref_axis',(-0.733496810893888,0.,0.679692892715891));
#8885=DIRECTION('center_axis',(0.,-1.,0.));
#8886=DIRECTION('ref_axis',(-0.994702817117174,0.,-0.102792536787247));
#8887=DIRECTION('center_axis',(0.,-1.,0.));
#8888=DIRECTION('ref_axis',(0.325843968191643,0.,0.945423560312056));
#8889=DIRECTION('',(-0.614942381732923,0.,0.788572043093489));
#8890=DIRECTION('center_axis',(0.,1.,0.));
#8891=DIRECTION('ref_axis',(-0.788572043093498,0.,-0.614942381732912));
#8892=DIRECTION('center_axis',(0.,1.,0.));
#8893=DIRECTION('ref_axis',(0.951240177677812,0.,-0.308451170157424));
#8894=DIRECTION('',(-0.308451170157438,0.,-0.951240177677808));
#8895=DIRECTION('center_axis',(0.,-1.,0.));
#8896=DIRECTION('ref_axis',(-0.62930048687169,0.,0.7771620791206));
#8897=DIRECTION('center_axis',(0.,-1.,0.));
#8898=DIRECTION('ref_axis',(-0.994702817117174,0.,-0.102792536787247));
#8899=DIRECTION('center_axis',(0.,-1.,0.));
#8900=DIRECTION('ref_axis',(0.457075147509229,0.,0.889428080020761));
#8901=DIRECTION('',(0.496457652180893,0.,-0.8680609423255));
#8902=DIRECTION('center_axis',(0.,-1.,0.));
#8903=DIRECTION('ref_axis',(-0.868060942325507,0.,-0.496457652180881));
#8904=DIRECTION('center_axis',(0.,-1.,0.));
#8905=DIRECTION('ref_axis',(0.897660745847967,0.,-0.440687174040352));
#8906=DIRECTION('',(0.440687174040364,0.,0.897660745847961));
#8907=DIRECTION('center_axis',(0.,-1.,0.));
#8908=DIRECTION('ref_axis',(-0.512293419689503,0.,0.858810486744797));
#8909=DIRECTION('center_axis',(0.,-1.,0.));
#8910=DIRECTION('ref_axis',(-0.994702817117174,0.,-0.102792536787247));
#8911=DIRECTION('center_axis',(0.,-1.,0.));
#8912=DIRECTION('ref_axis',(0.57900159491941,0.,0.815326408919016));
#8913=DIRECTION('',(-0.367866476496105,0.,0.929878624052807));
#8914=DIRECTION('center_axis',(0.,1.,0.));
#8915=DIRECTION('ref_axis',(-0.929878624052812,0.,-0.367866476496092));
#8916=DIRECTION('center_axis',(0.,1.,0.));
#8917=DIRECTION('ref_axis',(0.825807529872485,0.,-0.563952057896684));
#8918=DIRECTION('',(-0.563952057896696,0.,-0.825807529872477));
#8919=DIRECTION('center_axis',(0.,-1.,0.));
#8920=DIRECTION('ref_axis',(-1.,0.,0.));
#8921=DIRECTION('center_axis',(0.,-1.,0.));
#8922=DIRECTION('ref_axis',(-1.,0.,0.));
#8923=DIRECTION('',(-0.707106781186545,0.70710678118655,-8.6595605623549E-17));
#8924=DIRECTION('center_axis',(0.,-1.,0.));
#8925=DIRECTION('ref_axis',(0.102792536787247,0.,-0.994702817117174));
#8926=DIRECTION('center_axis',(0.,1.,0.));
#8927=DIRECTION('ref_axis',(-0.994702817117174,0.,-0.102792536787247));
#8928=DIRECTION('center_axis',(0.,1.,0.));
#8929=DIRECTION('ref_axis',(-0.868060942325507,0.,-0.496457652180881));
#8930=DIRECTION('',(0.,1.,0.));
#8931=DIRECTION('',(0.,1.,0.));
#8932=DIRECTION('center_axis',(0.,1.,0.));
#8933=DIRECTION('ref_axis',(-0.868060942325507,0.,-0.496457652180881));
#8934=DIRECTION('center_axis',(0.,1.,0.));
#8935=DIRECTION('ref_axis',(0.897660745847967,0.,-0.440687174040352));
#8936=DIRECTION('center_axis',(0.,1.,0.));
#8937=DIRECTION('ref_axis',(0.897660745847967,0.,-0.440687174040352));
#8938=DIRECTION('',(0.,1.,0.));
#8939=DIRECTION('center_axis',(-0.8680609423255,0.,-0.496457652180893));
#8940=DIRECTION('ref_axis',(-0.496457652180893,0.,0.8680609423255));
#8941=DIRECTION('',(0.,1.,0.));
#8942=DIRECTION('',(-0.496457652180893,0.,0.8680609423255));
#8943=DIRECTION('center_axis',(0.897660745847961,0.,-0.440687174040364));
#8944=DIRECTION('ref_axis',(-0.440687174040364,0.,-0.897660745847961));
#8945=DIRECTION('',(0.,-1.,0.));
#8946=DIRECTION('',(-0.440687174040364,0.,-0.897660745847961));
#8947=DIRECTION('center_axis',(0.,-1.,0.));
#8948=DIRECTION('ref_axis',(-0.512293419689503,0.,0.858810486744797));
#8949=DIRECTION('center_axis',(0.,1.,0.));
#8950=DIRECTION('ref_axis',(-0.512293419689503,0.,0.858810486744797));
#8951=DIRECTION('',(0.,1.,0.));
#8952=DIRECTION('center_axis',(0.,-1.,0.));
#8953=DIRECTION('ref_axis',(-0.994702817117174,0.,-0.102792536787247));
#8954=DIRECTION('',(0.,1.,0.));
#8955=DIRECTION('center_axis',(0.,-1.,0.));
#8956=DIRECTION('ref_axis',(-0.994702817117174,0.,-0.102792536787247));
#8957=DIRECTION('',(0.,-1.,0.));
#8958=DIRECTION('center_axis',(0.,1.,0.));
#8959=DIRECTION('ref_axis',(0.457075147509229,0.,0.889428080020761));
#8960=DIRECTION('center_axis',(0.,1.,0.));
#8961=DIRECTION('ref_axis',(0.457075147509229,0.,0.889428080020761));
#8962=DIRECTION('center_axis',(0.,1.,0.));
#8963=DIRECTION('ref_axis',(-0.788572043093498,0.,-0.614942381732912));
#8964=DIRECTION('',(0.,1.,0.));
#8965=DIRECTION('',(0.,1.,0.));
#8966=DIRECTION('center_axis',(0.,-1.,0.));
#8967=DIRECTION('ref_axis',(-0.788572043093498,0.,-0.614942381732912));
#8968=DIRECTION('center_axis',(0.,1.,0.));
#8969=DIRECTION('ref_axis',(0.951240177677812,0.,-0.308451170157424));
#8970=DIRECTION('center_axis',(0.,-1.,0.));
#8971=DIRECTION('ref_axis',(0.951240177677812,0.,-0.308451170157424));
#8972=DIRECTION('',(0.,1.,0.));
#8973=DIRECTION('center_axis',(-0.788572043093489,0.,-0.614942381732923));
#8974=DIRECTION('ref_axis',(-0.614942381732923,0.,0.788572043093489));
#8975=DIRECTION('',(0.,1.,0.));
#8976=DIRECTION('',(0.614942381732923,0.,-0.788572043093489));
#8977=DIRECTION('center_axis',(0.,-1.,0.));
#8978=DIRECTION('ref_axis',(0.325843968191643,0.,0.945423560312056));
#8979=DIRECTION('center_axis',(0.,1.,0.));
#8980=DIRECTION('ref_axis',(0.325843968191643,0.,0.945423560312056));
#8981=DIRECTION('',(0.,-1.,0.));
#8982=DIRECTION('center_axis',(0.951240177677808,0.,-0.308451170157438));
#8983=DIRECTION('ref_axis',(-0.308451170157438,0.,-0.951240177677808));
#8984=DIRECTION('',(0.,-1.,0.));
#8985=DIRECTION('',(0.308451170157438,0.,0.951240177677808));
#8986=DIRECTION('center_axis',(0.,1.,0.));
#8987=DIRECTION('ref_axis',(-0.62930048687169,0.,0.7771620791206));
#8988=DIRECTION('center_axis',(0.,1.,0.));
#8989=DIRECTION('ref_axis',(-0.62930048687169,0.,0.7771620791206));
#8990=DIRECTION('center_axis',(0.,-1.,0.));
#8991=DIRECTION('ref_axis',(-0.994702817117174,0.,-0.102792536787247));
#8992=DIRECTION('',(0.,1.,0.));
#8993=DIRECTION('center_axis',(0.,-1.,0.));
#8994=DIRECTION('ref_axis',(-0.994702817117174,0.,-0.102792536787247));
#8995=DIRECTION('center_axis',(0.,1.,0.));
#8996=DIRECTION('ref_axis',(-0.693030091118091,0.,-0.720908657740251));
#8997=DIRECTION('',(0.,1.,0.));
#8998=DIRECTION('',(0.,1.,0.));
#8999=DIRECTION('center_axis',(0.,-1.,0.));
#9000=DIRECTION('ref_axis',(-0.693030091118091,0.,-0.720908657740251));
#9001=DIRECTION('center_axis',(0.,1.,0.));
#9002=DIRECTION('ref_axis',(0.985455102640286,0.,-0.169935989949814));
#9003=DIRECTION('center_axis',(0.,-1.,0.));
#9004=DIRECTION('ref_axis',(0.985455102640286,0.,-0.169935989949814));
#9005=DIRECTION('',(0.,1.,0.));
#9006=DIRECTION('center_axis',(-0.693030091118081,0.,-0.720908657740261));
#9007=DIRECTION('ref_axis',(-0.720908657740261,0.,0.693030091118081));
#9008=DIRECTION('',(0.,1.,0.));
#9009=DIRECTION('',(0.720908657740261,0.,-0.693030091118081));
#9010=DIRECTION('center_axis',(0.,-1.,0.));
#9011=DIRECTION('ref_axis',(0.187979545338071,0.,0.982172943291807));
#9012=DIRECTION('center_axis',(0.,1.,0.));
#9013=DIRECTION('ref_axis',(0.187979545338071,0.,0.982172943291807));
#9014=DIRECTION('',(0.,-1.,0.));
#9015=DIRECTION('center_axis',(0.985455102640284,0.,-0.169935989949828));
#9016=DIRECTION('ref_axis',(-0.169935989949828,0.,-0.985455102640284));
#9017=DIRECTION('',(0.,-1.,0.));
#9018=DIRECTION('',(0.169935989949828,0.,0.985455102640284));
#9019=DIRECTION('center_axis',(0.,1.,0.));
#9020=DIRECTION('ref_axis',(-0.733496810893888,0.,0.679692892715891));
#9021=DIRECTION('center_axis',(0.,1.,0.));
#9022=DIRECTION('ref_axis',(-0.733496810893888,0.,0.679692892715891));
#9023=DIRECTION('center_axis',(0.,-1.,0.));
#9024=DIRECTION('ref_axis',(-0.994702817117174,0.,-0.102792536787247));
#9025=DIRECTION('',(0.,1.,0.));
#9026=DIRECTION('center_axis',(0.,-1.,0.));
#9027=DIRECTION('ref_axis',(-0.994702817117174,0.,-0.102792536787247));
#9028=DIRECTION('center_axis',(0.,1.,0.));
#9029=DIRECTION('ref_axis',(-0.583380045021268,0.,-0.812199312404895));
#9030=DIRECTION('',(0.,1.,0.));
#9031=DIRECTION('',(0.,1.,0.));
#9032=DIRECTION('center_axis',(0.,-1.,0.));
#9033=DIRECTION('ref_axis',(-0.583380045021268,0.,-0.812199312404895));
#9034=DIRECTION('center_axis',(0.,1.,0.));
#9035=DIRECTION('ref_axis',(0.999609003530849,0.,-0.0279614030417526));
#9036=DIRECTION('center_axis',(0.,-1.,0.));
#9037=DIRECTION('ref_axis',(0.999609003530849,0.,-0.0279614030417526));
#9038=DIRECTION('',(0.,1.,0.));
#9039=DIRECTION('center_axis',(-0.583380045021257,0.,-0.812199312404903));
#9040=DIRECTION('ref_axis',(-0.812199312404903,0.,0.583380045021257));
#9041=DIRECTION('',(0.,1.,0.));
#9042=DIRECTION('',(0.812199312404903,0.,-0.583380045021257));
#9043=DIRECTION('center_axis',(0.,-1.,0.));
#9044=DIRECTION('ref_axis',(0.046288401029666,0.,0.99892811749901));
#9045=DIRECTION('center_axis',(0.,1.,0.));
#9046=DIRECTION('ref_axis',(0.046288401029666,0.,0.99892811749901));
#9047=DIRECTION('',(0.,-1.,0.));
#9048=DIRECTION('center_axis',(0.999609003530849,0.,-0.0279614030417666));
#9049=DIRECTION('ref_axis',(-0.0279614030417666,0.,-0.999609003530849));
#9050=DIRECTION('',(0.,-1.,0.));
#9051=DIRECTION('',(0.0279614030417666,0.,0.999609003530849));
#9052=DIRECTION('center_axis',(0.,1.,0.));
#9053=DIRECTION('ref_axis',(-0.822761255076414,0.,0.568387119087937));
#9054=DIRECTION('center_axis',(0.,1.,0.));
#9055=DIRECTION('ref_axis',(-0.822761255076414,0.,0.568387119087937));
#9056=DIRECTION('center_axis',(0.,-1.,0.));
#9057=DIRECTION('ref_axis',(-0.994702817117174,0.,-0.102792536787247));
#9058=DIRECTION('',(0.,1.,0.));
#9059=DIRECTION('center_axis',(0.,-1.,0.));
#9060=DIRECTION('ref_axis',(-0.994702817117174,0.,-0.102792536787247));
#9061=DIRECTION('center_axis',(0.,1.,0.));
#9062=DIRECTION('ref_axis',(-0.461854063536939,0.,-0.886955931258378));
#9063=DIRECTION('',(0.,1.,0.));
#9064=DIRECTION('',(0.,1.,0.));
#9065=DIRECTION('center_axis',(0.,-1.,0.));
#9066=DIRECTION('ref_axis',(-0.461854063536939,0.,-0.886955931258378));
#9067=DIRECTION('center_axis',(0.,1.,0.));
#9068=DIRECTION('ref_axis',(0.993413747743848,0.,0.114582397398211));
#9069=DIRECTION('center_axis',(0.,-1.,0.));
#9070=DIRECTION('ref_axis',(0.993413747743848,0.,0.114582397398211));
#9071=DIRECTION('',(0.,1.,0.));
#9072=DIRECTION('center_axis',(-0.461854063536926,0.,-0.886955931258385));
#9073=DIRECTION('ref_axis',(-0.886955931258385,0.,0.461854063536926));
#9074=DIRECTION('',(0.,1.,0.));
#9075=DIRECTION('',(0.886955931258385,0.,-0.461854063536926));
#9076=DIRECTION('center_axis',(0.,-1.,0.));
#9077=DIRECTION('ref_axis',(-0.096345041638959,0.,0.995347995904742));
#9078=DIRECTION('center_axis',(0.,1.,0.));
#9079=DIRECTION('ref_axis',(-0.096345041638959,0.,0.995347995904742));
#9080=DIRECTION('',(0.,-1.,0.));
#9081=DIRECTION('center_axis',(0.99341374774385,0.,0.114582397398197));
#9082=DIRECTION('ref_axis',(0.114582397398197,0.,-0.99341374774385));
#9083=DIRECTION('',(0.,-1.,0.));
#9084=DIRECTION('',(-0.114582397398197,0.,0.99341374774385));
#9085=DIRECTION('center_axis',(0.,1.,0.));
#9086=DIRECTION('ref_axis',(-0.895276652753145,0.,0.445510622808396));
#9087=DIRECTION('center_axis',(0.,1.,0.));
#9088=DIRECTION('ref_axis',(-0.895276652753145,0.,0.445510622808396));
#9089=DIRECTION('center_axis',(0.,-1.,0.));
#9090=DIRECTION('ref_axis',(-0.994702817117174,0.,-0.102792536787247));
#9091=DIRECTION('',(0.,1.,0.));
#9092=DIRECTION('center_axis',(0.,-1.,0.));
#9093=DIRECTION('ref_axis',(-0.994702817117174,0.,-0.102792536787247));
#9094=DIRECTION('center_axis',(0.,1.,0.));
#9095=DIRECTION('ref_axis',(-0.330926065196134,0.,-0.943656685121133));
#9096=DIRECTION('',(0.,1.,0.));
#9097=DIRECTION('',(0.,1.,0.));
#9098=DIRECTION('center_axis',(0.,-1.,0.));
#9099=DIRECTION('ref_axis',(-0.330926065196134,0.,-0.943656685121133));
#9100=DIRECTION('center_axis',(0.,1.,0.));
#9101=DIRECTION('ref_axis',(0.966995452821465,0.,0.254793630655495));
#9102=DIRECTION('center_axis',(0.,-1.,0.));
#9103=DIRECTION('ref_axis',(0.966995452821465,0.,0.254793630655495));
#9104=DIRECTION('',(0.,1.,0.));
#9105=DIRECTION('center_axis',(-0.33092606519612,0.,-0.943656685121137));
#9106=DIRECTION('ref_axis',(-0.943656685121137,0.,0.33092606519612));
#9107=DIRECTION('',(0.,1.,0.));
#9108=DIRECTION('',(0.943656685121137,0.,-0.33092606519612));
#9109=DIRECTION('center_axis',(0.,-1.,0.));
#9110=DIRECTION('ref_axis',(-0.237017177095957,0.,0.971505459460452));
#9111=DIRECTION('center_axis',(0.,1.,0.));
#9112=DIRECTION('ref_axis',(-0.237017177095957,0.,0.971505459460452));
#9113=DIRECTION('',(0.,-1.,0.));
#9114=DIRECTION('center_axis',(0.966995452821469,0.,0.254793630655482));
#9115=DIRECTION('ref_axis',(0.254793630655482,0.,-0.966995452821469));
#9116=DIRECTION('',(0.,-1.,0.));
#9117=DIRECTION('',(-0.254793630655482,0.,0.966995452821469));
#9118=DIRECTION('center_axis',(0.,1.,0.));
#9119=DIRECTION('ref_axis',(-0.949566799544437,0.,0.313564814995138));
#9120=DIRECTION('center_axis',(0.,1.,0.));
#9121=DIRECTION('ref_axis',(-0.949566799544437,0.,0.313564814995138));
#9122=DIRECTION('center_axis',(0.,-1.,0.));
#9123=DIRECTION('ref_axis',(-0.994702817117174,0.,-0.102792536787247));
#9124=DIRECTION('',(0.,1.,0.));
#9125=DIRECTION('center_axis',(0.,-1.,0.));
#9126=DIRECTION('ref_axis',(-0.994702817117174,0.,-0.102792536787247));
#9127=DIRECTION('center_axis',(0.,1.,0.));
#9128=DIRECTION('ref_axis',(-0.193261366479902,0.,-0.981147310155983));
#9129=DIRECTION('',(0.,1.,0.));
#9130=DIRECTION('',(0.,1.,0.));
#9131=DIRECTION('center_axis',(0.,-1.,0.));
#9132=DIRECTION('ref_axis',(-0.193261366479902,0.,-0.981147310155983));
#9133=DIRECTION('center_axis',(0.,1.,0.));
#9134=DIRECTION('ref_axis',(0.920891919064248,0.,0.389818000356789));
#9135=DIRECTION('center_axis',(0.,-1.,0.));
#9136=DIRECTION('ref_axis',(0.920891919064248,0.,0.389818000356789));
#9137=DIRECTION('',(0.,1.,0.));
#9138=DIRECTION('center_axis',(-0.193261366479888,0.,-0.981147310155986));
#9139=DIRECTION('ref_axis',(-0.981147310155986,0.,0.193261366479888));
#9140=DIRECTION('',(0.,1.,0.));
#9141=DIRECTION('',(0.981147310155986,0.,-0.193261366479888));
#9142=DIRECTION('center_axis',(0.,-1.,0.));
#9143=DIRECTION('ref_axis',(-0.372864326328404,0.,0.927885873451938));
#9144=DIRECTION('center_axis',(0.,1.,0.));
#9145=DIRECTION('ref_axis',(-0.372864326328404,0.,0.927885873451938));
#9146=DIRECTION('',(0.,-1.,0.));
#9147=DIRECTION('center_axis',(0.920891919064254,0.,0.389818000356776));
#9148=DIRECTION('ref_axis',(0.389818000356776,0.,-0.920891919064254));
#9149=DIRECTION('',(0.,-1.,0.));
#9150=DIRECTION('',(-0.389818000356776,0.,0.920891919064254));
#9151=DIRECTION('center_axis',(0.,1.,0.));
#9152=DIRECTION('ref_axis',(-0.984526504621571,0.,0.17523573179472));
#9153=DIRECTION('center_axis',(0.,1.,0.));
#9154=DIRECTION('ref_axis',(-0.984526504621571,0.,0.17523573179472));
#9155=DIRECTION('center_axis',(0.,-1.,0.));
#9156=DIRECTION('ref_axis',(-0.994702817117174,0.,-0.102792536787247));
#9157=DIRECTION('',(0.,1.,0.));
#9158=DIRECTION('center_axis',(0.,-1.,0.));
#9159=DIRECTION('ref_axis',(-0.994702817117174,0.,-0.102792536787247));
#9160=DIRECTION('center_axis',(0.,1.,0.));
#9161=DIRECTION('ref_axis',(-0.0516624236618989,0.,-0.998664605351255));
#9162=DIRECTION('',(0.,1.,0.));
#9163=DIRECTION('',(0.,1.,0.));
#9164=DIRECTION('center_axis',(0.,-1.,0.));
#9165=DIRECTION('ref_axis',(-0.0516624236618989,0.,-0.998664605351255));
#9166=DIRECTION('center_axis',(0.,1.,0.));
#9167=DIRECTION('ref_axis',(0.856041681467882,0.,0.516906799713102));
#9168=DIRECTION('center_axis',(0.,-1.,0.));
#9169=DIRECTION('ref_axis',(0.856041681467882,0.,0.516906799713102));
#9170=DIRECTION('',(0.,1.,0.));
#9171=DIRECTION('center_axis',(-0.0516624236618847,0.,-0.998664605351256));
#9172=DIRECTION('ref_axis',(-0.998664605351256,0.,0.0516624236618847));
#9173=DIRECTION('',(0.,1.,0.));
#9174=DIRECTION('',(0.998664605351256,0.,-0.0516624236618847));
#9175=DIRECTION('center_axis',(0.,-1.,0.));
#9176=DIRECTION('ref_axis',(-0.501121033128714,0.,0.865377206861846));
#9177=DIRECTION('center_axis',(0.,1.,0.));
#9178=DIRECTION('ref_axis',(-0.501121033128714,0.,0.865377206861846));
#9179=DIRECTION('',(0.,-1.,0.));
#9180=DIRECTION('center_axis',(0.856041681467889,0.,0.516906799713091));
#9181=DIRECTION('ref_axis',(0.516906799713091,0.,-0.856041681467889));
#9182=DIRECTION('',(0.,-1.,0.));
#9183=DIRECTION('',(-0.516906799713091,0.,0.856041681467889));
#9184=DIRECTION('center_axis',(0.,1.,0.));
#9185=DIRECTION('ref_axis',(-0.999444089204583,0.,0.0333393544331786));
#9186=DIRECTION('center_axis',(0.,1.,0.));
#9187=DIRECTION('ref_axis',(-0.999444089204583,0.,0.0333393544331786));
#9188=DIRECTION('center_axis',(0.,-1.,0.));
#9189=DIRECTION('ref_axis',(-0.994702817117174,0.,-0.102792536787247));
#9190=DIRECTION('',(0.,1.,0.));
#9191=DIRECTION('center_axis',(0.,-1.,0.));
#9192=DIRECTION('ref_axis',(-0.994702817117174,0.,-0.102792536787247));
#9193=DIRECTION('center_axis',(0.,1.,0.));
#9194=DIRECTION('ref_axis',(0.0909882171197337,0.,-0.995851969092481));
#9195=DIRECTION('',(0.,1.,0.));
#9196=DIRECTION('',(0.,1.,0.));
#9197=DIRECTION('center_axis',(0.,-1.,0.));
#9198=DIRECTION('ref_axis',(0.0909882171197337,0.,-0.995851969092481));
#9199=DIRECTION('center_axis',(0.,1.,0.));
#9200=DIRECTION('ref_axis',(0.773764903857185,0.,0.633472867263374));
#9201=DIRECTION('center_axis',(0.,-1.,0.));
#9202=DIRECTION('ref_axis',(0.773764903857185,0.,0.633472867263374));
#9203=DIRECTION('',(0.,1.,0.));
#9204=DIRECTION('center_axis',(0.0909882171197479,0.,-0.99585196909248));
#9205=DIRECTION('ref_axis',(-0.99585196909248,0.,-0.0909882171197479));
#9206=DIRECTION('',(0.,1.,0.));
#9207=DIRECTION('',(0.99585196909248,0.,0.0909882171197479));
#9208=DIRECTION('center_axis',(0.,-1.,0.));
#9209=DIRECTION('ref_axis',(-0.619176360808244,0.,0.785251955881842));
#9210=DIRECTION('center_axis',(0.,1.,0.));
#9211=DIRECTION('ref_axis',(-0.619176360808244,0.,0.785251955881842));
#9212=DIRECTION('',(0.,-1.,0.));
#9213=DIRECTION('center_axis',(0.773764903857194,0.,0.633472867263364));
#9214=DIRECTION('ref_axis',(0.633472867263364,0.,-0.773764903857194));
#9215=DIRECTION('',(0.,-1.,0.));
#9216=DIRECTION('',(-0.633472867263364,0.,0.773764903857194));
#9217=DIRECTION('center_axis',(0.,1.,0.));
#9218=DIRECTION('ref_axis',(-0.994015874290146,0.,-0.109235716041948));
#9219=DIRECTION('center_axis',(0.,1.,0.));
#9220=DIRECTION('ref_axis',(-0.994015874290146,0.,-0.109235716041948));
#9221=DIRECTION('center_axis',(0.,-1.,0.));
#9222=DIRECTION('ref_axis',(-0.994702817117174,0.,-0.102792536787247));
#9223=DIRECTION('',(0.,1.,0.));
#9224=DIRECTION('center_axis',(0.,-1.,0.));
#9225=DIRECTION('ref_axis',(-0.994702817117174,0.,-0.102792536787247));
#9226=DIRECTION('center_axis',(0.,1.,0.));
#9227=DIRECTION('ref_axis',(0.231786600189159,0.,-0.972766658542916));
#9228=DIRECTION('',(0.,1.,0.));
#9229=DIRECTION('',(0.,1.,0.));
#9230=DIRECTION('center_axis',(0.,-1.,0.));
#9231=DIRECTION('ref_axis',(0.231786600189159,0.,-0.972766658542916));
#9232=DIRECTION('center_axis',(0.,1.,0.));
#9233=DIRECTION('ref_axis',(0.675736504157679,0.,0.737143254021061));
#9234=DIRECTION('center_axis',(0.,-1.,0.));
#9235=DIRECTION('ref_axis',(0.675736504157679,0.,0.737143254021061));
#9236=DIRECTION('',(0.,1.,0.));
#9237=DIRECTION('center_axis',(0.231786600189173,0.,-0.972766658542913));
#9238=DIRECTION('ref_axis',(-0.972766658542913,0.,-0.231786600189173));
#9239=DIRECTION('',(0.,1.,0.));
#9240=DIRECTION('',(0.972766658542913,0.,0.231786600189173));
#9241=DIRECTION('center_axis',(0.,-1.,0.));
#9242=DIRECTION('ref_axis',(-0.724627043338914,0.,0.689141239559717));
#9243=DIRECTION('center_axis',(0.,1.,0.));
#9244=DIRECTION('ref_axis',(-0.724627043338914,0.,0.689141239559717));
#9245=DIRECTION('',(0.,-1.,0.));
#9246=DIRECTION('center_axis',(0.675736504157689,0.,0.737143254021052));
#9247=DIRECTION('ref_axis',(0.737143254021052,0.,-0.675736504157689));
#9248=DIRECTION('',(0.,-1.,0.));
#9249=DIRECTION('',(-0.737143254021052,0.,0.675736504157689));
#9250=DIRECTION('center_axis',(0.,1.,0.));
#9251=DIRECTION('ref_axis',(-0.968352362680231,0.,-0.249587062348221));
#9252=DIRECTION('center_axis',(0.,1.,0.));
#9253=DIRECTION('ref_axis',(-0.968352362680231,0.,-0.249587062348221));
#9254=DIRECTION('center_axis',(0.,-1.,0.));
#9255=DIRECTION('ref_axis',(-0.994702817117174,0.,-0.102792536787247));
#9256=DIRECTION('',(0.,1.,0.));
#9257=DIRECTION('center_axis',(0.,-1.,0.));
#9258=DIRECTION('ref_axis',(-0.994702817117174,0.,-0.102792536787247));
#9259=DIRECTION('center_axis',(0.,1.,0.));
#9260=DIRECTION('ref_axis',(0.367866476496092,0.,-0.929878624052812));
#9261=DIRECTION('',(0.,1.,0.));
#9262=DIRECTION('',(0.,1.,0.));
#9263=DIRECTION('center_axis',(0.,-1.,0.));
#9264=DIRECTION('ref_axis',(0.367866476496092,0.,-0.929878624052812));
#9265=DIRECTION('center_axis',(0.,1.,0.));
#9266=DIRECTION('ref_axis',(0.563952057896684,0.,0.825807529872485));
#9267=DIRECTION('center_axis',(0.,-1.,0.));
#9268=DIRECTION('ref_axis',(0.563952057896684,0.,0.825807529872485));
#9269=DIRECTION('',(0.,1.,0.));
#9270=DIRECTION('center_axis',(0.367866476496105,0.,-0.929878624052806));
#9271=DIRECTION('ref_axis',(-0.929878624052807,0.,-0.367866476496105));
#9272=DIRECTION('',(0.,1.,0.));
#9273=DIRECTION('',(0.929878624052807,0.,0.367866476496105));
#9274=DIRECTION('center_axis',(0.,-1.,0.));
#9275=DIRECTION('ref_axis',(-0.815326408919034,0.,0.579001594919386));
#9276=DIRECTION('center_axis',(0.,1.,0.));
#9277=DIRECTION('ref_axis',(-0.815326408919034,0.,0.579001594919386));
#9278=DIRECTION('',(0.,-1.,0.));
#9279=DIRECTION('center_axis',(0.563952057896696,0.,0.825807529872477));
#9280=DIRECTION('ref_axis',(0.825807529872477,0.,-0.563952057896696));
#9281=DIRECTION('',(0.,-1.,0.));
#9282=DIRECTION('',(-0.825807529872477,0.,0.563952057896696));
#9283=DIRECTION('center_axis',(0.,1.,0.));
#9284=DIRECTION('ref_axis',(-0.922975989463764,0.,-0.384857535814729));
#9285=DIRECTION('center_axis',(0.,1.,0.));
#9286=DIRECTION('ref_axis',(-0.922975989463764,0.,-0.384857535814729));
#9287=DIRECTION('center_axis',(0.,-1.,0.));
#9288=DIRECTION('ref_axis',(-0.994702817117174,0.,-0.102792536787247));
#9289=DIRECTION('',(0.,1.,0.));
#9290=DIRECTION('center_axis',(0.,-1.,0.));
#9291=DIRECTION('ref_axis',(-0.994702817117174,0.,-0.102792536787247));
#9292=DIRECTION('center_axis',(0.,1.,0.));
#9293=DIRECTION('ref_axis',(0.496457652180881,0.,-0.868060942325507));
#9294=DIRECTION('',(0.,1.,0.));
#9295=DIRECTION('',(0.,1.,0.));
#9296=DIRECTION('center_axis',(0.,-1.,0.));
#9297=DIRECTION('ref_axis',(0.496457652180881,0.,-0.868060942325507));
#9298=DIRECTION('center_axis',(0.,1.,0.));
#9299=DIRECTION('ref_axis',(0.440687174040352,0.,0.897660745847967));
#9300=DIRECTION('center_axis',(0.,-1.,0.));
#9301=DIRECTION('ref_axis',(0.440687174040352,0.,0.897660745847967));
#9302=DIRECTION('',(0.,1.,0.));
#9303=DIRECTION('center_axis',(0.496457652180893,0.,-0.8680609423255));
#9304=DIRECTION('ref_axis',(-0.8680609423255,0.,-0.496457652180893));
#9305=DIRECTION('',(0.,1.,0.));
#9306=DIRECTION('',(0.8680609423255,0.,0.496457652180893));
#9307=DIRECTION('center_axis',(0.,-1.,0.));
#9308=DIRECTION('ref_axis',(-0.889428080020762,0.,0.457075147509227));
#9309=DIRECTION('center_axis',(0.,1.,0.));
#9310=DIRECTION('ref_axis',(-0.889428080020762,0.,0.457075147509227));
#9311=DIRECTION('',(0.,-1.,0.));
#9312=DIRECTION('center_axis',(0.440687174040364,0.,0.897660745847961));
#9313=DIRECTION('ref_axis',(0.897660745847961,0.,-0.440687174040364));
#9314=DIRECTION('',(0.,-1.,0.));
#9315=DIRECTION('',(-0.897660745847961,0.,0.440687174040364));
#9316=DIRECTION('center_axis',(0.,1.,0.));
#9317=DIRECTION('ref_axis',(-0.858810486744802,0.,-0.512293419689494));
#9318=DIRECTION('center_axis',(0.,1.,0.));
#9319=DIRECTION('ref_axis',(-0.858810486744802,0.,-0.512293419689494));
#9320=DIRECTION('center_axis',(0.,-1.,0.));
#9321=DIRECTION('ref_axis',(-0.994702817117174,0.,-0.102792536787247));
#9322=DIRECTION('',(0.,1.,0.));
#9323=DIRECTION('center_axis',(0.,-1.,0.));
#9324=DIRECTION('ref_axis',(-0.994702817117174,0.,-0.102792536787247));
#9325=DIRECTION('center_axis',(0.,1.,0.));
#9326=DIRECTION('ref_axis',(0.614942381732912,0.,-0.788572043093498));
#9327=DIRECTION('',(0.,1.,0.));
#9328=DIRECTION('',(0.,1.,0.));
#9329=DIRECTION('center_axis',(0.,-1.,0.));
#9330=DIRECTION('ref_axis',(0.614942381732912,0.,-0.788572043093498));
#9331=DIRECTION('center_axis',(0.,1.,0.));
#9332=DIRECTION('ref_axis',(0.308451170157425,0.,0.951240177677812));
#9333=DIRECTION('center_axis',(0.,-1.,0.));
#9334=DIRECTION('ref_axis',(0.308451170157425,0.,0.951240177677812));
#9335=DIRECTION('',(0.,1.,0.));
#9336=DIRECTION('center_axis',(0.614942381732923,0.,-0.788572043093489));
#9337=DIRECTION('ref_axis',(-0.788572043093489,0.,-0.614942381732923));
#9338=DIRECTION('',(0.,1.,0.));
#9339=DIRECTION('',(0.788572043093489,0.,0.614942381732923));
#9340=DIRECTION('center_axis',(0.,-1.,0.));
#9341=DIRECTION('ref_axis',(-0.94542356031206,0.,0.325843968191632));
#9342=DIRECTION('center_axis',(0.,1.,0.));
#9343=DIRECTION('ref_axis',(-0.94542356031206,0.,0.325843968191632));
#9344=DIRECTION('',(0.,-1.,0.));
#9345=DIRECTION('center_axis',(0.308451170157438,0.,0.951240177677808));
#9346=DIRECTION('ref_axis',(0.951240177677808,0.,-0.308451170157438));
#9347=DIRECTION('',(0.,-1.,0.));
#9348=DIRECTION('',(-0.951240177677808,0.,0.308451170157438));
#9349=DIRECTION('center_axis',(0.,1.,0.));
#9350=DIRECTION('ref_axis',(-0.777162079120601,0.,-0.629300486871688));
#9351=DIRECTION('center_axis',(0.,1.,0.));
#9352=DIRECTION('ref_axis',(-0.777162079120601,0.,-0.629300486871688));
#9353=DIRECTION('center_axis',(0.,-1.,0.));
#9354=DIRECTION('ref_axis',(-0.994702817117174,0.,-0.102792536787247));
#9355=DIRECTION('',(0.,1.,0.));
#9356=DIRECTION('center_axis',(0.,-1.,0.));
#9357=DIRECTION('ref_axis',(-0.994702817117174,0.,-0.102792536787247));
#9358=DIRECTION('center_axis',(0.,1.,0.));
#9359=DIRECTION('ref_axis',(0.720908657740251,0.,-0.693030091118091));
#9360=DIRECTION('',(0.,1.,0.));
#9361=DIRECTION('',(0.,1.,0.));
#9362=DIRECTION('center_axis',(0.,-1.,0.));
#9363=DIRECTION('ref_axis',(0.720908657740251,0.,-0.693030091118091));
#9364=DIRECTION('center_axis',(0.,1.,0.));
#9365=DIRECTION('ref_axis',(0.169935989949814,0.,0.985455102640286));
#9366=DIRECTION('center_axis',(0.,-1.,0.));
#9367=DIRECTION('ref_axis',(0.169935989949814,0.,0.985455102640286));
#9368=DIRECTION('',(0.,1.,0.));
#9369=DIRECTION('center_axis',(0.720908657740261,0.,-0.693030091118081));
#9370=DIRECTION('ref_axis',(-0.693030091118081,0.,-0.720908657740261));
#9371=DIRECTION('',(0.,1.,0.));
#9372=DIRECTION('',(0.693030091118081,0.,0.720908657740261));
#9373=DIRECTION('center_axis',(0.,-1.,0.));
#9374=DIRECTION('ref_axis',(-0.9821729432918,0.,0.187979545338111));
#9375=DIRECTION('center_axis',(0.,1.,0.));
#9376=DIRECTION('ref_axis',(-0.9821729432918,0.,0.187979545338111));
#9377=DIRECTION('',(0.,-1.,0.));
#9378=DIRECTION('center_axis',(0.169935989949828,0.,0.985455102640284));
#9379=DIRECTION('ref_axis',(0.985455102640284,0.,-0.169935989949828));
#9380=DIRECTION('',(0.,-1.,0.));
#9381=DIRECTION('',(-0.985455102640284,0.,0.169935989949828));
#9382=DIRECTION('center_axis',(0.,1.,0.));
#9383=DIRECTION('ref_axis',(-0.679692892715931,0.,-0.733496810893851));
#9384=DIRECTION('center_axis',(0.,1.,0.));
#9385=DIRECTION('ref_axis',(-0.679692892715931,0.,-0.733496810893851));
#9386=DIRECTION('center_axis',(0.,-1.,0.));
#9387=DIRECTION('ref_axis',(-0.994702817117174,0.,-0.102792536787247));
#9388=DIRECTION('',(0.,1.,0.));
#9389=DIRECTION('center_axis',(0.,-1.,0.));
#9390=DIRECTION('ref_axis',(-0.994702817117174,0.,-0.102792536787247));
#9391=DIRECTION('center_axis',(0.,1.,0.));
#9392=DIRECTION('ref_axis',(0.812199312404894,0.,-0.583380045021268));
#9393=DIRECTION('',(0.,1.,0.));
#9394=DIRECTION('',(0.,1.,0.));
#9395=DIRECTION('center_axis',(0.,-1.,0.));
#9396=DIRECTION('ref_axis',(0.812199312404894,0.,-0.583380045021268));
#9397=DIRECTION('center_axis',(0.,1.,0.));
#9398=DIRECTION('ref_axis',(0.0279614030417526,0.,0.999609003530849));
#9399=DIRECTION('center_axis',(0.,-1.,0.));
#9400=DIRECTION('ref_axis',(0.0279614030417526,0.,0.999609003530849));
#9401=DIRECTION('',(0.,1.,0.));
#9402=DIRECTION('center_axis',(0.812199312404903,0.,-0.583380045021257));
#9403=DIRECTION('ref_axis',(-0.583380045021257,0.,-0.812199312404903));
#9404=DIRECTION('',(0.,1.,0.));
#9405=DIRECTION('',(0.583380045021257,0.,0.812199312404903));
#9406=DIRECTION('center_axis',(0.,-1.,0.));
#9407=DIRECTION('ref_axis',(-0.998928117499008,0.,0.0462884010297223));
#9408=DIRECTION('center_axis',(0.,1.,0.));
#9409=DIRECTION('ref_axis',(-0.998928117499008,0.,0.0462884010297223));
#9410=DIRECTION('',(0.,-1.,0.));
#9411=DIRECTION('center_axis',(0.0279614030417666,0.,0.999609003530849));
#9412=DIRECTION('ref_axis',(0.999609003530849,0.,-0.0279614030417666));
#9413=DIRECTION('',(0.,-1.,0.));
#9414=DIRECTION('',(-0.999609003530849,0.,0.0279614030417666));
#9415=DIRECTION('center_axis',(0.,1.,0.));
#9416=DIRECTION('ref_axis',(-0.568387119087944,0.,-0.822761255076409));
#9417=DIRECTION('center_axis',(0.,1.,0.));
#9418=DIRECTION('ref_axis',(-0.568387119087944,0.,-0.822761255076409));
#9419=DIRECTION('center_axis',(0.,-1.,0.));
#9420=DIRECTION('ref_axis',(-0.994702817117174,0.,-0.102792536787247));
#9421=DIRECTION('',(0.,1.,0.));
#9422=DIRECTION('center_axis',(0.,-1.,0.));
#9423=DIRECTION('ref_axis',(-0.994702817117174,0.,-0.102792536787247));
#9424=DIRECTION('center_axis',(0.,1.,0.));
#9425=DIRECTION('ref_axis',(0.886955931258378,0.,-0.461854063536939));
#9426=DIRECTION('',(0.,1.,0.));
#9427=DIRECTION('',(0.,1.,0.));
#9428=DIRECTION('center_axis',(0.,-1.,0.));
#9429=DIRECTION('ref_axis',(0.886955931258378,0.,-0.461854063536939));
#9430=DIRECTION('center_axis',(0.,1.,0.));
#9431=DIRECTION('ref_axis',(-0.114582397398211,0.,0.993413747743848));
#9432=DIRECTION('center_axis',(0.,-1.,0.));
#9433=DIRECTION('ref_axis',(-0.114582397398211,0.,0.993413747743848));
#9434=DIRECTION('',(0.,1.,0.));
#9435=DIRECTION('center_axis',(0.886955931258385,0.,-0.461854063536926));
#9436=DIRECTION('ref_axis',(-0.461854063536926,0.,-0.886955931258385));
#9437=DIRECTION('',(0.,1.,0.));
#9438=DIRECTION('',(0.461854063536926,0.,0.886955931258385));
#9439=DIRECTION('center_axis',(0.,-1.,0.));
#9440=DIRECTION('ref_axis',(-0.995347995904748,0.,-0.0963450416389058));
#9441=DIRECTION('center_axis',(0.,1.,0.));
#9442=DIRECTION('ref_axis',(-0.995347995904748,0.,-0.0963450416389058));
#9443=DIRECTION('',(0.,-1.,0.));
#9444=DIRECTION('center_axis',(-0.114582397398197,0.,0.99341374774385));
#9445=DIRECTION('ref_axis',(0.99341374774385,0.,0.114582397398197));
#9446=DIRECTION('',(0.,-1.,0.));
#9447=DIRECTION('',(-0.99341374774385,0.,-0.114582397398197));
#9448=DIRECTION('center_axis',(0.,1.,0.));
#9449=DIRECTION('ref_axis',(-0.445510622808449,0.,-0.895276652753119));
#9450=DIRECTION('center_axis',(0.,1.,0.));
#9451=DIRECTION('ref_axis',(-0.445510622808449,0.,-0.895276652753119));
#9452=DIRECTION('center_axis',(0.,-1.,0.));
#9453=DIRECTION('ref_axis',(-0.994702817117174,0.,-0.102792536787247));
#9454=DIRECTION('',(0.,1.,0.));
#9455=DIRECTION('center_axis',(0.,-1.,0.));
#9456=DIRECTION('ref_axis',(-0.994702817117174,0.,-0.102792536787247));
#9457=DIRECTION('center_axis',(0.,1.,0.));
#9458=DIRECTION('ref_axis',(0.943656685121133,0.,-0.330926065196134));
#9459=DIRECTION('',(0.,1.,0.));
#9460=DIRECTION('',(0.,1.,0.));
#9461=DIRECTION('center_axis',(0.,-1.,0.));
#9462=DIRECTION('ref_axis',(0.943656685121133,0.,-0.330926065196134));
#9463=DIRECTION('center_axis',(0.,1.,0.));
#9464=DIRECTION('ref_axis',(-0.254793630655495,0.,0.966995452821465));
#9465=DIRECTION('center_axis',(0.,-1.,0.));
#9466=DIRECTION('ref_axis',(-0.254793630655495,0.,0.966995452821465));
#9467=DIRECTION('',(0.,1.,0.));
#9468=DIRECTION('center_axis',(0.943656685121137,0.,-0.33092606519612));
#9469=DIRECTION('ref_axis',(-0.33092606519612,0.,-0.943656685121137));
#9470=DIRECTION('',(0.,1.,0.));
#9471=DIRECTION('',(0.33092606519612,0.,0.943656685121137));
#9472=DIRECTION('center_axis',(0.,-1.,0.));
#9473=DIRECTION('ref_axis',(-0.971505459460453,0.,-0.237017177095954));
#9474=DIRECTION('center_axis',(0.,1.,0.));
#9475=DIRECTION('ref_axis',(-0.971505459460453,0.,-0.237017177095954));
#9476=DIRECTION('',(0.,-1.,0.));
#9477=DIRECTION('center_axis',(-0.254793630655482,0.,0.966995452821469));
#9478=DIRECTION('ref_axis',(0.966995452821469,0.,0.254793630655482));
#9479=DIRECTION('',(0.,-1.,0.));
#9480=DIRECTION('',(-0.966995452821469,0.,-0.254793630655482));
#9481=DIRECTION('center_axis',(0.,1.,0.));
#9482=DIRECTION('ref_axis',(-0.313564814995138,0.,-0.949566799544437));
#9483=DIRECTION('center_axis',(0.,1.,0.));
#9484=DIRECTION('ref_axis',(-0.313564814995138,0.,-0.949566799544437));
#9485=DIRECTION('center_axis',(0.,-1.,0.));
#9486=DIRECTION('ref_axis',(-0.994702817117174,0.,-0.102792536787247));
#9487=DIRECTION('',(0.,1.,0.));
#9488=DIRECTION('center_axis',(0.,-1.,0.));
#9489=DIRECTION('ref_axis',(-0.994702817117174,0.,-0.102792536787247));
#9490=DIRECTION('center_axis',(0.,1.,0.));
#9491=DIRECTION('ref_axis',(0.981147310155983,0.,-0.193261366479902));
#9492=DIRECTION('',(0.,1.,0.));
#9493=DIRECTION('',(0.,1.,0.));
#9494=DIRECTION('center_axis',(0.,-1.,0.));
#9495=DIRECTION('ref_axis',(0.981147310155983,0.,-0.193261366479902));
#9496=DIRECTION('center_axis',(0.,1.,0.));
#9497=DIRECTION('ref_axis',(-0.389818000356789,0.,0.920891919064248));
#9498=DIRECTION('center_axis',(0.,-1.,0.));
#9499=DIRECTION('ref_axis',(-0.389818000356789,0.,0.920891919064248));
#9500=DIRECTION('',(0.,1.,0.));
#9501=DIRECTION('center_axis',(0.981147310155986,0.,-0.193261366479889));
#9502=DIRECTION('ref_axis',(-0.193261366479889,0.,-0.981147310155986));
#9503=DIRECTION('',(0.,1.,0.));
#9504=DIRECTION('',(0.193261366479889,0.,0.981147310155986));
#9505=DIRECTION('center_axis',(0.,-1.,0.));
#9506=DIRECTION('ref_axis',(-0.927885873451957,0.,-0.372864326328357));
#9507=DIRECTION('center_axis',(0.,1.,0.));
#9508=DIRECTION('ref_axis',(-0.927885873451957,0.,-0.372864326328357));
#9509=DIRECTION('',(0.,-1.,0.));
#9510=DIRECTION('center_axis',(-0.389818000356776,0.,0.920891919064254));
#9511=DIRECTION('ref_axis',(0.920891919064254,0.,0.389818000356776));
#9512=DIRECTION('',(0.,-1.,0.));
#9513=DIRECTION('',(-0.920891919064254,0.,-0.389818000356776));
#9514=DIRECTION('center_axis',(0.,1.,0.));
#9515=DIRECTION('ref_axis',(-0.175235731794778,0.,-0.984526504621561));
#9516=DIRECTION('center_axis',(0.,1.,0.));
#9517=DIRECTION('ref_axis',(-0.175235731794778,0.,-0.984526504621561));
#9518=DIRECTION('center_axis',(0.,-1.,0.));
#9519=DIRECTION('ref_axis',(-0.994702817117174,0.,-0.102792536787247));
#9520=DIRECTION('',(0.,1.,0.));
#9521=DIRECTION('center_axis',(0.,-1.,0.));
#9522=DIRECTION('ref_axis',(-0.994702817117174,0.,-0.102792536787247));
#9523=DIRECTION('center_axis',(0.,1.,0.));
#9524=DIRECTION('ref_axis',(0.998664605351255,0.,-0.051662423661899));
#9525=DIRECTION('',(0.,1.,0.));
#9526=DIRECTION('',(0.,1.,0.));
#9527=DIRECTION('center_axis',(0.,-1.,0.));
#9528=DIRECTION('ref_axis',(0.998664605351255,0.,-0.051662423661899));
#9529=DIRECTION('center_axis',(0.,1.,0.));
#9530=DIRECTION('ref_axis',(-0.516906799713102,0.,0.856041681467882));
#9531=DIRECTION('center_axis',(0.,-1.,0.));
#9532=DIRECTION('ref_axis',(-0.516906799713102,0.,0.856041681467882));
#9533=DIRECTION('',(0.,1.,0.));
#9534=DIRECTION('center_axis',(0.998664605351256,0.,-0.0516624236618849));
#9535=DIRECTION('ref_axis',(-0.0516624236618849,0.,-0.998664605351256));
#9536=DIRECTION('',(0.,1.,0.));
#9537=DIRECTION('',(0.0516624236618849,0.,0.998664605351256));
#9538=DIRECTION('center_axis',(0.,-1.,0.));
#9539=DIRECTION('ref_axis',(-0.865377206861846,0.,-0.501121033128714));
#9540=DIRECTION('center_axis',(0.,1.,0.));
#9541=DIRECTION('ref_axis',(-0.865377206861846,0.,-0.501121033128714));
#9542=DIRECTION('',(0.,-1.,0.));
#9543=DIRECTION('center_axis',(-0.516906799713091,0.,0.856041681467889));
#9544=DIRECTION('ref_axis',(0.856041681467889,0.,0.516906799713091));
#9545=DIRECTION('',(0.,-1.,0.));
#9546=DIRECTION('',(-0.856041681467889,0.,-0.516906799713091));
#9547=DIRECTION('center_axis',(0.,1.,0.));
#9548=DIRECTION('ref_axis',(-0.0333393544331523,0.,-0.999444089204584));
#9549=DIRECTION('center_axis',(0.,1.,0.));
#9550=DIRECTION('ref_axis',(-0.0333393544331523,0.,-0.999444089204584));
#9551=DIRECTION('center_axis',(0.,-1.,0.));
#9552=DIRECTION('ref_axis',(-0.994702817117174,0.,-0.102792536787247));
#9553=DIRECTION('',(0.,1.,0.));
#9554=DIRECTION('center_axis',(0.,-1.,0.));
#9555=DIRECTION('ref_axis',(-0.994702817117174,0.,-0.102792536787247));
#9556=DIRECTION('center_axis',(0.,1.,0.));
#9557=DIRECTION('ref_axis',(0.995851969092481,0.,0.0909882171197339));
#9558=DIRECTION('',(0.,1.,0.));
#9559=DIRECTION('',(0.,1.,0.));
#9560=DIRECTION('center_axis',(0.,-1.,0.));
#9561=DIRECTION('ref_axis',(0.995851969092481,0.,0.0909882171197339));
#9562=DIRECTION('center_axis',(0.,1.,0.));
#9563=DIRECTION('ref_axis',(-0.633472867263375,0.,0.773764903857185));
#9564=DIRECTION('center_axis',(0.,-1.,0.));
#9565=DIRECTION('ref_axis',(-0.633472867263375,0.,0.773764903857185));
#9566=DIRECTION('',(0.,1.,0.));
#9567=DIRECTION('center_axis',(0.99585196909248,0.,0.0909882171197481));
#9568=DIRECTION('ref_axis',(0.0909882171197481,0.,-0.99585196909248));
#9569=DIRECTION('',(0.,1.,0.));
#9570=DIRECTION('',(-0.0909882171197481,0.,0.99585196909248));
#9571=DIRECTION('center_axis',(0.,-1.,0.));
#9572=DIRECTION('ref_axis',(-0.785251955881806,0.,-0.619176360808291));
#9573=DIRECTION('center_axis',(0.,1.,0.));
#9574=DIRECTION('ref_axis',(-0.785251955881806,0.,-0.619176360808291));
#9575=DIRECTION('',(0.,-1.,0.));
#9576=DIRECTION('center_axis',(-0.633472867263364,0.,0.773764903857194));
#9577=DIRECTION('ref_axis',(0.773764903857194,0.,0.633472867263364));
#9578=DIRECTION('',(0.,-1.,0.));
#9579=DIRECTION('',(-0.773764903857194,0.,-0.633472867263364));
#9580=DIRECTION('center_axis',(0.,1.,0.));
#9581=DIRECTION('ref_axis',(0.109235716041921,0.,-0.994015874290149));
#9582=DIRECTION('center_axis',(0.,1.,0.));
#9583=DIRECTION('ref_axis',(0.109235716041921,0.,-0.994015874290149));
#9584=DIRECTION('center_axis',(0.,-1.,0.));
#9585=DIRECTION('ref_axis',(-0.994702817117174,0.,-0.102792536787247));
#9586=DIRECTION('',(0.,1.,0.));
#9587=DIRECTION('center_axis',(0.,-1.,0.));
#9588=DIRECTION('ref_axis',(-0.994702817117174,0.,-0.102792536787247));
#9589=DIRECTION('center_axis',(0.,1.,0.));
#9590=DIRECTION('ref_axis',(0.972766658542916,0.,0.231786600189159));
#9591=DIRECTION('',(0.,1.,0.));
#9592=DIRECTION('',(0.,1.,0.));
#9593=DIRECTION('center_axis',(0.,-1.,0.));
#9594=DIRECTION('ref_axis',(0.972766658542916,0.,0.231786600189159));
#9595=DIRECTION('center_axis',(0.,1.,0.));
#9596=DIRECTION('ref_axis',(-0.737143254021061,0.,0.675736504157679));
#9597=DIRECTION('center_axis',(0.,-1.,0.));
#9598=DIRECTION('ref_axis',(-0.737143254021061,0.,0.675736504157679));
#9599=DIRECTION('',(0.,1.,0.));
#9600=DIRECTION('center_axis',(0.972766658542913,0.,0.231786600189173));
#9601=DIRECTION('ref_axis',(0.231786600189173,0.,-0.972766658542913));
#9602=DIRECTION('',(0.,1.,0.));
#9603=DIRECTION('',(-0.231786600189173,0.,0.972766658542913));
#9604=DIRECTION('center_axis',(0.,-1.,0.));
#9605=DIRECTION('ref_axis',(-0.689141239559723,0.,-0.724627043338908));
#9606=DIRECTION('center_axis',(0.,1.,0.));
#9607=DIRECTION('ref_axis',(-0.689141239559723,0.,-0.724627043338908));
#9608=DIRECTION('',(0.,-1.,0.));
#9609=DIRECTION('center_axis',(-0.737143254021052,0.,0.675736504157689));
#9610=DIRECTION('ref_axis',(0.675736504157689,0.,0.737143254021052));
#9611=DIRECTION('',(0.,-1.,0.));
#9612=DIRECTION('',(-0.675736504157689,0.,-0.737143254021052));
#9613=DIRECTION('center_axis',(0.,1.,0.));
#9614=DIRECTION('ref_axis',(0.249587062348188,0.,-0.968352362680239));
#9615=DIRECTION('center_axis',(0.,1.,0.));
#9616=DIRECTION('ref_axis',(0.249587062348188,0.,-0.968352362680239));
#9617=DIRECTION('center_axis',(0.,-1.,0.));
#9618=DIRECTION('ref_axis',(-0.994702817117174,0.,-0.102792536787247));
#9619=DIRECTION('',(0.,1.,0.));
#9620=DIRECTION('center_axis',(0.,-1.,0.));
#9621=DIRECTION('ref_axis',(-0.994702817117174,0.,-0.102792536787247));
#9622=DIRECTION('center_axis',(0.,1.,0.));
#9623=DIRECTION('ref_axis',(0.929878624052812,0.,0.367866476496092));
#9624=DIRECTION('',(0.,1.,0.));
#9625=DIRECTION('',(0.,1.,0.));
#9626=DIRECTION('center_axis',(0.,-1.,0.));
#9627=DIRECTION('ref_axis',(0.929878624052812,0.,0.367866476496092));
#9628=DIRECTION('center_axis',(0.,1.,0.));
#9629=DIRECTION('ref_axis',(-0.825807529872485,0.,0.563952057896684));
#9630=DIRECTION('center_axis',(0.,-1.,0.));
#9631=DIRECTION('ref_axis',(-0.825807529872485,0.,0.563952057896684));
#9632=DIRECTION('',(0.,1.,0.));
#9633=DIRECTION('center_axis',(0.929878624052807,0.,0.367866476496105));
#9634=DIRECTION('ref_axis',(0.367866476496105,0.,-0.929878624052807));
#9635=DIRECTION('',(0.,1.,0.));
#9636=DIRECTION('',(-0.367866476496105,0.,0.929878624052807));
#9637=DIRECTION('center_axis',(0.,-1.,0.));
#9638=DIRECTION('ref_axis',(-0.57900159491937,0.,-0.815326408919045));
#9639=DIRECTION('center_axis',(0.,1.,0.));
#9640=DIRECTION('ref_axis',(-0.57900159491937,0.,-0.815326408919045));
#9641=DIRECTION('',(0.,-1.,0.));
#9642=DIRECTION('center_axis',(-0.825807529872477,0.,0.563952057896696));
#9643=DIRECTION('ref_axis',(0.563952057896696,0.,0.825807529872477));
#9644=DIRECTION('',(0.,-1.,0.));
#9645=DIRECTION('',(-0.563952057896696,0.,-0.825807529872477));
#9646=DIRECTION('center_axis',(0.,1.,0.));
#9647=DIRECTION('ref_axis',(0.384857535814694,0.,-0.922975989463779));
#9648=DIRECTION('center_axis',(0.,1.,0.));
#9649=DIRECTION('ref_axis',(0.384857535814694,0.,-0.922975989463779));
#9650=DIRECTION('center_axis',(0.,-1.,0.));
#9651=DIRECTION('ref_axis',(-0.994702817117174,0.,-0.102792536787247));
#9652=DIRECTION('',(0.,1.,0.));
#9653=DIRECTION('center_axis',(0.,-1.,0.));
#9654=DIRECTION('ref_axis',(-0.994702817117174,0.,-0.102792536787247));
#9655=DIRECTION('center_axis',(0.,1.,0.));
#9656=DIRECTION('ref_axis',(0.868060942325507,0.,0.496457652180881));
#9657=DIRECTION('',(0.,1.,0.));
#9658=DIRECTION('',(0.,1.,0.));
#9659=DIRECTION('center_axis',(0.,-1.,0.));
#9660=DIRECTION('ref_axis',(0.868060942325507,0.,0.496457652180881));
#9661=DIRECTION('center_axis',(0.,1.,0.));
#9662=DIRECTION('ref_axis',(-0.897660745847967,0.,0.440687174040352));
#9663=DIRECTION('center_axis',(0.,-1.,0.));
#9664=DIRECTION('ref_axis',(-0.897660745847967,0.,0.440687174040352));
#9665=DIRECTION('',(0.,1.,0.));
#9666=DIRECTION('center_axis',(0.8680609423255,0.,0.496457652180893));
#9667=DIRECTION('ref_axis',(0.496457652180893,0.,-0.8680609423255));
#9668=DIRECTION('',(0.,1.,0.));
#9669=DIRECTION('',(-0.496457652180893,0.,0.8680609423255));
#9670=DIRECTION('center_axis',(0.,-1.,0.));
#9671=DIRECTION('ref_axis',(-0.457075147509207,0.,-0.889428080020772));
#9672=DIRECTION('center_axis',(0.,1.,0.));
#9673=DIRECTION('ref_axis',(-0.457075147509207,0.,-0.889428080020772));
#9674=DIRECTION('',(0.,-1.,0.));
#9675=DIRECTION('center_axis',(-0.897660745847961,0.,0.440687174040364));
#9676=DIRECTION('ref_axis',(0.440687174040364,0.,0.897660745847961));
#9677=DIRECTION('',(0.,-1.,0.));
#9678=DIRECTION('',(-0.440687174040364,0.,-0.897660745847961));
#9679=DIRECTION('center_axis',(0.,1.,0.));
#9680=DIRECTION('ref_axis',(0.512293419689524,0.,-0.858810486744784));
#9681=DIRECTION('center_axis',(0.,1.,0.));
#9682=DIRECTION('ref_axis',(0.512293419689524,0.,-0.858810486744784));
#9683=DIRECTION('center_axis',(0.,-1.,0.));
#9684=DIRECTION('ref_axis',(-0.994702817117174,0.,-0.102792536787247));
#9685=DIRECTION('',(0.,1.,0.));
#9686=DIRECTION('center_axis',(0.,-1.,0.));
#9687=DIRECTION('ref_axis',(-0.994702817117174,0.,-0.102792536787247));
#9688=DIRECTION('center_axis',(0.,1.,0.));
#9689=DIRECTION('ref_axis',(0.788572043093498,0.,0.614942381732912));
#9690=DIRECTION('',(0.,1.,0.));
#9691=DIRECTION('',(0.,1.,0.));
#9692=DIRECTION('center_axis',(0.,-1.,0.));
#9693=DIRECTION('ref_axis',(0.788572043093498,0.,0.614942381732912));
#9694=DIRECTION('center_axis',(0.,1.,0.));
#9695=DIRECTION('ref_axis',(-0.951240177677812,0.,0.308451170157425));
#9696=DIRECTION('center_axis',(0.,-1.,0.));
#9697=DIRECTION('ref_axis',(-0.951240177677812,0.,0.308451170157425));
#9698=DIRECTION('',(0.,1.,0.));
#9699=DIRECTION('center_axis',(0.788572043093489,0.,0.614942381732923));
#9700=DIRECTION('ref_axis',(0.614942381732923,0.,-0.788572043093489));
#9701=DIRECTION('',(0.,1.,0.));
#9702=DIRECTION('',(-0.614942381732923,0.,0.788572043093489));
#9703=DIRECTION('center_axis',(0.,-1.,0.));
#9704=DIRECTION('ref_axis',(-0.325843968191649,0.,-0.945423560312054));
#9705=DIRECTION('center_axis',(0.,1.,0.));
#9706=DIRECTION('ref_axis',(-0.325843968191649,0.,-0.945423560312054));
#9707=DIRECTION('',(0.,-1.,0.));
#9708=DIRECTION('center_axis',(-0.951240177677808,0.,0.308451170157438));
#9709=DIRECTION('ref_axis',(0.308451170157438,0.,0.951240177677808));
#9710=DIRECTION('',(0.,-1.,0.));
#9711=DIRECTION('',(-0.308451170157438,0.,-0.951240177677808));
#9712=DIRECTION('center_axis',(0.,1.,0.));
#9713=DIRECTION('ref_axis',(0.629300486871671,0.,-0.777162079120615));
#9714=DIRECTION('center_axis',(0.,1.,0.));
#9715=DIRECTION('ref_axis',(0.629300486871671,0.,-0.777162079120615));
#9716=DIRECTION('center_axis',(0.,-1.,0.));
#9717=DIRECTION('ref_axis',(-0.994702817117174,0.,-0.102792536787247));
#9718=DIRECTION('',(0.,1.,0.));
#9719=DIRECTION('center_axis',(0.,-1.,0.));
#9720=DIRECTION('ref_axis',(-0.994702817117174,0.,-0.102792536787247));
#9721=DIRECTION('center_axis',(0.,1.,0.));
#9722=DIRECTION('ref_axis',(0.693030091118091,0.,0.720908657740251));
#9723=DIRECTION('',(0.,1.,0.));
#9724=DIRECTION('',(0.,1.,0.));
#9725=DIRECTION('center_axis',(0.,-1.,0.));
#9726=DIRECTION('ref_axis',(0.693030091118091,0.,0.720908657740251));
#9727=DIRECTION('center_axis',(0.,1.,0.));
#9728=DIRECTION('ref_axis',(-0.985455102640286,0.,0.169935989949814));
#9729=DIRECTION('center_axis',(0.,-1.,0.));
#9730=DIRECTION('ref_axis',(-0.985455102640286,0.,0.169935989949814));
#9731=DIRECTION('',(0.,1.,0.));
#9732=DIRECTION('center_axis',(0.693030091118081,0.,0.720908657740261));
#9733=DIRECTION('ref_axis',(0.720908657740261,0.,-0.693030091118081));
#9734=DIRECTION('',(0.,1.,0.));
#9735=DIRECTION('',(-0.720908657740261,0.,0.693030091118081));
#9736=DIRECTION('center_axis',(0.,-1.,0.));
#9737=DIRECTION('ref_axis',(-0.187979545338078,0.,-0.982172943291806));
#9738=DIRECTION('center_axis',(0.,1.,0.));
#9739=DIRECTION('ref_axis',(-0.187979545338078,0.,-0.982172943291806));
#9740=DIRECTION('',(0.,-1.,0.));
#9741=DIRECTION('center_axis',(-0.985455102640284,0.,0.169935989949828));
#9742=DIRECTION('ref_axis',(0.169935989949828,0.,0.985455102640284));
#9743=DIRECTION('',(0.,-1.,0.));
#9744=DIRECTION('',(-0.169935989949828,0.,-0.985455102640284));
#9745=DIRECTION('center_axis',(0.,1.,0.));
#9746=DIRECTION('ref_axis',(0.733496810893895,0.,-0.679692892715884));
#9747=DIRECTION('center_axis',(0.,1.,0.));
#9748=DIRECTION('ref_axis',(0.733496810893895,0.,-0.679692892715884));
#9749=DIRECTION('center_axis',(0.,-1.,0.));
#9750=DIRECTION('ref_axis',(-0.994702817117174,0.,-0.102792536787247));
#9751=DIRECTION('',(0.,1.,0.));
#9752=DIRECTION('center_axis',(0.,-1.,0.));
#9753=DIRECTION('ref_axis',(-0.994702817117174,0.,-0.102792536787247));
#9754=DIRECTION('center_axis',(0.,1.,0.));
#9755=DIRECTION('ref_axis',(0.583380045021268,0.,0.812199312404895));
#9756=DIRECTION('',(0.,1.,0.));
#9757=DIRECTION('',(0.,1.,0.));
#9758=DIRECTION('center_axis',(0.,-1.,0.));
#9759=DIRECTION('ref_axis',(0.583380045021268,0.,0.812199312404895));
#9760=DIRECTION('center_axis',(0.,1.,0.));
#9761=DIRECTION('ref_axis',(-0.999609003530849,0.,0.0279614030417524));
#9762=DIRECTION('center_axis',(0.,-1.,0.));
#9763=DIRECTION('ref_axis',(-0.999609003530849,0.,0.0279614030417524));
#9764=DIRECTION('',(0.,1.,0.));
#9765=DIRECTION('center_axis',(0.583380045021256,0.,0.812199312404903));
#9766=DIRECTION('ref_axis',(0.812199312404903,0.,-0.583380045021256));
#9767=DIRECTION('',(0.,1.,0.));
#9768=DIRECTION('',(-0.812199312404903,0.,0.583380045021256));
#9769=DIRECTION('center_axis',(0.,-1.,0.));
#9770=DIRECTION('ref_axis',(-0.0462884010296954,0.,-0.998928117499009));
#9771=DIRECTION('center_axis',(0.,1.,0.));
#9772=DIRECTION('ref_axis',(-0.0462884010296954,0.,-0.998928117499009));
#9773=DIRECTION('',(0.,-1.,0.));
#9774=DIRECTION('center_axis',(-0.999609003530849,0.,0.0279614030417664));
#9775=DIRECTION('ref_axis',(0.0279614030417664,0.,0.999609003530849));
#9776=DIRECTION('',(0.,-1.,0.));
#9777=DIRECTION('',(-0.0279614030417664,0.,-0.999609003530849));
#9778=DIRECTION('center_axis',(0.,1.,0.));
#9779=DIRECTION('ref_axis',(0.822761255076414,0.,-0.568387119087937));
#9780=DIRECTION('center_axis',(0.,1.,0.));
#9781=DIRECTION('ref_axis',(0.822761255076414,0.,-0.568387119087937));
#9782=DIRECTION('center_axis',(0.,-1.,0.));
#9783=DIRECTION('ref_axis',(-0.994702817117174,0.,-0.102792536787247));
#9784=DIRECTION('',(0.,1.,0.));
#9785=DIRECTION('center_axis',(0.,-1.,0.));
#9786=DIRECTION('ref_axis',(-0.994702817117174,0.,-0.102792536787247));
#9787=DIRECTION('center_axis',(0.,1.,0.));
#9788=DIRECTION('ref_axis',(0.461854063536939,0.,0.886955931258378));
#9789=DIRECTION('',(0.,1.,0.));
#9790=DIRECTION('',(0.,1.,0.));
#9791=DIRECTION('center_axis',(0.,-1.,0.));
#9792=DIRECTION('ref_axis',(0.461854063536939,0.,0.886955931258378));
#9793=DIRECTION('center_axis',(0.,1.,0.));
#9794=DIRECTION('ref_axis',(-0.993413747743848,0.,-0.114582397398211));
#9795=DIRECTION('center_axis',(0.,-1.,0.));
#9796=DIRECTION('ref_axis',(-0.993413747743848,0.,-0.114582397398211));
#9797=DIRECTION('',(0.,1.,0.));
#9798=DIRECTION('center_axis',(0.461854063536926,0.,0.886955931258385));
#9799=DIRECTION('ref_axis',(0.886955931258385,0.,-0.461854063536926));
#9800=DIRECTION('',(0.,1.,0.));
#9801=DIRECTION('',(-0.886955931258385,0.,0.461854063536926));
#9802=DIRECTION('center_axis',(0.,-1.,0.));
#9803=DIRECTION('ref_axis',(0.0963450416389468,0.,-0.995347995904744));
#9804=DIRECTION('center_axis',(0.,1.,0.));
#9805=DIRECTION('ref_axis',(0.0963450416389468,0.,-0.995347995904744));
#9806=DIRECTION('',(0.,-1.,0.));
#9807=DIRECTION('center_axis',(-0.99341374774385,0.,-0.114582397398197));
#9808=DIRECTION('ref_axis',(-0.114582397398197,0.,0.99341374774385));
#9809=DIRECTION('',(0.,-1.,0.));
#9810=DIRECTION('',(0.114582397398197,0.,-0.99341374774385));
#9811=DIRECTION('center_axis',(0.,1.,0.));
#9812=DIRECTION('ref_axis',(0.89527665275309,0.,-0.445510622808506));
#9813=DIRECTION('center_axis',(0.,1.,0.));
#9814=DIRECTION('ref_axis',(0.89527665275309,0.,-0.445510622808506));
#9815=DIRECTION('center_axis',(0.,-1.,0.));
#9816=DIRECTION('ref_axis',(-0.994702817117174,0.,-0.102792536787247));
#9817=DIRECTION('',(0.,1.,0.));
#9818=DIRECTION('center_axis',(0.,-1.,0.));
#9819=DIRECTION('ref_axis',(-0.994702817117174,0.,-0.102792536787247));
#9820=DIRECTION('center_axis',(0.,1.,0.));
#9821=DIRECTION('ref_axis',(0.330926065196134,0.,0.943656685121132));
#9822=DIRECTION('',(0.,1.,0.));
#9823=DIRECTION('',(0.,1.,0.));
#9824=DIRECTION('center_axis',(0.,-1.,0.));
#9825=DIRECTION('ref_axis',(0.330926065196134,0.,0.943656685121132));
#9826=DIRECTION('center_axis',(0.,1.,0.));
#9827=DIRECTION('ref_axis',(-0.966995452821465,0.,-0.254793630655495));
#9828=DIRECTION('center_axis',(0.,-1.,0.));
#9829=DIRECTION('ref_axis',(-0.966995452821465,0.,-0.254793630655495));
#9830=DIRECTION('',(0.,1.,0.));
#9831=DIRECTION('center_axis',(0.330926065196121,0.,0.943656685121137));
#9832=DIRECTION('ref_axis',(0.943656685121137,0.,-0.33092606519612));
#9833=DIRECTION('',(0.,1.,0.));
#9834=DIRECTION('',(-0.943656685121137,0.,0.330926065196121));
#9835=DIRECTION('center_axis',(0.,-1.,0.));
#9836=DIRECTION('ref_axis',(0.237017177095951,0.,-0.971505459460453));
#9837=DIRECTION('center_axis',(0.,1.,0.));
#9838=DIRECTION('ref_axis',(0.237017177095951,0.,-0.971505459460453));
#9839=DIRECTION('',(0.,-1.,0.));
#9840=DIRECTION('center_axis',(-0.966995452821469,0.,-0.254793630655482));
#9841=DIRECTION('ref_axis',(-0.254793630655482,0.,0.966995452821469));
#9842=DIRECTION('',(0.,-1.,0.));
#9843=DIRECTION('',(0.254793630655482,0.,-0.966995452821469));
#9844=DIRECTION('center_axis',(0.,1.,0.));
#9845=DIRECTION('ref_axis',(0.949566799544434,0.,-0.313564814995147));
#9846=DIRECTION('center_axis',(0.,1.,0.));
#9847=DIRECTION('ref_axis',(0.949566799544434,0.,-0.313564814995147));
#9848=DIRECTION('center_axis',(0.,-1.,0.));
#9849=DIRECTION('ref_axis',(-0.994702817117174,0.,-0.102792536787247));
#9850=DIRECTION('',(0.,1.,0.));
#9851=DIRECTION('center_axis',(0.,-1.,0.));
#9852=DIRECTION('ref_axis',(-0.994702817117174,0.,-0.102792536787247));
#9853=DIRECTION('center_axis',(0.,1.,0.));
#9854=DIRECTION('ref_axis',(0.193261366479902,0.,0.981147310155983));
#9855=DIRECTION('',(0.,1.,0.));
#9856=DIRECTION('',(0.,1.,0.));
#9857=DIRECTION('center_axis',(0.,-1.,0.));
#9858=DIRECTION('ref_axis',(0.193261366479902,0.,0.981147310155983));
#9859=DIRECTION('center_axis',(0.,1.,0.));
#9860=DIRECTION('ref_axis',(-0.920891919064248,0.,-0.389818000356789));
#9861=DIRECTION('center_axis',(0.,-1.,0.));
#9862=DIRECTION('ref_axis',(-0.920891919064248,0.,-0.389818000356789));
#9863=DIRECTION('',(0.,1.,0.));
#9864=DIRECTION('center_axis',(0.193261366479889,0.,0.981147310155986));
#9865=DIRECTION('ref_axis',(0.981147310155986,0.,-0.193261366479889));
#9866=DIRECTION('',(0.,1.,0.));
#9867=DIRECTION('',(-0.981147310155986,0.,0.193261366479889));
#9868=DIRECTION('center_axis',(0.,-1.,0.));
#9869=DIRECTION('ref_axis',(0.372864326328393,0.,-0.927885873451942));
#9870=DIRECTION('center_axis',(0.,1.,0.));
#9871=DIRECTION('ref_axis',(0.372864326328393,0.,-0.927885873451942));
#9872=DIRECTION('',(0.,-1.,0.));
#9873=DIRECTION('center_axis',(-0.920891919064254,0.,-0.389818000356776));
#9874=DIRECTION('ref_axis',(-0.389818000356776,0.,0.920891919064254));
#9875=DIRECTION('',(0.,-1.,0.));
#9876=DIRECTION('',(0.389818000356776,0.,-0.920891919064254));
#9877=DIRECTION('center_axis',(0.,1.,0.));
#9878=DIRECTION('ref_axis',(0.984526504621562,0.,-0.175235731794774));
#9879=DIRECTION('center_axis',(0.,1.,0.));
#9880=DIRECTION('ref_axis',(0.984526504621562,0.,-0.175235731794774));
#9881=DIRECTION('center_axis',(0.,-1.,0.));
#9882=DIRECTION('ref_axis',(-0.994702817117174,0.,-0.102792536787247));
#9883=DIRECTION('',(0.,1.,0.));
#9884=DIRECTION('center_axis',(0.,-1.,0.));
#9885=DIRECTION('ref_axis',(-0.994702817117174,0.,-0.102792536787247));
#9886=DIRECTION('center_axis',(0.,1.,0.));
#9887=DIRECTION('ref_axis',(0.0516624236618986,0.,0.998664605351255));
#9888=DIRECTION('',(0.,1.,0.));
#9889=DIRECTION('',(0.,1.,0.));
#9890=DIRECTION('center_axis',(0.,-1.,0.));
#9891=DIRECTION('ref_axis',(0.0516624236618986,0.,0.998664605351255));
#9892=DIRECTION('center_axis',(0.,1.,0.));
#9893=DIRECTION('ref_axis',(-0.856041681467882,0.,-0.516906799713103));
#9894=DIRECTION('center_axis',(0.,-1.,0.));
#9895=DIRECTION('ref_axis',(-0.856041681467882,0.,-0.516906799713103));
#9896=DIRECTION('',(0.,1.,0.));
#9897=DIRECTION('center_axis',(0.0516624236618844,0.,0.998664605351256));
#9898=DIRECTION('ref_axis',(0.998664605351256,0.,-0.0516624236618844));
#9899=DIRECTION('',(0.,1.,0.));
#9900=DIRECTION('',(-0.998664605351256,0.,0.0516624236618844));
#9901=DIRECTION('center_axis',(0.,-1.,0.));
#9902=DIRECTION('ref_axis',(0.501121033128714,0.,-0.865377206861846));
#9903=DIRECTION('center_axis',(0.,1.,0.));
#9904=DIRECTION('ref_axis',(0.501121033128714,0.,-0.865377206861846));
#9905=DIRECTION('',(0.,-1.,0.));
#9906=DIRECTION('center_axis',(-0.856041681467889,0.,-0.516906799713091));
#9907=DIRECTION('ref_axis',(-0.516906799713091,0.,0.856041681467889));
#9908=DIRECTION('',(0.,-1.,0.));
#9909=DIRECTION('',(0.516906799713091,0.,-0.856041681467889));
#9910=DIRECTION('center_axis',(0.,1.,0.));
#9911=DIRECTION('ref_axis',(0.999444089204583,0.,-0.0333393544331839));
#9912=DIRECTION('center_axis',(0.,1.,0.));
#9913=DIRECTION('ref_axis',(0.999444089204583,0.,-0.0333393544331839));
#9914=DIRECTION('center_axis',(0.,-1.,0.));
#9915=DIRECTION('ref_axis',(-0.994702817117174,0.,-0.102792536787247));
#9916=DIRECTION('',(0.,1.,0.));
#9917=DIRECTION('center_axis',(0.,-1.,0.));
#9918=DIRECTION('ref_axis',(-0.994702817117174,0.,-0.102792536787247));
#9919=DIRECTION('center_axis',(0.,1.,0.));
#9920=DIRECTION('ref_axis',(-0.0909882171197339,0.,0.995851969092481));
#9921=DIRECTION('',(0.,1.,0.));
#9922=DIRECTION('',(0.,1.,0.));
#9923=DIRECTION('center_axis',(0.,-1.,0.));
#9924=DIRECTION('ref_axis',(-0.0909882171197339,0.,0.995851969092481));
#9925=DIRECTION('center_axis',(0.,1.,0.));
#9926=DIRECTION('ref_axis',(-0.773764903857185,0.,-0.633472867263374));
#9927=DIRECTION('center_axis',(0.,-1.,0.));
#9928=DIRECTION('ref_axis',(-0.773764903857185,0.,-0.633472867263374));
#9929=DIRECTION('',(0.,1.,0.));
#9930=DIRECTION('center_axis',(-0.090988217119748,0.,0.99585196909248));
#9931=DIRECTION('ref_axis',(0.99585196909248,0.,0.090988217119748));
#9932=DIRECTION('',(0.,1.,0.));
#9933=DIRECTION('',(-0.99585196909248,0.,-0.090988217119748));
#9934=DIRECTION('center_axis',(0.,-1.,0.));
#9935=DIRECTION('ref_axis',(0.619176360808267,0.,-0.785251955881825));
#9936=DIRECTION('center_axis',(0.,1.,0.));
#9937=DIRECTION('ref_axis',(0.619176360808267,0.,-0.785251955881825));
#9938=DIRECTION('',(0.,-1.,0.));
#9939=DIRECTION('center_axis',(-0.773764903857194,0.,-0.633472867263364));
#9940=DIRECTION('ref_axis',(-0.633472867263364,0.,0.773764903857194));
#9941=DIRECTION('',(0.,-1.,0.));
#9942=DIRECTION('',(0.633472867263364,0.,-0.773764903857194));
#9943=DIRECTION('center_axis',(0.,1.,0.));
#9944=DIRECTION('ref_axis',(0.994015874290152,0.,0.109235716041895));
#9945=DIRECTION('center_axis',(0.,1.,0.));
#9946=DIRECTION('ref_axis',(0.994015874290152,0.,0.109235716041895));
#9947=DIRECTION('center_axis',(0.,-1.,0.));
#9948=DIRECTION('ref_axis',(-0.994702817117174,0.,-0.102792536787247));
#9949=DIRECTION('',(0.,1.,0.));
#9950=DIRECTION('center_axis',(0.,-1.,0.));
#9951=DIRECTION('ref_axis',(-0.994702817117174,0.,-0.102792536787247));
#9952=DIRECTION('center_axis',(0.,1.,0.));
#9953=DIRECTION('ref_axis',(-0.231786600189159,0.,0.972766658542916));
#9954=DIRECTION('',(0.,1.,0.));
#9955=DIRECTION('',(0.,1.,0.));
#9956=DIRECTION('center_axis',(0.,-1.,0.));
#9957=DIRECTION('ref_axis',(-0.231786600189159,0.,0.972766658542916));
#9958=DIRECTION('center_axis',(0.,1.,0.));
#9959=DIRECTION('ref_axis',(-0.675736504157679,0.,-0.737143254021061));
#9960=DIRECTION('center_axis',(0.,-1.,0.));
#9961=DIRECTION('ref_axis',(-0.675736504157679,0.,-0.737143254021061));
#9962=DIRECTION('',(0.,1.,0.));
#9963=DIRECTION('center_axis',(-0.231786600189173,0.,0.972766658542913));
#9964=DIRECTION('ref_axis',(0.972766658542913,0.,0.231786600189173));
#9965=DIRECTION('',(0.,1.,0.));
#9966=DIRECTION('',(-0.972766658542913,0.,-0.231786600189173));
#9967=DIRECTION('center_axis',(0.,-1.,0.));
#9968=DIRECTION('ref_axis',(0.724627043338921,0.,-0.68914123955971));
#9969=DIRECTION('center_axis',(0.,1.,0.));
#9970=DIRECTION('ref_axis',(0.724627043338921,0.,-0.68914123955971));
#9971=DIRECTION('',(0.,-1.,0.));
#9972=DIRECTION('center_axis',(-0.675736504157689,0.,-0.737143254021052));
#9973=DIRECTION('ref_axis',(-0.737143254021052,0.,0.675736504157689));
#9974=DIRECTION('',(0.,-1.,0.));
#9975=DIRECTION('',(0.737143254021052,0.,-0.675736504157689));
#9976=DIRECTION('center_axis',(0.,1.,0.));
#9977=DIRECTION('ref_axis',(0.968352362680245,0.,0.249587062348166));
#9978=DIRECTION('center_axis',(0.,1.,0.));
#9979=DIRECTION('ref_axis',(0.968352362680245,0.,0.249587062348166));
#9980=DIRECTION('center_axis',(0.,-1.,0.));
#9981=DIRECTION('ref_axis',(-0.994702817117174,0.,-0.102792536787247));
#9982=DIRECTION('',(0.,1.,0.));
#9983=DIRECTION('center_axis',(0.,-1.,0.));
#9984=DIRECTION('ref_axis',(-0.994702817117174,0.,-0.102792536787247));
#9985=DIRECTION('center_axis',(0.,1.,0.));
#9986=DIRECTION('ref_axis',(-0.367866476496092,0.,0.929878624052812));
#9987=DIRECTION('',(0.,1.,0.));
#9988=DIRECTION('',(0.,1.,0.));
#9989=DIRECTION('center_axis',(0.,-1.,0.));
#9990=DIRECTION('ref_axis',(-0.367866476496092,0.,0.929878624052812));
#9991=DIRECTION('center_axis',(0.,1.,0.));
#9992=DIRECTION('ref_axis',(-0.563952057896684,0.,-0.825807529872485));
#9993=DIRECTION('center_axis',(0.,-1.,0.));
#9994=DIRECTION('ref_axis',(-0.563952057896684,0.,-0.825807529872485));
#9995=DIRECTION('',(0.,1.,0.));
#9996=DIRECTION('center_axis',(-0.367866476496105,0.,0.929878624052806));
#9997=DIRECTION('ref_axis',(0.929878624052807,0.,0.367866476496105));
#9998=DIRECTION('',(0.,1.,0.));
#9999=DIRECTION('',(-0.929878624052807,0.,-0.367866476496105));
#10000=DIRECTION('center_axis',(0.,-1.,0.));
#10001=DIRECTION('ref_axis',(0.815326408919039,0.,-0.579001594919379));
#10002=DIRECTION('center_axis',(0.,1.,0.));
#10003=DIRECTION('ref_axis',(0.815326408919039,0.,-0.579001594919379));
#10004=DIRECTION('',(0.,-1.,0.));
#10005=DIRECTION('center_axis',(-0.563952057896696,0.,-0.825807529872477));
#10006=DIRECTION('ref_axis',(-0.825807529872477,0.,0.563952057896696));
#10007=DIRECTION('',(0.,-1.,0.));
#10008=DIRECTION('',(0.825807529872477,0.,-0.563952057896696));
#10009=DIRECTION('center_axis',(0.,1.,0.));
#10010=DIRECTION('ref_axis',(0.922975989463785,0.,0.384857535814679));
#10011=DIRECTION('center_axis',(0.,1.,0.));
#10012=DIRECTION('ref_axis',(0.922975989463785,0.,0.384857535814679));
#10013=DIRECTION('center_axis',(0.,-1.,0.));
#10014=DIRECTION('ref_axis',(-0.994702817117174,0.,-0.102792536787247));
#10015=DIRECTION('',(0.,1.,0.));
#10016=DIRECTION('center_axis',(0.,-1.,0.));
#10017=DIRECTION('ref_axis',(-0.994702817117174,0.,-0.102792536787247));
#10018=DIRECTION('center_axis',(0.,1.,0.));
#10019=DIRECTION('ref_axis',(-0.496457652180881,0.,0.868060942325507));
#10020=DIRECTION('',(0.,1.,0.));
#10021=DIRECTION('',(0.,1.,0.));
#10022=DIRECTION('center_axis',(0.,-1.,0.));
#10023=DIRECTION('ref_axis',(-0.496457652180881,0.,0.868060942325507));
#10024=DIRECTION('center_axis',(0.,1.,0.));
#10025=DIRECTION('ref_axis',(-0.440687174040352,0.,-0.897660745847967));
#10026=DIRECTION('center_axis',(0.,-1.,0.));
#10027=DIRECTION('ref_axis',(-0.440687174040352,0.,-0.897660745847967));
#10028=DIRECTION('',(0.,1.,0.));
#10029=DIRECTION('center_axis',(-0.496457652180893,0.,0.8680609423255));
#10030=DIRECTION('ref_axis',(0.8680609423255,0.,0.496457652180893));
#10031=DIRECTION('',(0.,1.,0.));
#10032=DIRECTION('',(-0.8680609423255,0.,-0.496457652180893));
#10033=DIRECTION('center_axis',(0.,-1.,0.));
#10034=DIRECTION('ref_axis',(0.889428080020762,0.,-0.457075147509227));
#10035=DIRECTION('center_axis',(0.,1.,0.));
#10036=DIRECTION('ref_axis',(0.889428080020762,0.,-0.457075147509227));
#10037=DIRECTION('',(0.,-1.,0.));
#10038=DIRECTION('center_axis',(-0.440687174040364,0.,-0.897660745847961));
#10039=DIRECTION('ref_axis',(-0.897660745847961,0.,0.440687174040364));
#10040=DIRECTION('',(0.,-1.,0.));
#10041=DIRECTION('',(0.897660745847961,0.,-0.440687174040364));
#10042=DIRECTION('center_axis',(0.,1.,0.));
#10043=DIRECTION('ref_axis',(0.858810486744796,0.,0.512293419689504));
#10044=DIRECTION('center_axis',(0.,1.,0.));
#10045=DIRECTION('ref_axis',(0.858810486744796,0.,0.512293419689504));
#10046=DIRECTION('center_axis',(0.,-1.,0.));
#10047=DIRECTION('ref_axis',(0.994702817117174,0.,0.102792536787247));
#10048=DIRECTION('',(0.,1.,0.));
#10049=DIRECTION('center_axis',(0.,-1.,0.));
#10050=DIRECTION('ref_axis',(-0.994702817117174,0.,-0.102792536787247));
#10051=DIRECTION('center_axis',(0.,1.,0.));
#10052=DIRECTION('ref_axis',(-0.614942381732912,0.,0.788572043093498));
#10053=DIRECTION('',(0.,1.,0.));
#10054=DIRECTION('',(0.,1.,0.));
#10055=DIRECTION('center_axis',(0.,-1.,0.));
#10056=DIRECTION('ref_axis',(-0.614942381732912,0.,0.788572043093498));
#10057=DIRECTION('center_axis',(0.,1.,0.));
#10058=DIRECTION('ref_axis',(-0.308451170157425,0.,-0.951240177677812));
#10059=DIRECTION('center_axis',(0.,-1.,0.));
#10060=DIRECTION('ref_axis',(-0.308451170157425,0.,-0.951240177677812));
#10061=DIRECTION('',(0.,1.,0.));
#10062=DIRECTION('center_axis',(-0.614942381732923,0.,0.788572043093489));
#10063=DIRECTION('ref_axis',(0.788572043093489,0.,0.614942381732923));
#10064=DIRECTION('',(0.,1.,0.));
#10065=DIRECTION('',(-0.788572043093489,0.,-0.614942381732923));
#10066=DIRECTION('center_axis',(0.,-1.,0.));
#10067=DIRECTION('ref_axis',(0.945423560312065,0.,-0.325843968191616));
#10068=DIRECTION('center_axis',(0.,1.,0.));
#10069=DIRECTION('ref_axis',(0.945423560312065,0.,-0.325843968191616));
#10070=DIRECTION('',(0.,-1.,0.));
#10071=DIRECTION('center_axis',(-0.308451170157438,0.,-0.951240177677808));
#10072=DIRECTION('ref_axis',(-0.951240177677808,0.,0.308451170157438));
#10073=DIRECTION('',(0.,-1.,0.));
#10074=DIRECTION('',(0.951240177677808,0.,-0.308451170157438));
#10075=DIRECTION('center_axis',(0.,1.,0.));
#10076=DIRECTION('ref_axis',(0.777162079120597,0.,0.629300486871694));
#10077=DIRECTION('center_axis',(0.,1.,0.));
#10078=DIRECTION('ref_axis',(0.777162079120597,0.,0.629300486871694));
#10079=DIRECTION('center_axis',(0.,-1.,0.));
#10080=DIRECTION('ref_axis',(-0.994702817117174,0.,-0.102792536787247));
#10081=DIRECTION('',(0.,1.,0.));
#10082=DIRECTION('center_axis',(0.,-1.,0.));
#10083=DIRECTION('ref_axis',(-0.994702817117174,0.,-0.102792536787247));
#10084=DIRECTION('center_axis',(0.,1.,0.));
#10085=DIRECTION('ref_axis',(-0.720908657740251,0.,0.693030091118091));
#10086=DIRECTION('',(0.,1.,0.));
#10087=DIRECTION('',(0.,1.,0.));
#10088=DIRECTION('center_axis',(0.,-1.,0.));
#10089=DIRECTION('ref_axis',(-0.720908657740251,0.,0.693030091118091));
#10090=DIRECTION('center_axis',(0.,1.,0.));
#10091=DIRECTION('ref_axis',(-0.169935989949814,0.,-0.985455102640286));
#10092=DIRECTION('center_axis',(0.,-1.,0.));
#10093=DIRECTION('ref_axis',(-0.169935989949814,0.,-0.985455102640286));
#10094=DIRECTION('',(0.,1.,0.));
#10095=DIRECTION('center_axis',(-0.720908657740261,0.,0.693030091118081));
#10096=DIRECTION('ref_axis',(0.693030091118081,0.,0.720908657740261));
#10097=DIRECTION('',(0.,1.,0.));
#10098=DIRECTION('',(-0.693030091118081,0.,-0.720908657740261));
#10099=DIRECTION('center_axis',(0.,-1.,0.));
#10100=DIRECTION('ref_axis',(0.982172943291809,0.,-0.187979545338065));
#10101=DIRECTION('center_axis',(0.,1.,0.));
#10102=DIRECTION('ref_axis',(0.982172943291809,0.,-0.187979545338065));
#10103=DIRECTION('',(0.,-1.,0.));
#10104=DIRECTION('center_axis',(-0.169935989949828,0.,-0.985455102640284));
#10105=DIRECTION('ref_axis',(-0.985455102640284,0.,0.169935989949828));
#10106=DIRECTION('',(0.,-1.,0.));
#10107=DIRECTION('',(0.985455102640284,0.,-0.169935989949828));
#10108=DIRECTION('center_axis',(0.,1.,0.));
#10109=DIRECTION('ref_axis',(0.679692892715925,0.,0.733496810893857));
#10110=DIRECTION('center_axis',(0.,1.,0.));
#10111=DIRECTION('ref_axis',(0.679692892715925,0.,0.733496810893857));
#10112=DIRECTION('center_axis',(0.,-1.,0.));
#10113=DIRECTION('ref_axis',(-0.994702817117174,0.,-0.102792536787247));
#10114=DIRECTION('',(0.,1.,0.));
#10115=DIRECTION('center_axis',(0.,-1.,0.));
#10116=DIRECTION('ref_axis',(-0.994702817117174,0.,-0.102792536787247));
#10117=DIRECTION('center_axis',(0.,1.,0.));
#10118=DIRECTION('ref_axis',(-0.812199312404894,0.,0.583380045021268));
#10119=DIRECTION('',(0.,1.,0.));
#10120=DIRECTION('',(0.,1.,0.));
#10121=DIRECTION('center_axis',(0.,-1.,0.));
#10122=DIRECTION('ref_axis',(-0.812199312404894,0.,0.583380045021268));
#10123=DIRECTION('center_axis',(0.,1.,0.));
#10124=DIRECTION('ref_axis',(-0.0279614030417529,0.,-0.999609003530849));
#10125=DIRECTION('center_axis',(0.,-1.,0.));
#10126=DIRECTION('ref_axis',(-0.0279614030417529,0.,-0.999609003530849));
#10127=DIRECTION('',(0.,1.,0.));
#10128=DIRECTION('center_axis',(-0.812199312404903,0.,0.583380045021257));
#10129=DIRECTION('ref_axis',(0.583380045021257,0.,0.812199312404903));
#10130=DIRECTION('',(0.,1.,0.));
#10131=DIRECTION('',(-0.583380045021257,0.,-0.812199312404902));
#10132=DIRECTION('center_axis',(0.,-1.,0.));
#10133=DIRECTION('ref_axis',(0.99892811749901,0.,-0.0462884010296699));
#10134=DIRECTION('center_axis',(0.,1.,0.));
#10135=DIRECTION('ref_axis',(0.99892811749901,0.,-0.0462884010296699));
#10136=DIRECTION('',(0.,-1.,0.));
#10137=DIRECTION('center_axis',(-0.0279614030417669,0.,-0.999609003530849));
#10138=DIRECTION('ref_axis',(-0.999609003530849,0.,0.0279614030417669));
#10139=DIRECTION('',(0.,-1.,0.));
#10140=DIRECTION('',(0.999609003530849,0.,-0.0279614030417669));
#10141=DIRECTION('center_axis',(0.,1.,0.));
#10142=DIRECTION('ref_axis',(0.568387119087952,0.,0.822761255076403));
#10143=DIRECTION('center_axis',(0.,1.,0.));
#10144=DIRECTION('ref_axis',(0.568387119087952,0.,0.822761255076403));
#10145=DIRECTION('center_axis',(0.,-1.,0.));
#10146=DIRECTION('ref_axis',(-0.994702817117174,0.,-0.102792536787247));
#10147=DIRECTION('',(0.,1.,0.));
#10148=DIRECTION('center_axis',(0.,-1.,0.));
#10149=DIRECTION('ref_axis',(-0.994702817117174,0.,-0.102792536787247));
#10150=DIRECTION('center_axis',(0.,1.,0.));
#10151=DIRECTION('ref_axis',(-0.886955931258378,0.,0.461854063536939));
#10152=DIRECTION('',(0.,1.,0.));
#10153=DIRECTION('',(0.,1.,0.));
#10154=DIRECTION('center_axis',(0.,-1.,0.));
#10155=DIRECTION('ref_axis',(-0.886955931258378,0.,0.461854063536939));
#10156=DIRECTION('center_axis',(0.,1.,0.));
#10157=DIRECTION('ref_axis',(0.114582397398211,0.,-0.993413747743848));
#10158=DIRECTION('center_axis',(0.,-1.,0.));
#10159=DIRECTION('ref_axis',(0.114582397398211,0.,-0.993413747743848));
#10160=DIRECTION('',(0.,1.,0.));
#10161=DIRECTION('center_axis',(-0.886955931258385,0.,0.461854063536927));
#10162=DIRECTION('ref_axis',(0.461854063536927,0.,0.886955931258385));
#10163=DIRECTION('',(0.,1.,0.));
#10164=DIRECTION('',(-0.461854063536927,0.,-0.886955931258385));
#10165=DIRECTION('center_axis',(0.,-1.,0.));
#10166=DIRECTION('ref_axis',(0.995347995904743,0.,0.0963450416389584));
#10167=DIRECTION('center_axis',(0.,1.,0.));
#10168=DIRECTION('ref_axis',(0.995347995904743,0.,0.0963450416389584));
#10169=DIRECTION('',(0.,-1.,0.));
#10170=DIRECTION('center_axis',(0.114582397398197,0.,-0.99341374774385));
#10171=DIRECTION('ref_axis',(-0.99341374774385,0.,-0.114582397398197));
#10172=DIRECTION('',(0.,-1.,0.));
#10173=DIRECTION('',(0.99341374774385,0.,0.114582397398197));
#10174=DIRECTION('center_axis',(0.,1.,0.));
#10175=DIRECTION('ref_axis',(0.445510622808474,0.,0.895276652753106));
#10176=DIRECTION('center_axis',(0.,1.,0.));
#10177=DIRECTION('ref_axis',(0.445510622808474,0.,0.895276652753106));
#10178=DIRECTION('center_axis',(0.,-1.,0.));
#10179=DIRECTION('ref_axis',(-0.994702817117174,0.,-0.102792536787247));
#10180=DIRECTION('',(0.,1.,0.));
#10181=DIRECTION('center_axis',(0.,-1.,0.));
#10182=DIRECTION('ref_axis',(-0.994702817117174,0.,-0.102792536787247));
#10183=DIRECTION('center_axis',(0.,1.,0.));
#10184=DIRECTION('ref_axis',(-0.943656685121133,0.,0.330926065196133));
#10185=DIRECTION('',(0.,1.,0.));
#10186=DIRECTION('',(0.,1.,0.));
#10187=DIRECTION('center_axis',(0.,-1.,0.));
#10188=DIRECTION('ref_axis',(-0.943656685121133,0.,0.330926065196133));
#10189=DIRECTION('center_axis',(0.,1.,0.));
#10190=DIRECTION('ref_axis',(0.254793630655496,0.,-0.966995452821465));
#10191=DIRECTION('center_axis',(0.,-1.,0.));
#10192=DIRECTION('ref_axis',(0.254793630655496,0.,-0.966995452821465));
#10193=DIRECTION('',(0.,1.,0.));
#10194=DIRECTION('center_axis',(-0.943656685121137,0.,0.33092606519612));
#10195=DIRECTION('ref_axis',(0.33092606519612,0.,0.943656685121137));
#10196=DIRECTION('',(0.,1.,0.));
#10197=DIRECTION('',(-0.33092606519612,0.,-0.943656685121137));
#10198=DIRECTION('center_axis',(0.,-1.,0.));
#10199=DIRECTION('ref_axis',(0.971505459460452,0.,0.237017177095957));
#10200=DIRECTION('center_axis',(0.,1.,0.));
#10201=DIRECTION('ref_axis',(0.971505459460452,0.,0.237017177095957));
#10202=DIRECTION('',(0.,-1.,0.));
#10203=DIRECTION('center_axis',(0.254793630655482,0.,-0.966995452821469));
#10204=DIRECTION('ref_axis',(-0.966995452821469,0.,-0.254793630655482));
#10205=DIRECTION('',(0.,-1.,0.));
#10206=DIRECTION('',(0.966995452821469,0.,0.254793630655482));
#10207=DIRECTION('center_axis',(0.,1.,0.));
#10208=DIRECTION('ref_axis',(0.313564814995138,0.,0.949566799544437));
#10209=DIRECTION('center_axis',(0.,1.,0.));
#10210=DIRECTION('ref_axis',(0.313564814995138,0.,0.949566799544437));
#10211=DIRECTION('center_axis',(0.,-1.,0.));
#10212=DIRECTION('ref_axis',(-0.994702817117174,0.,-0.102792536787247));
#10213=DIRECTION('',(0.,1.,0.));
#10214=DIRECTION('center_axis',(0.,-1.,0.));
#10215=DIRECTION('ref_axis',(-0.994702817117174,0.,-0.102792536787247));
#10216=DIRECTION('center_axis',(0.,1.,0.));
#10217=DIRECTION('ref_axis',(-0.981147310155983,0.,0.193261366479902));
#10218=DIRECTION('',(0.,1.,0.));
#10219=DIRECTION('',(0.,1.,0.));
#10220=DIRECTION('center_axis',(0.,-1.,0.));
#10221=DIRECTION('ref_axis',(-0.981147310155983,0.,0.193261366479902));
#10222=DIRECTION('center_axis',(0.,1.,0.));
#10223=DIRECTION('ref_axis',(0.389818000356789,0.,-0.920891919064248));
#10224=DIRECTION('center_axis',(0.,-1.,0.));
#10225=DIRECTION('ref_axis',(0.389818000356789,0.,-0.920891919064248));
#10226=DIRECTION('',(0.,1.,0.));
#10227=DIRECTION('center_axis',(-0.981147310155986,0.,0.193261366479888));
#10228=DIRECTION('ref_axis',(0.193261366479888,0.,0.981147310155986));
#10229=DIRECTION('',(0.,1.,0.));
#10230=DIRECTION('',(-0.193261366479888,0.,-0.981147310155986));
#10231=DIRECTION('center_axis',(0.,-1.,0.));
#10232=DIRECTION('ref_axis',(0.927885873451921,0.,0.372864326328447));
#10233=DIRECTION('center_axis',(0.,1.,0.));
#10234=DIRECTION('ref_axis',(0.927885873451921,0.,0.372864326328447));
#10235=DIRECTION('',(0.,-1.,0.));
#10236=DIRECTION('center_axis',(0.389818000356776,0.,-0.920891919064254));
#10237=DIRECTION('ref_axis',(-0.920891919064254,0.,-0.389818000356776));
#10238=DIRECTION('',(0.,-1.,0.));
#10239=DIRECTION('',(0.920891919064254,0.,0.389818000356776));
#10240=DIRECTION('center_axis',(0.,1.,0.));
#10241=DIRECTION('ref_axis',(0.175235731794751,0.,0.984526504621566));
#10242=DIRECTION('center_axis',(0.,1.,0.));
#10243=DIRECTION('ref_axis',(0.175235731794751,0.,0.984526504621566));
#10244=DIRECTION('center_axis',(0.,-1.,0.));
#10245=DIRECTION('ref_axis',(-0.994702817117174,0.,-0.102792536787247));
#10246=DIRECTION('',(0.,1.,0.));
#10247=DIRECTION('center_axis',(0.,-1.,0.));
#10248=DIRECTION('ref_axis',(-0.994702817117174,0.,-0.102792536787247));
#10249=DIRECTION('center_axis',(0.,1.,0.));
#10250=DIRECTION('ref_axis',(-0.998664605351255,0.,0.0516624236618987));
#10251=DIRECTION('',(0.,1.,0.));
#10252=DIRECTION('',(0.,1.,0.));
#10253=DIRECTION('center_axis',(0.,-1.,0.));
#10254=DIRECTION('ref_axis',(-0.998664605351255,0.,0.0516624236618987));
#10255=DIRECTION('center_axis',(0.,1.,0.));
#10256=DIRECTION('ref_axis',(0.516906799713103,0.,-0.856041681467882));
#10257=DIRECTION('center_axis',(0.,-1.,0.));
#10258=DIRECTION('ref_axis',(0.516906799713103,0.,-0.856041681467882));
#10259=DIRECTION('',(0.,1.,0.));
#10260=DIRECTION('center_axis',(-0.998664605351256,0.,0.0516624236618845));
#10261=DIRECTION('ref_axis',(0.0516624236618845,0.,0.998664605351256));
#10262=DIRECTION('',(0.,1.,0.));
#10263=DIRECTION('',(-0.0516624236618845,0.,-0.998664605351256));
#10264=DIRECTION('center_axis',(0.,-1.,0.));
#10265=DIRECTION('ref_axis',(0.865377206861847,0.,0.501121033128712));
#10266=DIRECTION('center_axis',(0.,1.,0.));
#10267=DIRECTION('ref_axis',(0.865377206861847,0.,0.501121033128712));
#10268=DIRECTION('',(0.,-1.,0.));
#10269=DIRECTION('center_axis',(0.516906799713091,0.,-0.856041681467889));
#10270=DIRECTION('ref_axis',(-0.856041681467889,0.,-0.516906799713091));
#10271=DIRECTION('',(0.,-1.,0.));
#10272=DIRECTION('',(0.856041681467889,0.,0.516906799713091));
#10273=DIRECTION('center_axis',(0.,1.,0.));
#10274=DIRECTION('ref_axis',(0.0333393544331752,0.,0.999444089204583));
#10275=DIRECTION('center_axis',(0.,1.,0.));
#10276=DIRECTION('ref_axis',(0.0333393544331752,0.,0.999444089204583));
#10277=DIRECTION('center_axis',(0.,-1.,0.));
#10278=DIRECTION('ref_axis',(-0.994702817117174,0.,-0.102792536787247));
#10279=DIRECTION('',(0.,1.,0.));
#10280=DIRECTION('center_axis',(0.,-1.,0.));
#10281=DIRECTION('ref_axis',(-0.994702817117174,0.,-0.102792536787247));
#10282=DIRECTION('center_axis',(0.,1.,0.));
#10283=DIRECTION('ref_axis',(-0.995851969092481,0.,-0.0909882171197337));
#10284=DIRECTION('',(0.,1.,0.));
#10285=DIRECTION('',(0.,1.,0.));
#10286=DIRECTION('center_axis',(0.,-1.,0.));
#10287=DIRECTION('ref_axis',(-0.995851969092481,0.,-0.0909882171197337));
#10288=DIRECTION('center_axis',(0.,1.,0.));
#10289=DIRECTION('ref_axis',(0.633472867263374,0.,-0.773764903857185));
#10290=DIRECTION('center_axis',(0.,-1.,0.));
#10291=DIRECTION('ref_axis',(0.633472867263374,0.,-0.773764903857185));
#10292=DIRECTION('',(0.,1.,0.));
#10293=DIRECTION('center_axis',(-0.99585196909248,0.,-0.0909882171197479));
#10294=DIRECTION('ref_axis',(-0.0909882171197479,0.,0.99585196909248));
#10295=DIRECTION('',(0.,1.,0.));
#10296=DIRECTION('',(0.0909882171197479,0.,-0.99585196909248));
#10297=DIRECTION('center_axis',(0.,-1.,0.));
#10298=DIRECTION('ref_axis',(0.785251955881799,0.,0.6191763608083));
#10299=DIRECTION('center_axis',(0.,1.,0.));
#10300=DIRECTION('ref_axis',(0.785251955881799,0.,0.6191763608083));
#10301=DIRECTION('',(0.,-1.,0.));
#10302=DIRECTION('center_axis',(0.633472867263364,0.,-0.773764903857194));
#10303=DIRECTION('ref_axis',(-0.773764903857194,0.,-0.633472867263364));
#10304=DIRECTION('',(0.,-1.,0.));
#10305=DIRECTION('',(0.773764903857194,0.,0.633472867263364));
#10306=DIRECTION('center_axis',(0.,1.,0.));
#10307=DIRECTION('ref_axis',(-0.109235716041935,0.,0.994015874290147));
#10308=DIRECTION('center_axis',(0.,1.,0.));
#10309=DIRECTION('ref_axis',(-0.109235716041935,0.,0.994015874290147));
#10310=DIRECTION('center_axis',(0.,-1.,0.));
#10311=DIRECTION('ref_axis',(-0.994702817117174,0.,-0.102792536787247));
#10312=DIRECTION('',(0.,1.,0.));
#10313=DIRECTION('center_axis',(0.,-1.,0.));
#10314=DIRECTION('ref_axis',(-0.994702817117174,0.,-0.102792536787247));
#10315=DIRECTION('center_axis',(0.,1.,0.));
#10316=DIRECTION('ref_axis',(-0.972766658542916,0.,-0.231786600189159));
#10317=DIRECTION('',(0.,1.,0.));
#10318=DIRECTION('',(0.,1.,0.));
#10319=DIRECTION('center_axis',(0.,-1.,0.));
#10320=DIRECTION('ref_axis',(-0.972766658542916,0.,-0.231786600189159));
#10321=DIRECTION('center_axis',(0.,1.,0.));
#10322=DIRECTION('ref_axis',(0.737143254021061,0.,-0.675736504157679));
#10323=DIRECTION('center_axis',(0.,-1.,0.));
#10324=DIRECTION('ref_axis',(0.737143254021061,0.,-0.675736504157679));
#10325=DIRECTION('',(0.,1.,0.));
#10326=DIRECTION('center_axis',(-0.972766658542913,0.,-0.231786600189173));
#10327=DIRECTION('ref_axis',(-0.231786600189173,0.,0.972766658542913));
#10328=DIRECTION('',(0.,1.,0.));
#10329=DIRECTION('',(0.231786600189173,0.,-0.972766658542913));
#10330=DIRECTION('center_axis',(0.,-1.,0.));
#10331=DIRECTION('ref_axis',(0.689141239559736,0.,0.724627043338896));
#10332=DIRECTION('center_axis',(0.,1.,0.));
#10333=DIRECTION('ref_axis',(0.689141239559736,0.,0.724627043338896));
#10334=DIRECTION('',(0.,-1.,0.));
#10335=DIRECTION('center_axis',(0.737143254021052,0.,-0.675736504157689));
#10336=DIRECTION('ref_axis',(-0.675736504157689,0.,-0.737143254021052));
#10337=DIRECTION('',(0.,-1.,0.));
#10338=DIRECTION('',(0.675736504157689,0.,0.737143254021052));
#10339=DIRECTION('center_axis',(0.,1.,0.));
#10340=DIRECTION('ref_axis',(-0.249587062348207,0.,0.968352362680234));
#10341=DIRECTION('center_axis',(0.,1.,0.));
#10342=DIRECTION('ref_axis',(-0.249587062348207,0.,0.968352362680234));
#10343=DIRECTION('center_axis',(0.,-1.,0.));
#10344=DIRECTION('ref_axis',(-0.994702817117174,0.,-0.102792536787247));
#10345=DIRECTION('',(0.,1.,0.));
#10346=DIRECTION('center_axis',(0.,-1.,0.));
#10347=DIRECTION('ref_axis',(-0.994702817117174,0.,-0.102792536787247));
#10348=DIRECTION('center_axis',(0.,-1.,0.));
#10349=DIRECTION('ref_axis',(-0.994702817117174,0.,-0.102792536787247));
#10350=DIRECTION('',(0.,-1.,0.));
#10351=DIRECTION('center_axis',(0.,-1.,0.));
#10352=DIRECTION('ref_axis',(-0.994702817117174,0.,-0.102792536787247));
#10353=DIRECTION('center_axis',(0.,-1.,0.));
#10354=DIRECTION('ref_axis',(-0.994702817117174,0.,-0.102792536787247));
#10355=DIRECTION('center_axis',(0.,1.,0.));
#10356=DIRECTION('ref_axis',(-0.384857535814703,0.,0.922975989463775));
#10357=DIRECTION('',(0.563952057896696,0.,0.825807529872477));
#10358=DIRECTION('center_axis',(0.,-1.,0.));
#10359=DIRECTION('ref_axis',(0.825807529872485,0.,-0.563952057896684));
#10360=DIRECTION('center_axis',(0.,-1.,0.));
#10361=DIRECTION('ref_axis',(-0.929878624052812,0.,-0.367866476496092));
#10362=DIRECTION('',(0.367866476496105,0.,-0.929878624052807));
#10363=DIRECTION('center_axis',(0.,1.,0.));
#10364=DIRECTION('ref_axis',(0.57900159491941,0.,0.815326408919016));
#10365=DIRECTION('center_axis',(0.,1.,0.));
#10366=DIRECTION('ref_axis',(-0.998239827923765,0.,0.0593063735759616));
#10367=DIRECTION('center_axis',(0.,1.,0.));
#10368=DIRECTION('ref_axis',(-0.929878624052812,0.,-0.367866476496092));
#10369=DIRECTION('',(0.,1.,0.));
#10370=DIRECTION('',(0.,1.,0.));
#10371=DIRECTION('center_axis',(0.,1.,0.));
#10372=DIRECTION('ref_axis',(0.825807529872485,0.,-0.563952057896684));
#10373=DIRECTION('',(0.,1.,0.));
#10374=DIRECTION('center_axis',(-0.929878624052807,0.,-0.367866476496105));
#10375=DIRECTION('ref_axis',(-0.367866476496105,0.,0.929878624052807));
#10376=DIRECTION('',(0.,1.,0.));
#10377=DIRECTION('center_axis',(0.,-1.,0.));
#10378=DIRECTION('ref_axis',(0.57900159491941,0.,0.815326408919016));
#10379=DIRECTION('center_axis',(0.825807529872477,0.,-0.563952057896696));
#10380=DIRECTION('ref_axis',(-0.563952057896696,0.,-0.825807529872477));
#10381=DIRECTION('',(0.,-1.,0.));
#10382=DIRECTION('center_axis',(0.,1.,0.));
#10383=DIRECTION('ref_axis',(-0.384857535814703,0.,0.922975989463775));
#10384=DIRECTION('center_axis',(0.667967910248298,0.,-0.744190077116406));
#10385=DIRECTION('ref_axis',(-0.744190077116406,0.,-0.667967910248298));
#10386=DIRECTION('',(0.,1.,0.));
#10387=DIRECTION('',(0.744190077116406,0.,0.667967910248298));
#10388=DIRECTION('',(0.,1.,0.));
#10389=DIRECTION('center_axis',(0.,1.,0.));
#10390=DIRECTION('ref_axis',(-0.340186470995002,0.,-0.940357998292122));
#10391=DIRECTION('center_axis',(0.,-1.,0.));
#10392=DIRECTION('ref_axis',(-0.340186470995002,0.,-0.940357998292122));
#10393=DIRECTION('',(0.,-1.,0.));
#10394=DIRECTION('center_axis',(0.946077757618332,0.,0.323939618663522));
#10395=DIRECTION('ref_axis',(0.323939618663522,0.,-0.946077757618332));
#10396=DIRECTION('',(0.,-1.,0.));
#10397=DIRECTION('',(0.,-1.,0.));
#10398=DIRECTION('',(-0.323939618663522,0.,0.946077757618332));
#10399=DIRECTION('center_axis',(0.,1.,0.));
#10400=DIRECTION('ref_axis',(0.161603821103352,0.,0.986855716406809));
#10401=DIRECTION('',(0.,1.,0.));
#10402=DIRECTION('center_axis',(0.,-1.,0.));
#10403=DIRECTION('ref_axis',(0.161603821103352,0.,0.986855716406809));
#10404=DIRECTION('center_axis',(0.765170748246198,0.,0.643827403912223));
#10405=DIRECTION('ref_axis',(0.643827403912223,0.,-0.765170748246198));
#10406=DIRECTION('',(0.,-1.,0.));
#10407=DIRECTION('',(0.,-1.,0.));
#10408=DIRECTION('',(-0.643827403912223,0.,0.765170748246198));
#10409=DIRECTION('center_axis',(0.,1.,0.));
#10410=DIRECTION('ref_axis',(-0.205802327936607,0.,0.978593583575875));
#10411=DIRECTION('',(0.,1.,0.));
#10412=DIRECTION('center_axis',(0.,-1.,0.));
#10413=DIRECTION('ref_axis',(-0.205802327936607,0.,0.978593583575875));
#10414=DIRECTION('center_axis',(0.480923189365931,0.,0.876762730691776));
#10415=DIRECTION('ref_axis',(0.876762730691777,0.,-0.480923189365931));
#10416=DIRECTION('',(0.,-1.,0.));
#10417=DIRECTION('',(0.,-1.,0.));
#10418=DIRECTION('',(-0.876762730691777,0.,0.480923189365931));
#10419=DIRECTION('center_axis',(-0.996417100615396,0.,-0.0845751831284267));
#10420=DIRECTION('ref_axis',(-0.0845751831284267,0.,0.996417100615396));
#10421=DIRECTION('',(0.,1.,0.));
#10422=DIRECTION('',(0.0845751831284267,0.,-0.996417100615396));
#10423=DIRECTION('',(0.,1.,0.));
#10424=DIRECTION('center_axis',(0.,1.,0.));
#10425=DIRECTION('ref_axis',(-0.54541373219866,0.,0.838166964708779));
#10426=DIRECTION('center_axis',(0.,-1.,0.));
#10427=DIRECTION('ref_axis',(-0.54541373219866,0.,0.838166964708779));
#10428=DIRECTION('center_axis',(0.131724288874408,0.,0.9912863923814));
#10429=DIRECTION('ref_axis',(0.9912863923814,0.,-0.131724288874408));
#10430=DIRECTION('',(0.,-1.,0.));
#10431=DIRECTION('',(0.,-1.,0.));
#10432=DIRECTION('',(-0.9912863923814,0.,0.131724288874408));
#10433=DIRECTION('center_axis',(-0.898579195156067,0.,-0.438811383207723));
#10434=DIRECTION('ref_axis',(-0.438811383207723,0.,0.898579195156067));
#10435=DIRECTION('',(0.,1.,0.));
#10436=DIRECTION('',(0.438811383207723,0.,-0.898579195156067));
#10437=DIRECTION('',(0.,1.,0.));
#10438=DIRECTION('center_axis',(0.,1.,0.));
#10439=DIRECTION('ref_axis',(-0.811363989685463,0.,0.58454125281428));
#10440=DIRECTION('center_axis',(0.,-1.,0.));
#10441=DIRECTION('ref_axis',(-0.811363989685463,0.,0.58454125281428));
#10442=DIRECTION('center_axis',(-0.235264706739086,0.,0.971931333872394));
#10443=DIRECTION('ref_axis',(0.971931333872394,0.,0.235264706739086));
#10444=DIRECTION('',(0.,-1.,0.));
#10445=DIRECTION('',(0.,-1.,0.));
#10446=DIRECTION('',(-0.971931333872394,0.,-0.235264706739086));
#10447=DIRECTION('center_axis',(-0.679383190191702,0.,-0.733783674447003));
#10448=DIRECTION('ref_axis',(-0.733783674447003,0.,0.679383190191702));
#10449=DIRECTION('',(0.,1.,0.));
#10450=DIRECTION('',(0.733783674447003,0.,-0.679383190191702));
#10451=DIRECTION('',(0.,1.,0.));
#10452=DIRECTION('center_axis',(0.,1.,0.));
#10453=DIRECTION('ref_axis',(-0.967735044442173,0.,0.251970005672314));
#10454=DIRECTION('center_axis',(0.,-1.,0.));
#10455=DIRECTION('ref_axis',(-0.967735044442173,0.,0.251970005672314));
#10456=DIRECTION('center_axis',(-0.570479900060724,0.,0.821311563066481));
#10457=DIRECTION('ref_axis',(0.821311563066481,0.,0.570479900060724));
#10458=DIRECTION('',(0.,-1.,0.));
#10459=DIRECTION('',(0.,-1.,0.));
#10460=DIRECTION('',(-0.821311563066481,0.,-0.570479900060724));
#10461=DIRECTION('center_axis',(-0.368432720799732,0.,-0.929654414416511));
#10462=DIRECTION('ref_axis',(-0.929654414416511,0.,0.368432720799732));
#10463=DIRECTION('',(0.,1.,0.));
#10464=DIRECTION('',(0.929654414416511,0.,-0.368432720799732));
#10465=DIRECTION('',(0.,1.,0.));
#10466=DIRECTION('center_axis',(0.,1.,0.));
#10467=DIRECTION('ref_axis',(-0.993408119041969,0.,-0.114631186949698));
#10468=DIRECTION('center_axis',(0.,-1.,0.));
#10469=DIRECTION('ref_axis',(-0.993408119041969,0.,-0.114631186949698));
#10470=DIRECTION('center_axis',(-0.828648621740908,0.,0.559769114623962));
#10471=DIRECTION('ref_axis',(0.559769114623961,0.,0.828648621740908));
#10472=DIRECTION('',(0.,-1.,0.));
#10473=DIRECTION('',(0.,-1.,0.));
#10474=DIRECTION('',(-0.559769114623961,0.,-0.828648621740908));
#10475=DIRECTION('center_axis',(-0.00772337090757669,0.,-0.999970174326127));
#10476=DIRECTION('ref_axis',(-0.999970174326127,0.,0.00772337090757669));
#10477=DIRECTION('',(0.,1.,0.));
#10478=DIRECTION('',(0.999970174326127,0.,-0.00772337090757669));
#10479=DIRECTION('',(0.,1.,0.));
#10480=DIRECTION('center_axis',(0.,1.,0.));
#10481=DIRECTION('ref_axis',(-0.884915922500733,0.,-0.465750802580819));
#10482=DIRECTION('center_axis',(0.,-1.,0.));
#10483=DIRECTION('ref_axis',(-0.884915922500733,0.,-0.465750802580819));
#10484=DIRECTION('center_axis',(-0.974903755354459,0.,0.222626745463734));
#10485=DIRECTION('ref_axis',(0.222626745463734,0.,0.974903755354458));
#10486=DIRECTION('',(0.,-1.,0.));
#10487=DIRECTION('',(0.,-1.,0.));
#10488=DIRECTION('',(-0.222626745463734,0.,-0.974903755354458));
#10489=DIRECTION('center_axis',(0.354029063022323,0.,-0.93523442116698));
#10490=DIRECTION('ref_axis',(-0.93523442116698,0.,-0.354029063022323));
#10491=DIRECTION('',(0.,1.,0.));
#10492=DIRECTION('',(0.93523442116698,0.,0.354029063022323));
#10493=DIRECTION('',(0.,1.,0.));
#10494=DIRECTION('center_axis',(0.,1.,0.));
#10495=DIRECTION('ref_axis',(-0.656910927137372,0.,-0.75396819150911));
#10496=DIRECTION('center_axis',(0.,-1.,0.));
#10497=DIRECTION('ref_axis',(-0.656910927137372,0.,-0.75396819150911));
#10498=DIRECTION('center_axis',(-0.989492734679193,0.,-0.144582599288753));
#10499=DIRECTION('ref_axis',(-0.144582599288753,0.,0.989492734679193));
#10500=DIRECTION('',(0.,-1.,0.));
#10501=DIRECTION('',(0.144582599288753,0.,-0.989492734679193));
#10502=DIRECTION('center_axis',(0.,1.,0.));
#10503=DIRECTION('ref_axis',(0.0224820530935527,0.,-0.999747246702234));
#10504=DIRECTION('',(0.,1.,0.));
#10505=DIRECTION('center_axis',(0.,-1.,0.));
#10506=DIRECTION('ref_axis',(0.0224820530935527,0.,-0.999747246702234));
#10507=DIRECTION('',(0.,-1.,0.));
#10508=DIRECTION('center_axis',(0.,1.,0.));
#10509=DIRECTION('ref_axis',(0.382114251334466,0.,-0.924115089654476));
#10510=DIRECTION('',(0.,1.,0.));
#10511=DIRECTION('center_axis',(0.,-1.,0.));
#10512=DIRECTION('ref_axis',(0.382114251334466,0.,-0.924115089654476));
#10513=DIRECTION('',(0.,-1.,0.));
#10514=DIRECTION('center_axis',(0.,1.,0.));
#10515=DIRECTION('ref_axis',(0.690139802564499,0.,-0.723676069050396));
#10516=DIRECTION('',(0.,1.,0.));
#10517=DIRECTION('center_axis',(0.,-1.,0.));
#10518=DIRECTION('ref_axis',(0.690139802564499,0.,-0.723676069050396));
#10519=DIRECTION('',(0.,-1.,0.));
#10520=DIRECTION('center_axis',(0.,1.,0.));
#10521=DIRECTION('ref_axis',(0.904958149261535,0.,-0.425500585293531));
#10522=DIRECTION('',(0.,1.,0.));
#10523=DIRECTION('center_axis',(0.,-1.,0.));
#10524=DIRECTION('ref_axis',(0.904958149261535,0.,-0.425500585293531));
#10525=DIRECTION('',(0.,-1.,0.));
#10526=DIRECTION('center_axis',(0.,1.,0.));
#10527=DIRECTION('ref_axis',(0.997556883354587,0.,-0.0698588897126382));
#10528=DIRECTION('',(0.,1.,0.));
#10529=DIRECTION('center_axis',(0.,-1.,0.));
#10530=DIRECTION('ref_axis',(0.997556883354587,0.,-0.0698588897126382));
#10531=DIRECTION('',(0.,-1.,0.));
#10532=DIRECTION('center_axis',(0.,1.,0.));
#10533=DIRECTION('ref_axis',(0.955430032697091,0.,0.295217636025418));
#10534=DIRECTION('',(0.,1.,0.));
#10535=DIRECTION('center_axis',(0.,-1.,0.));
#10536=DIRECTION('ref_axis',(0.955430032697091,0.,0.295217636025418));
#10537=DIRECTION('',(0.,-1.,0.));
#10538=DIRECTION('center_axis',(0.,1.,0.));
#10539=DIRECTION('ref_axis',(0.784267061903278,0.,0.620423384160848));
#10540=DIRECTION('',(0.,1.,0.));
#10541=DIRECTION('center_axis',(0.,-1.,0.));
#10542=DIRECTION('ref_axis',(0.784267061903278,0.,0.620423384160848));
#10543=DIRECTION('',(0.,-1.,0.));
#10544=DIRECTION('center_axis',(0.,1.,0.));
#10545=DIRECTION('ref_axis',(0.507184478625617,0.,0.861837516380704));
#10546=DIRECTION('',(0.,1.,0.));
#10547=DIRECTION('center_axis',(0.,-1.,0.));
#10548=DIRECTION('ref_axis',(0.507184478625617,0.,0.861837516380704));
#10549=DIRECTION('',(0.,-1.,0.));
#10550=DIRECTION('center_axis',(0.999211723426282,0.,-0.0396980070970805));
#10551=DIRECTION('ref_axis',(-0.0396980070970805,0.,-0.999211723426282));
#10552=DIRECTION('',(0.,-1.,0.));
#10553=DIRECTION('',(0.0396980070970805,0.,0.999211723426282));
#10554=DIRECTION('center_axis',(0.,1.,0.));
#10555=DIRECTION('ref_axis',(-0.994702817117174,0.,-0.102792536787247));
#10556=DIRECTION('',(0.978658171253199,0.178885438199983,0.10113448392781));
#10557=DIRECTION('center_axis',(0.,-1.,0.));
#10558=DIRECTION('ref_axis',(1.,0.,0.));
#10559=DIRECTION('center_axis',(0.,-1.,0.));
#10560=DIRECTION('ref_axis',(1.,0.,0.));
#10561=DIRECTION('center_axis',(0.,-1.,0.));
#10562=DIRECTION('ref_axis',(1.,0.,0.));
#10563=DIRECTION('center_axis',(0.,-1.,0.));
#10564=DIRECTION('ref_axis',(1.,0.,0.));
#10565=DIRECTION('center_axis',(0.,-1.,0.));
#10566=DIRECTION('ref_axis',(1.,0.,0.));
#10567=DIRECTION('center_axis',(0.,-1.,0.));
#10568=DIRECTION('ref_axis',(1.,0.,0.));
#10569=DIRECTION('center_axis',(0.,-1.,0.));
#10570=DIRECTION('ref_axis',(1.,0.,0.));
#10571=DIRECTION('center_axis',(0.,-1.,0.));
#10572=DIRECTION('ref_axis',(1.,0.,0.));
#10573=DIRECTION('center_axis',(0.,-1.,0.));
#10574=DIRECTION('ref_axis',(1.,0.,0.));
#10575=DIRECTION('center_axis',(0.,-1.,0.));
#10576=DIRECTION('ref_axis',(1.,0.,0.));
#10577=DIRECTION('center_axis',(0.,-1.,0.));
#10578=DIRECTION('ref_axis',(1.,0.,0.));
#10579=DIRECTION('center_axis',(0.,-1.,0.));
#10580=DIRECTION('ref_axis',(1.,0.,0.));
#10581=DIRECTION('center_axis',(0.,-1.,0.));
#10582=DIRECTION('ref_axis',(1.,0.,0.));
#10583=DIRECTION('center_axis',(0.,-1.,0.));
#10584=DIRECTION('ref_axis',(1.,0.,0.));
#10585=DIRECTION('center_axis',(0.,-1.,0.));
#10586=DIRECTION('ref_axis',(1.,0.,0.));
#10587=DIRECTION('center_axis',(0.,-1.,0.));
#10588=DIRECTION('ref_axis',(1.,0.,0.));
#10589=DIRECTION('center_axis',(0.,-1.,0.));
#10590=DIRECTION('ref_axis',(1.,0.,0.));
#10591=DIRECTION('center_axis',(0.,-1.,0.));
#10592=DIRECTION('ref_axis',(-0.998239827923765,0.,0.0593063735759616));
#10593=DIRECTION('center_axis',(0.,1.,0.));
#10594=DIRECTION('ref_axis',(-0.998239827923765,0.,0.0593063735759616));
#10595=DIRECTION('',(0.,1.,0.));
#10596=DIRECTION('center_axis',(-0.793339055060164,0.,0.608780045432048));
#10597=DIRECTION('ref_axis',(0.608780045432048,0.,0.793339055060164));
#10598=DIRECTION('',(0.,1.,0.));
#10599=DIRECTION('',(-0.608780045432048,0.,-0.793339055060164));
#10600=DIRECTION('center_axis',(-0.95968335529886,0.,0.281083364079632));
#10601=DIRECTION('ref_axis',(0.281083364079632,0.,0.95968335529886));
#10602=DIRECTION('',(0.,1.,0.));
#10603=DIRECTION('',(-0.281083364079632,0.,-0.95968335529886));
#10604=DIRECTION('center_axis',(-0.519849919392132,0.,0.854257608282182));
#10605=DIRECTION('ref_axis',(0.854257608282182,0.,0.519849919392132));
#10606=DIRECTION('',(0.,1.,0.));
#10607=DIRECTION('',(-0.854257608282182,0.,-0.519849919392132));
#10608=DIRECTION('center_axis',(0.917396609162215,0.,-0.397974197024971));
#10609=DIRECTION('ref_axis',(-0.397974197024971,0.,-0.917396609162215));
#10610=DIRECTION('',(0.,-1.,0.));
#10611=DIRECTION('',(0.397974197024971,0.,0.917396609162215));
#10612=DIRECTION('center_axis',(-0.176152171522348,0.,0.98436294752899));
#10613=DIRECTION('ref_axis',(0.98436294752899,0.,0.176152171522348));
#10614=DIRECTION('',(0.,1.,0.));
#10615=DIRECTION('',(-0.98436294752899,0.,-0.176152171522348));
#10616=DIRECTION('center_axis',(0.711681999360692,0.,-0.702501766393486));
#10617=DIRECTION('ref_axis',(-0.702501766393486,0.,-0.711681999360692));
#10618=DIRECTION('',(0.,-1.,0.));
#10619=DIRECTION('',(0.702501766393486,0.,0.711681999360692));
#10620=DIRECTION('center_axis',(0.191335903204407,0.,0.981524616168619));
#10621=DIRECTION('ref_axis',(0.981524616168618,0.,-0.191335903204407));
#10622=DIRECTION('',(0.,1.,0.));
#10623=DIRECTION('',(-0.981524616168618,0.,0.191335903204407));
#10624=DIRECTION('center_axis',(0.409850791979413,0.,-0.912152579513893));
#10625=DIRECTION('ref_axis',(-0.912152579513893,0.,-0.409850791979413));
#10626=DIRECTION('',(0.,-1.,0.));
#10627=DIRECTION('',(0.912152579513893,0.,0.409850791979413));
#10628=DIRECTION('center_axis',(0.532983003974567,0.,0.846125946579023));
#10629=DIRECTION('ref_axis',(0.846125946579023,0.,-0.532983003974567));
#10630=DIRECTION('',(0.,1.,0.));
#10631=DIRECTION('',(-0.846125946579023,0.,0.532983003974567));
#10632=DIRECTION('center_axis',(0.0526669640796757,0.,-0.998612132359021));
#10633=DIRECTION('ref_axis',(-0.998612132359021,0.,-0.0526669640796757));
#10634=DIRECTION('',(0.,-1.,0.));
#10635=DIRECTION('',(0.998612132359021,0.,0.0526669640796757));
#10636=DIRECTION('center_axis',(0.802647796697183,0.,0.596453279358206));
#10637=DIRECTION('ref_axis',(0.596453279358206,0.,-0.802647796697183));
#10638=DIRECTION('',(0.,1.,0.));
#10639=DIRECTION('',(-0.596453279358206,0.,0.802647796697183));
#10640=DIRECTION('center_axis',(-0.311629829156744,0.,-0.950203583228215));
#10641=DIRECTION('ref_axis',(-0.950203583228215,0.,0.311629829156744));
#10642=DIRECTION('',(0.,-1.,0.));
#10643=DIRECTION('',(0.950203583228215,0.,-0.311629829156744));
#10644=DIRECTION('center_axis',(0.963910556850866,0.,0.266226291698347));
#10645=DIRECTION('ref_axis',(0.266226291698347,0.,-0.963910556850866));
#10646=DIRECTION('',(0.,1.,0.));
#10647=DIRECTION('',(-0.266226291698347,0.,0.963910556850866));
#10648=DIRECTION('center_axis',(-0.633839287165051,0.,-0.773464774922621));
#10649=DIRECTION('ref_axis',(-0.773464774922621,0.,0.633839287165051));
#10650=DIRECTION('',(0.,-1.,0.));
#10651=DIRECTION('',(0.773464774922621,0.,-0.633839287165051));
#10652=DIRECTION('center_axis',(0.994991855089059,0.,-0.0999560318661808));
#10653=DIRECTION('ref_axis',(-0.0999560318661808,0.,-0.994991855089059));
#10654=DIRECTION('',(0.,1.,0.));
#10655=DIRECTION('',(0.0999560318661808,0.,0.994991855089059));
#10656=DIRECTION('center_axis',(-0.870445237216981,0.,-0.492265262847454));
#10657=DIRECTION('ref_axis',(-0.492265262847454,0.,0.870445237216982));
#10658=DIRECTION('',(0.,-1.,0.));
#10659=DIRECTION('',(0.492265262847454,0.,-0.870445237216982));
#10660=DIRECTION('center_axis',(0.,-1.,0.));
#10661=DIRECTION('ref_axis',(0.361241666187153,0.,-0.932472229404356));
#10662=DIRECTION('center_axis',(0.,1.,0.));
#10663=DIRECTION('ref_axis',(1.,0.,0.));
#10664=DIRECTION('center_axis',(0.,1.,0.));
#10665=DIRECTION('ref_axis',(1.,0.,0.));
#10666=DIRECTION('center_axis',(0.,1.,0.));
#10667=DIRECTION('ref_axis',(1.,0.,0.));
#10668=DIRECTION('center_axis',(0.,1.,0.));
#10669=DIRECTION('ref_axis',(1.,0.,0.));
#10670=DIRECTION('center_axis',(0.,1.,0.));
#10671=DIRECTION('ref_axis',(1.,0.,0.));
#10672=DIRECTION('center_axis',(0.,1.,0.));
#10673=DIRECTION('ref_axis',(1.,0.,0.));
#10674=DIRECTION('center_axis',(0.,1.,0.));
#10675=DIRECTION('ref_axis',(1.,0.,0.));
#10676=DIRECTION('center_axis',(0.,1.,0.));
#10677=DIRECTION('ref_axis',(1.,0.,0.));
#10678=DIRECTION('center_axis',(0.,1.,0.));
#10679=DIRECTION('ref_axis',(1.,0.,0.));
#10680=DIRECTION('center_axis',(0.,1.,0.));
#10681=DIRECTION('ref_axis',(1.,0.,0.));
#10682=DIRECTION('center_axis',(0.,1.,0.));
#10683=DIRECTION('ref_axis',(1.,0.,0.));
#10684=DIRECTION('center_axis',(0.,1.,0.));
#10685=DIRECTION('ref_axis',(1.,0.,0.));
#10686=DIRECTION('center_axis',(0.,1.,0.));
#10687=DIRECTION('ref_axis',(1.,0.,0.));
#10688=DIRECTION('center_axis',(0.,1.,0.));
#10689=DIRECTION('ref_axis',(1.,0.,0.));
#10690=DIRECTION('center_axis',(0.,1.,0.));
#10691=DIRECTION('ref_axis',(1.,0.,0.));
#10692=DIRECTION('center_axis',(0.,1.,0.));
#10693=DIRECTION('ref_axis',(1.,0.,0.));
#10694=DIRECTION('center_axis',(0.,1.,0.));
#10695=DIRECTION('ref_axis',(1.,0.,0.));
#10696=DIRECTION('',(0.452638739451688,0.,0.891693989857275));
#10697=DIRECTION('center_axis',(0.891693989857275,0.,-0.452638739451688));
#10698=DIRECTION('ref_axis',(-0.452638739451688,0.,-0.891693989857275));
#10699=DIRECTION('',(0.,1.,0.));
#10700=DIRECTION('center_axis',(0.,-1.,0.));
#10701=DIRECTION('ref_axis',(1.,0.,0.));
#10702=DIRECTION('center_axis',(0.,-1.,0.));
#10703=DIRECTION('ref_axis',(1.,0.,0.));
#10704=DIRECTION('center_axis',(0.,-1.,0.));
#10705=DIRECTION('ref_axis',(1.,0.,0.));
#10706=DIRECTION('center_axis',(0.,-1.,0.));
#10707=DIRECTION('ref_axis',(1.,0.,0.));
#10708=DIRECTION('center_axis',(0.,-1.,0.));
#10709=DIRECTION('ref_axis',(1.,0.,0.));
#10710=DIRECTION('center_axis',(0.,-1.,0.));
#10711=DIRECTION('ref_axis',(1.,0.,0.));
#10712=DIRECTION('center_axis',(0.,-1.,0.));
#10713=DIRECTION('ref_axis',(1.,0.,0.));
#10714=DIRECTION('center_axis',(0.,-1.,0.));
#10715=DIRECTION('ref_axis',(1.,0.,0.));
#10716=DIRECTION('center_axis',(0.,-1.,0.));
#10717=DIRECTION('ref_axis',(1.,0.,0.));
#10718=DIRECTION('center_axis',(0.,-1.,0.));
#10719=DIRECTION('ref_axis',(1.,0.,0.));
#10720=DIRECTION('center_axis',(0.,-1.,0.));
#10721=DIRECTION('ref_axis',(1.,0.,0.));
#10722=DIRECTION('center_axis',(0.,-1.,0.));
#10723=DIRECTION('ref_axis',(1.,0.,0.));
#10724=DIRECTION('center_axis',(0.,-1.,0.));
#10725=DIRECTION('ref_axis',(1.,0.,0.));
#10726=DIRECTION('center_axis',(0.,-1.,0.));
#10727=DIRECTION('ref_axis',(1.,0.,0.));
#10728=DIRECTION('center_axis',(0.,-1.,0.));
#10729=DIRECTION('ref_axis',(1.,0.,0.));
#10730=DIRECTION('center_axis',(0.,-1.,0.));
#10731=DIRECTION('ref_axis',(1.,0.,0.));
#10732=DIRECTION('center_axis',(0.,-1.,0.));
#10733=DIRECTION('ref_axis',(1.,0.,0.));
#10734=CARTESIAN_POINT('',(0.,0.,0.));
#10735=CARTESIAN_POINT('Origin',(-5.64999999831922,-3.1,32.3158434579968));
#10736=CARTESIAN_POINT('',(-3.74999999831922,-2.95,32.3158434579968));
#10737=CARTESIAN_POINT('Origin',(-5.64999999831922,-2.95,32.3158434579968));
#10738=CARTESIAN_POINT('',(-4.04999999831922,-3.25,32.3158434579968));
#10739=CARTESIAN_POINT('',(-3.89999999831922,-3.1,32.3158434579968));
#10740=CARTESIAN_POINT('Origin',(-5.64999999831922,-3.25,32.3158434579968));
#10741=CARTESIAN_POINT('Origin',(-5.64999999831922,-2.95,32.3158434579968));
#10742=CARTESIAN_POINT('',(-4.04999999831922,-14.85,32.3158434579968));
#10743=CARTESIAN_POINT('',(-4.04999999831922,-2.95,32.3158434579968));
#10744=CARTESIAN_POINT('Origin',(-5.64999999831922,-14.85,32.3158434579968));
#10745=CARTESIAN_POINT('Origin',(-5.65,-2.95,32.3158434546726));
#10746=CARTESIAN_POINT('',(-3.55584735254425,-2.95,43.7252485526238));
#10747=CARTESIAN_POINT('',(-3.65648114559572,-2.95,43.6832868179139));
#10748=CARTESIAN_POINT('Origin',(-3.57390039260852,-2.95,43.6268916121242));
#10749=CARTESIAN_POINT('',(-3.53076952565016,-2.95,43.7206171129521));
#10750=CARTESIAN_POINT('Origin',(-5.65,-2.95,32.3158434546726));
#10751=CARTESIAN_POINT('',(-3.45176208802306,-2.95,43.6454787586756));
#10752=CARTESIAN_POINT('Origin',(-3.5490387538773,-2.95,43.6223000986567));
#10753=CARTESIAN_POINT('',(-3.16605072104376,-2.95,42.4463995559203));
#10754=CARTESIAN_POINT('',(-2.09068593931391,-2.95,37.9332870438756));
#10755=CARTESIAN_POINT('',(-3.0489604690129,-2.95,42.3339631507196));
#10756=CARTESIAN_POINT('Origin',(-3.02013572226232,-2.95,42.4811675459487));
#10757=CARTESIAN_POINT('',(-2.89196190657209,-2.95,42.3752369163161));
#10758=CARTESIAN_POINT('Origin',(-3.00253339467525,-2.95,42.4765973919398));
#10759=CARTESIAN_POINT('',(-2.05901642929632,-2.95,43.2838753216166));
#10760=CARTESIAN_POINT('',(-5.61054200406606,-2.95,39.4096090908939));
#10761=CARTESIAN_POINT('',(-1.95343516566726,-2.95,43.311088264388));
#10762=CARTESIAN_POINT('Origin',(-1.98530210389424,-2.95,43.2163016712009));
#10763=CARTESIAN_POINT('',(-1.92927171747954,-2.95,43.3029350192156));
#10764=CARTESIAN_POINT('Origin',(-5.65,-2.95,32.3158434546726));
#10765=CARTESIAN_POINT('',(-1.86176176438516,-2.95,43.2173175343367));
#10766=CARTESIAN_POINT('Origin',(-1.96134696129436,-2.95,43.2082187126248));
#10767=CARTESIAN_POINT('',(-1.74960528997691,-2.95,41.9897822619516));
#10768=CARTESIAN_POINT('',(-1.32746904843789,-2.95,37.3695663629119));
#10769=CARTESIAN_POINT('',(-1.6497082167037,-2.95,41.8618266169548));
#10770=CARTESIAN_POINT('Origin',(-1.60022749461304,-2.95,42.0034304945196));
#10771=CARTESIAN_POINT('',(-1.48843380397951,-2.95,41.8803370501065));
#10772=CARTESIAN_POINT('Origin',(-1.58345473406902,-2.95,41.996401785685));
#10773=CARTESIAN_POINT('',(-0.53465378295496,-2.95,42.6611863257004));
#10774=CARTESIAN_POINT('',(-4.60139552030351,-2.95,39.3317893267727));
#10775=CARTESIAN_POINT('',(-0.426274378804582,-2.95,42.6730964994942));
#10776=CARTESIAN_POINT('Origin',(-0.471306496228655,-2.95,42.5838098353148));
#10777=CARTESIAN_POINT('',(-0.403517207446723,-2.95,42.6615874253807));
#10778=CARTESIAN_POINT('Origin',(-5.65,-2.95,32.3158434546726));
#10779=CARTESIAN_POINT('',(-0.348879046847426,-2.95,42.5672337349912));
#10780=CARTESIAN_POINT('Origin',(-0.448745507382502,-2.95,42.5723999773574));
#10781=CARTESIAN_POINT('',(-0.412560647396611,-2.95,41.3362314712025));
#10782=CARTESIAN_POINT('',(-0.652246422585753,-2.95,36.7029664572699));
#10783=CARTESIAN_POINT('',(-0.331890369213508,-2.95,41.1953613943481));
#10784=CARTESIAN_POINT('Origin',(-0.262760956593927,-2.95,41.3284821076532));
#10785=CARTESIAN_POINT('',(-0.169623188172003,-2.95,41.1907316760157));
#10786=CARTESIAN_POINT('Origin',(-0.247159208128975,-2.95,41.3191379282359));
#10787=CARTESIAN_POINT('',(0.8855751658477,-2.95,41.8278959824354));
#10788=CARTESIAN_POINT('',(-3.61359559982197,-2.95,39.1111451370126));
#10789=CARTESIAN_POINT('',(0.994546418391294,-2.95,41.8242609304592));
#10790=CARTESIAN_POINT('Origin',(0.937265845818982,-2.95,41.7422918142886));
#10791=CARTESIAN_POINT('',(1.01543404253672,-2.95,41.809630318964));
#10792=CARTESIAN_POINT('Origin',(-5.65,-2.95,32.3158434546726));
#10793=CARTESIAN_POINT('',(1.05608813525457,-2.95,41.7084611921067));
#10794=CARTESIAN_POINT('Origin',(0.957973404239022,-2.95,41.7277873287547));
#10795=CARTESIAN_POINT('',(0.817864833492563,-2.95,40.4990515930879));
#10796=CARTESIAN_POINT('',(-0.0787636472385922,-2.95,35.947057378713));
#10797=CARTESIAN_POINT('',(0.877666102355609,-2.95,40.3481347929048));
#10798=CARTESIAN_POINT('Origin',(0.965036930015958,-2.95,40.4700623881159));
#10799=CARTESIAN_POINT('',(1.03762275984834,-2.95,40.3204591708025));
#10800=CARTESIAN_POINT('Origin',(0.979150059794819,-2.95,40.4585929586622));
#10801=CARTESIAN_POINT('',(2.17275865131614,-2.95,40.8009676801994));
#10802=CARTESIAN_POINT('',(-2.6672510004227,-2.95,38.752168201032));
#10803=CARTESIAN_POINT('',(2.2801034117983,-2.95,40.7818614016288));
#10804=CARTESIAN_POINT('Origin',(2.2117404513518,-2.95,40.708878488293));
#10805=CARTESIAN_POINT('',(2.29869627693862,-2.95,40.7644070898109));
#10806=CARTESIAN_POINT('Origin',(-5.65,-2.95,32.3158434546726));
#10807=CARTESIAN_POINT('',(2.32453870168401,-2.95,40.6584820381609));
#10808=CARTESIAN_POINT('Origin',(2.23017303317194,-2.95,40.6915746446805));
#10809=CARTESIAN_POINT('',(1.91662323815378,-2.95,39.4952851956986));
#10810=CARTESIAN_POINT('',(0.381304822085276,-2.95,35.1172272562189));
#10811=CARTESIAN_POINT('',(1.95433811631534,-2.95,39.3373939030306));
#10812=CARTESIAN_POINT('Origin',(2.05817174092195,-2.95,39.4456462859192));
#10813=CARTESIAN_POINT('',(2.10872799398966,-2.95,39.2872357730146));
#10814=CARTESIAN_POINT('Origin',(2.07050894939132,-2.95,39.4322850909378));
#10815=CARTESIAN_POINT('',(3.30069332961686,-2.95,39.6013067178094));
#10816=CARTESIAN_POINT('',(-1.78162656911701,-2.95,38.2621662540433));
#10817=CARTESIAN_POINT('',(3.4042263682709,-2.95,39.5671181613782));
#10818=CARTESIAN_POINT('Origin',(3.32617269268239,-2.95,39.5046071725273));
#10819=CARTESIAN_POINT('',(3.42014597728927,-2.95,39.5471954686921));
#10820=CARTESIAN_POINT('Origin',(-5.65,-2.95,32.3158434546726));
#10821=CARTESIAN_POINT('',(3.43065065681778,-2.95,39.4386708208382));
#10822=CARTESIAN_POINT('Origin',(3.34195506369199,-2.95,39.4848562271919));
#10823=CARTESIAN_POINT('',(2.86134701402574,-2.95,38.3453660682624));
#10824=CARTESIAN_POINT('',(0.718593318078346,-2.95,34.2303690380491));
#10825=CARTESIAN_POINT('',(2.87620773532718,-2.95,38.1837144945072));
#10826=CARTESIAN_POINT('Origin',(2.9943904037145,-2.95,38.2760879587318));
#10827=CARTESIAN_POINT('',(3.02188790049726,-2.95,38.1120949314604));
#10828=CARTESIAN_POINT('Origin',(3.00470054088753,-2.95,38.261106993622));
#10829=CARTESIAN_POINT('',(4.24641770339468,-2.95,38.253334732923));
#10830=CARTESIAN_POINT('',(-0.974751065396313,-2.95,37.6511143226384));
#10831=CARTESIAN_POINT('',(4.34403138611823,-2.95,38.2047598790484));
#10832=CARTESIAN_POINT('Origin',(4.2578759431345,-2.95,38.1539933581487));
#10833=CARTESIAN_POINT('',(4.35695366168338,-2.95,38.1827743740649));
#10834=CARTESIAN_POINT('Origin',(-5.65,-2.95,32.3158434546726));
#10835=CARTESIAN_POINT('',(4.35190675101281,-2.95,38.0738593788784));
#10836=CARTESIAN_POINT('Origin',(4.27068681977236,-2.95,38.1321973833805));
#10837=CARTESIAN_POINT('',(3.63280430939007,-2.95,37.0727032481208));
#10838=CARTESIAN_POINT('',(0.926235619621879,-2.95,33.3045366000376));
#10839=CARTESIAN_POINT('',(3.62450835240047,-2.95,36.9105821531556));
#10840=CARTESIAN_POINT('Origin',(3.75463420625081,-2.95,36.9851962413676));
#10841=CARTESIAN_POINT('',(3.75851317701036,-2.95,36.8189591248479));
#10842=CARTESIAN_POINT('Origin',(3.76270738746662,-2.95,36.9689004753775));
#10843=CARTESIAN_POINT('',(4.99067955164336,-2.95,36.7844925479224));
#10844=CARTESIAN_POINT('',(-0.263050147679561,-2.95,36.9314516620124));
#10845=CARTESIAN_POINT('',(5.08038674535079,-2.95,36.722520240551));
#10846=CARTESIAN_POINT('Origin',(4.98788341133919,-2.95,36.6845316475694));
#10847=CARTESIAN_POINT('',(5.09004862719698,-2.95,36.6989194847506));
#10848=CARTESIAN_POINT('Origin',(-5.65,-2.95,32.3158434546726));
#10849=CARTESIAN_POINT('',(5.06955286687448,-2.95,36.5918313374485));
#10850=CARTESIAN_POINT('Origin',(4.9974620011005,-2.95,36.6611343465603));
#10851=CARTESIAN_POINT('',(4.2152904784123,-2.95,35.7032044802356));
#10852=CARTESIAN_POINT('',(1.00000472824741,-2.95,32.3585772207421));
#10853=CARTESIAN_POINT('',(4.18400672489239,-2.95,35.543914182035));
#10854=CARTESIAN_POINT('Origin',(4.32342677707334,-2.95,35.5992499665678));
#10855=CARTESIAN_POINT('',(4.30360825715104,-2.95,35.4341528691038));
#10856=CARTESIAN_POINT('Origin',(4.32909865564351,-2.95,35.5819711344999));
#10857=CARTESIAN_POINT('',(5.51832784940649,-2.95,35.2246815539031));
#10858=CARTESIAN_POINT('',(0.338988005724504,-2.95,36.1178285285998));
#10859=CARTESIAN_POINT('',(5.59830237432809,-2.95,35.1505733704997));
#10860=CARTESIAN_POINT('Origin',(5.50133425041152,-2.95,35.1261360436391));
#10861=CARTESIAN_POINT('',(5.6045071744035,-2.95,35.1258378072114));
#10862=CARTESIAN_POINT('Origin',(-5.65,-2.95,32.3158434546726));
#10863=CARTESIAN_POINT('',(5.56897979900437,-2.95,35.0227565136561));
#10864=CARTESIAN_POINT('Origin',(5.50748556083111,-2.95,35.1016137179654));
#10865=CARTESIAN_POINT('',(4.59694778244252,-2.95,34.2647488102124));
#10866=CARTESIAN_POINT('',(0.938398917635865,-2.95,31.4117479052034));
#10867=CARTESIAN_POINT('',(4.54331307939909,-2.95,34.1115319998926));
#10868=CARTESIAN_POINT('Origin',(4.68918913970246,-2.95,34.1464630037484));
#10869=CARTESIAN_POINT('',(4.64607657701205,-2.95,33.9858668261437));
#10870=CARTESIAN_POINT('Origin',(4.69234425253566,-2.95,34.1285528527954));
#10871=CARTESIAN_POINT('',(5.81862119895367,-2.95,33.6056550045798));
#10872=CARTESIAN_POINT('',(0.819107634147243,-2.95,35.2268079431017));
#10873=CARTESIAN_POINT('',(5.88723500438953,-2.95,33.520919574048));
#10874=CARTESIAN_POINT('Origin',(5.78777608193794,-2.95,33.510530986812));
#10875=CARTESIAN_POINT('',(5.88985641085778,-2.95,33.4955527480091));
#10876=CARTESIAN_POINT('Origin',(-5.65,-2.95,32.3158434546726));
#10877=CARTESIAN_POINT('',(5.84002065529264,-2.95,33.3985767460754));
#10878=CARTESIAN_POINT('Origin',(5.79037489007458,-2.95,33.4853828403079));
#10879=CARTESIAN_POINT('',(4.77000677937946,-2.95,32.7866190473294));
#10880=CARTESIAN_POINT('',(0.742672304434808,-2.95,30.4833233678557));
#10881=CARTESIAN_POINT('',(4.69511297469675,-2.95,32.6425947773077));
#10882=CARTESIAN_POINT('Origin',(4.8444754272066,-2.95,32.6564099059805));
#10883=CARTESIAN_POINT('',(4.77894646919809,-2.95,32.5035839232902));
#10884=CARTESIAN_POINT('Origin',(4.84504954530414,-2.95,32.6382330351674));
#10885=CARTESIAN_POINT('',(5.88544649366261,-2.95,31.9603716116097));
#10886=CARTESIAN_POINT('',(1.16753488650464,-2.95,34.2765285151476));
#10887=CARTESIAN_POINT('',(5.94130280039992,-2.95,31.8667339029585));
#10888=CARTESIAN_POINT('Origin',(5.84137777625859,-2.95,31.870605537025));
#10889=CARTESIAN_POINT('',(5.94028744898485,-2.95,31.8412522095951));
#10890=CARTESIAN_POINT('Origin',(-5.65,-2.95,32.3158434546726));
#10891=CARTESIAN_POINT('',(5.87715782552255,-2.95,31.7523556510267));
#10892=CARTESIAN_POINT('Origin',(5.84037117787296,-2.95,31.845343513432));
#10893=CARTESIAN_POINT('',(4.73094448710644,-2.95,31.2989056509845));
#10894=CARTESIAN_POINT('',(0.416809318060067,-2.95,29.5922036549239));
#10895=CARTESIAN_POINT('',(4.63631620267188,-2.95,31.167005840067));
#10896=CARTESIAN_POINT('Origin',(4.78612445858084,-2.95,31.1594238573766));
#10897=CARTESIAN_POINT('',(4.69951308586938,-2.95,31.0174791658944));
#10898=CARTESIAN_POINT('Origin',(4.78410589455387,-2.95,31.1413502953753));
#10899=CARTESIAN_POINT('',(5.71744336324128,-2.95,30.3223246002683));
#10900=CARTESIAN_POINT('',(1.37717678871992,-2.95,33.286335193511));
#10901=CARTESIAN_POINT('',(5.75940509795116,-2.95,30.2216908072168));
#10902=CARTESIAN_POINT('Origin',(5.66104815745164,-2.95,30.2397438472811));
#10903=CARTESIAN_POINT('',(5.75477365827954,-2.95,30.1966129803227));
#10904=CARTESIAN_POINT('Origin',(-5.65,-2.95,32.3158434546726));
#10905=CARTESIAN_POINT('',(5.67963530400298,-2.95,30.1176055426956));
#10906=CARTESIAN_POINT('Origin',(5.65645664398407,-2.95,30.2148822085499));
#10907=CARTESIAN_POINT('',(4.48055610124776,-2.95,29.8318941757164));
#10908=CARTESIAN_POINT('',(-0.03255641079702,-2.95,28.7565293939865));
#10909=CARTESIAN_POINT('',(4.36811969604702,-2.95,29.7148039236855));
#10910=CARTESIAN_POINT('Origin',(4.51532409127612,-2.95,29.6859791769349));
#10911=CARTESIAN_POINT('',(4.40939346164353,-2.95,29.5578053612447));
#10912=CARTESIAN_POINT('Origin',(4.51075393726717,-2.95,29.6683768493478));
#10913=CARTESIAN_POINT('',(5.31803186694403,-2.95,28.7248598839689));
#10914=CARTESIAN_POINT('',(1.44376563622131,-2.95,32.2763854587387));
#10915=CARTESIAN_POINT('',(5.34524480971545,-2.95,28.6192786203398));
#10916=CARTESIAN_POINT('Origin',(5.25045821652829,-2.95,28.6511455585668));
#10917=CARTESIAN_POINT('',(5.33709156454302,-2.95,28.5951151721521));
#10918=CARTESIAN_POINT('Origin',(-5.65,-2.95,32.3158434546726));
#10919=CARTESIAN_POINT('',(5.25147407966415,-2.95,28.5276052190578));
#10920=CARTESIAN_POINT('Origin',(5.24237525795218,-2.95,28.6271904159669));
#10921=CARTESIAN_POINT('',(4.02393880727903,-2.95,28.4154487446495));
#10922=CARTESIAN_POINT('',(-0.596277091760675,-2.95,27.9933125031105));
#10923=CARTESIAN_POINT('',(3.89598316228219,-2.95,28.3155516713763));
#10924=CARTESIAN_POINT('Origin',(4.037587039847,-2.95,28.2660709492856));
#10925=CARTESIAN_POINT('',(3.91449359543387,-2.95,28.1542772586521));
#10926=CARTESIAN_POINT('Origin',(4.03055833101245,-2.95,28.2492981887416));
#10927=CARTESIAN_POINT('',(4.69534287102784,-2.95,27.2004972376276));
#10928=CARTESIAN_POINT('',(1.36594587210007,-2.95,31.2672389749761));
#10929=CARTESIAN_POINT('',(4.70725304482161,-2.95,27.0921178334772));
#10930=CARTESIAN_POINT('Origin',(4.61796638064216,-2.95,27.1371499509013));
#10931=CARTESIAN_POINT('',(4.69574397070807,-2.95,27.0693606621193));
#10932=CARTESIAN_POINT('Origin',(-5.65,-2.95,32.3158434546726));
#10933=CARTESIAN_POINT('',(4.60139028031858,-2.95,27.01472250152));
#10934=CARTESIAN_POINT('Origin',(4.60655652268477,-2.95,27.1145889620551));
#10935=CARTESIAN_POINT('',(3.37038801652993,-2.95,27.0784041020692));
#10936=CARTESIAN_POINT('',(-1.26287699740268,-2.95,27.3180898772583));
#10937=CARTESIAN_POINT('',(3.22951793967549,-2.95,26.9977338238861));
#10938=CARTESIAN_POINT('Origin',(3.36263865298064,-2.95,26.9286044112665));
#10939=CARTESIAN_POINT('',(3.22488822134307,-2.95,26.8354666428446));
#10940=CARTESIAN_POINT('Origin',(3.35329447356325,-2.95,26.9130026628016));
#10941=CARTESIAN_POINT('',(3.86205252776278,-2.95,25.7802682888249));
#10942=CARTESIAN_POINT('',(1.14530168234002,-2.95,30.2794390544946));
#10943=CARTESIAN_POINT('',(3.85841747578657,-2.95,25.6712970362813));
#10944=CARTESIAN_POINT('Origin',(3.77644835961604,-2.95,25.7285776088536));
#10945=CARTESIAN_POINT('',(3.84378686429143,-2.95,25.6504094121359));
#10946=CARTESIAN_POINT('Origin',(-5.65,-2.95,32.3158434546726));
#10947=CARTESIAN_POINT('',(3.74261773743408,-2.95,25.609755319418));
#10948=CARTESIAN_POINT('Origin',(3.76194387408206,-2.95,25.7078700504336));
#10949=CARTESIAN_POINT('',(2.53320813841525,-2.95,25.84797862118));
#10950=CARTESIAN_POINT('',(-2.01878607595956,-2.95,26.7446071019112));
#10951=CARTESIAN_POINT('',(2.38229133823222,-2.95,25.788177352317));
#10952=CARTESIAN_POINT('Origin',(2.50421893344326,-2.95,25.7008065246566));
#10953=CARTESIAN_POINT('',(2.35461571612994,-2.95,25.6282206948243));
#10954=CARTESIAN_POINT('Origin',(2.49274950398958,-2.95,25.6866933948778));
#10955=CARTESIAN_POINT('',(2.83512422552681,-2.95,24.4930848033565));
#10956=CARTESIAN_POINT('',(0.786324746359389,-2.95,29.3330944550953));
#10957=CARTESIAN_POINT('',(2.81601794695623,-2.95,24.3857400428743));
#10958=CARTESIAN_POINT('Origin',(2.74303503362043,-2.95,24.4541030033208));
#10959=CARTESIAN_POINT('',(2.79856363513833,-2.95,24.367147177734));
#10960=CARTESIAN_POINT('Origin',(-5.65,-2.95,32.3158434546726));
#10961=CARTESIAN_POINT('',(2.69263858348827,-2.95,24.3413047529886));
#10962=CARTESIAN_POINT('Origin',(2.72573119000787,-2.95,24.4356704215006));
#10963=CARTESIAN_POINT('',(1.529441741026,-2.95,24.7492202165188));
#10964=CARTESIAN_POINT('',(-2.84861619845366,-2.95,26.2845386325873));
#10965=CARTESIAN_POINT('',(1.371550448358,-2.95,24.7115053383572));
#10966=CARTESIAN_POINT('Origin',(1.47980283124658,-2.95,24.6076717137506));
#10967=CARTESIAN_POINT('',(1.32139231834195,-2.95,24.5571154606829));
#10968=CARTESIAN_POINT('Origin',(1.46644163626517,-2.95,24.5953345052813));
#10969=CARTESIAN_POINT('',(1.63546326313678,-2.95,23.3651501250557));
#10970=CARTESIAN_POINT('',(0.296322799370726,-2.95,28.4474700237896));
#10971=CARTESIAN_POINT('',(1.60127470670556,-2.95,23.2616170864017));
#10972=CARTESIAN_POINT('Origin',(1.53876371785468,-2.95,23.3396707619902));
#10973=CARTESIAN_POINT('',(1.58135201401946,-2.95,23.2456974773833));
#10974=CARTESIAN_POINT('Origin',(-5.65,-2.95,32.3158434546726));
#10975=CARTESIAN_POINT('',(1.47282736616565,-2.95,23.2351927978548));
#10976=CARTESIAN_POINT('Origin',(1.51901277251932,-2.95,23.3238883909806));
#10977=CARTESIAN_POINT('',(0.379522613589773,-2.95,23.8044964406469));
#10978=CARTESIAN_POINT('',(-3.73547441662346,-2.95,25.9472501365942));
#10979=CARTESIAN_POINT('',(0.217871039834632,-2.95,23.7896357193454));
#10980=CARTESIAN_POINT('Origin',(0.31024450405923,-2.95,23.6714530509581));
#10981=CARTESIAN_POINT('',(0.146251476787847,-2.95,23.6439555541753));
#10982=CARTESIAN_POINT('Origin',(0.295263538949418,-2.95,23.6611429137851));
#10983=CARTESIAN_POINT('',(0.287491278250417,-2.95,22.4194257512779));
#10984=CARTESIAN_POINT('',(-0.314729132034186,-2.95,27.6405945200689));
#10985=CARTESIAN_POINT('',(0.238916424375848,-2.95,22.3218120685544));
#10986=CARTESIAN_POINT('Origin',(0.188149903476083,-2.95,22.4079675115381));
#10987=CARTESIAN_POINT('',(0.216930919392326,-2.95,22.3088897929892));
#10988=CARTESIAN_POINT('Origin',(-5.65,-2.95,32.3158434546726));
#10989=CARTESIAN_POINT('',(0.108015924205836,-2.95,22.3139367036598));
#10990=CARTESIAN_POINT('Origin',(0.166353928707935,-2.95,22.3951566349002));
#10991=CARTESIAN_POINT('',(-0.893140206551758,-2.95,23.0330391452825));
#10992=CARTESIAN_POINT('',(-4.66130685463494,-2.95,25.7396078350507));
#10993=CARTESIAN_POINT('',(-1.05526130151704,-2.95,23.0413351022721));
#10994=CARTESIAN_POINT('Origin',(-0.980647213304947,-2.95,22.9112092484218));
#10995=CARTESIAN_POINT('',(-1.1468843298247,-2.95,22.9073302776622));
#10996=CARTESIAN_POINT('Origin',(-0.996942979295068,-2.95,22.903136067206));
#10997=CARTESIAN_POINT('',(-1.1813509067502,-2.95,21.6751639030292));
#10998=CARTESIAN_POINT('',(-1.03439179266021,-2.95,26.9288936023522));
#10999=CARTESIAN_POINT('',(-1.24332321412154,-2.95,21.5854567093218));
#11000=CARTESIAN_POINT('Origin',(-1.28131180710324,-2.95,21.6779600433334));
#11001=CARTESIAN_POINT('',(-1.26692396992201,-2.95,21.5757948274756));
#11002=CARTESIAN_POINT('Origin',(-5.65,-2.95,32.3158434546726));
#11003=CARTESIAN_POINT('',(-1.37401211722409,-2.95,21.5962905877981));
#11004=CARTESIAN_POINT('Origin',(-1.30470910811231,-2.95,21.6683814535721));
#11005=CARTESIAN_POINT('',(-2.26263897443703,-2.95,22.4505529762603));
#11006=CARTESIAN_POINT('',(-5.60726623393048,-2.95,25.6658387264252));
#11007=CARTESIAN_POINT('',(-2.42192927263758,-2.95,22.4818367297802));
#11008=CARTESIAN_POINT('Origin',(-2.36659348810475,-2.95,22.3424166775993));
#11009=CARTESIAN_POINT('',(-2.53169058556876,-2.95,22.3622351975215));
#11010=CARTESIAN_POINT('Origin',(-2.38387232017272,-2.95,22.3367447990291));
#11011=CARTESIAN_POINT('',(-2.74116190076955,-2.95,21.1475156052661));
#11012=CARTESIAN_POINT('',(-1.84801492607275,-2.95,26.3268554489481));
#11013=CARTESIAN_POINT('',(-2.81527008417296,-2.95,21.0675410803445));
#11014=CARTESIAN_POINT('Origin',(-2.83970741103352,-2.95,21.1645092042611));
#11015=CARTESIAN_POINT('',(-2.84000564746119,-2.95,21.0613362802691));
#11016=CARTESIAN_POINT('Origin',(-5.65,-2.95,32.3158434546726));
#11017=CARTESIAN_POINT('',(-2.94308694101651,-2.95,21.0968636556682));
#11018=CARTESIAN_POINT('Origin',(-2.8642297367072,-2.95,21.1583578938415));
#11019=CARTESIAN_POINT('',(-3.70109464446022,-2.95,22.0688956722301));
#11020=CARTESIAN_POINT('',(-6.55409554946917,-2.95,25.7274445370367));
#11021=CARTESIAN_POINT('',(-3.85431145477996,-2.95,22.1225303752735));
#11022=CARTESIAN_POINT('Origin',(-3.81938045092424,-2.95,21.9766543149701));
#11023=CARTESIAN_POINT('',(-3.97997662852887,-2.95,22.0197668776605));
#11024=CARTESIAN_POINT('Origin',(-3.8372906018772,-2.95,21.9734992021369));
#11025=CARTESIAN_POINT('',(-4.36018845009283,-2.95,20.8472222557189));
#11026=CARTESIAN_POINT('',(-2.73903551157087,-2.95,25.8467358205253));
#11027=CARTESIAN_POINT('',(-4.44492388062457,-2.95,20.7786084502831));
#11028=CARTESIAN_POINT('Origin',(-4.45531246786056,-2.95,20.8780673727346));
#11029=CARTESIAN_POINT('',(-4.47029070666352,-2.95,20.7759870438148));
#11030=CARTESIAN_POINT('Origin',(-5.65,-2.95,32.3158434546726));
#11031=CARTESIAN_POINT('',(-4.5672667085972,-2.95,20.8258227993799));
#11032=CARTESIAN_POINT('Origin',(-4.4804606143647,-2.95,20.875468564598));
#11033=CARTESIAN_POINT('',(-5.17922440734324,-2.95,21.8958366752931));
#11034=CARTESIAN_POINT('',(-7.48252008681695,-2.95,25.9231711502378));
#11035=CARTESIAN_POINT('',(-5.32324867736487,-2.95,21.9707304799758));
#11036=CARTESIAN_POINT('Origin',(-5.30943354869207,-2.95,21.821368027466));
#11037=CARTESIAN_POINT('',(-5.46225953138242,-2.95,21.8868969854745));
#11038=CARTESIAN_POINT('Origin',(-5.32761041950522,-2.95,21.8207939093685));
#11039=CARTESIAN_POINT('',(-6.00547184306287,-2.95,20.78039696101));
#11040=CARTESIAN_POINT('',(-3.68931493952503,-2.95,25.4983085681679));
#11041=CARTESIAN_POINT('',(-6.09910955171411,-2.95,20.7245406542727));
#11042=CARTESIAN_POINT('Origin',(-6.09523791764762,-2.95,20.824465678414));
#11043=CARTESIAN_POINT('',(-6.12459124507751,-2.95,20.7255560056877));
#11044=CARTESIAN_POINT('Origin',(-5.65,-2.95,32.3158434546726));
#11045=CARTESIAN_POINT('',(-6.21348780364587,-2.95,20.78868562915));
#11046=CARTESIAN_POINT('Origin',(-6.12049994124064,-2.95,20.8254722767996));
#11047=CARTESIAN_POINT('',(-6.66693780368806,-2.95,21.9348989675662));
#11048=CARTESIAN_POINT('',(-8.37363979974867,-2.95,26.2490341366125));
#11049=CARTESIAN_POINT('',(-6.79883761460562,-2.95,22.0295272520007));
#11050=CARTESIAN_POINT('Origin',(-6.80641959729598,-2.95,21.8797189960917));
#11051=CARTESIAN_POINT('',(-6.94836428877822,-2.95,21.9663303688032));
#11052=CARTESIAN_POINT('Origin',(-6.82449315929735,-2.95,21.8817375601187));
#11053=CARTESIAN_POINT('',(-7.64351885440428,-2.95,20.9484000914313));
#11054=CARTESIAN_POINT('',(-4.67950826116164,-2.95,25.2886666659527));
#11055=CARTESIAN_POINT('',(-7.74415264745575,-2.95,20.9064383567214));
#11056=CARTESIAN_POINT('Origin',(-7.72609960739148,-2.95,21.004795297221));
#11057=CARTESIAN_POINT('',(-7.76923047434985,-2.95,20.911069796393));
#11058=CARTESIAN_POINT('Origin',(-5.65,-2.95,32.3158434546726));
#11059=CARTESIAN_POINT('',(-7.84823791197696,-2.95,20.9862081506696));
#11060=CARTESIAN_POINT('Origin',(-7.75096124612271,-2.95,21.0093868106885));
#11061=CARTESIAN_POINT('',(-8.13394927895625,-2.95,22.1852873534248));
#11062=CARTESIAN_POINT('',(-9.2093140606861,-2.95,26.6983998654696));
#11063=CARTESIAN_POINT('',(-8.25103953098712,-2.95,22.2977237586256));
#11064=CARTESIAN_POINT('Origin',(-8.27986427773769,-2.95,22.1505193633965));
#11065=CARTESIAN_POINT('',(-8.40803809342792,-2.95,22.2564499930291));
#11066=CARTESIAN_POINT('Origin',(-8.29746660532476,-2.95,22.1550895174054));
#11067=CARTESIAN_POINT('',(-9.24098357070369,-2.95,21.3478115877286));
#11068=CARTESIAN_POINT('',(-5.68945799593395,-2.95,25.2220778184513));
#11069=CARTESIAN_POINT('',(-9.34656483433275,-2.95,21.3205986449571));
#11070=CARTESIAN_POINT('Origin',(-9.31469789610576,-2.95,21.4153852381443));
#11071=CARTESIAN_POINT('',(-9.37072828252046,-2.95,21.3287518901296));
#11072=CARTESIAN_POINT('Origin',(-5.65,-2.95,32.3158434546726));
#11073=CARTESIAN_POINT('',(-9.43823823561485,-2.95,21.4143693750084));
#11074=CARTESIAN_POINT('Origin',(-9.33865303870565,-2.95,21.4234681967204));
#11075=CARTESIAN_POINT('',(-9.5503947100231,-2.95,22.6419046473936));
#11076=CARTESIAN_POINT('',(-9.97253095156212,-2.95,27.2621205464333));
#11077=CARTESIAN_POINT('',(-9.65029178329632,-2.95,22.7698602923904));
#11078=CARTESIAN_POINT('Origin',(-9.69977250538696,-2.95,22.6282564148256));
#11079=CARTESIAN_POINT('',(-9.8115661960205,-2.95,22.7513498592387));
#11080=CARTESIAN_POINT('Origin',(-9.71654526593099,-2.95,22.6352851236601));
#11081=CARTESIAN_POINT('',(-10.765346217045,-2.95,21.9705005836447));
#11082=CARTESIAN_POINT('',(-6.69860447969649,-2.95,25.2998975825725));
#11083=CARTESIAN_POINT('',(-10.8737256211954,-2.95,21.958590409851));
#11084=CARTESIAN_POINT('Origin',(-10.8286935037713,-2.95,22.0478770740304));
#11085=CARTESIAN_POINT('',(-10.8964827925533,-2.95,21.9700994839645));
#11086=CARTESIAN_POINT('Origin',(-5.65,-2.95,32.3158434546726));
#11087=CARTESIAN_POINT('',(-10.9511209531526,-2.95,22.064453174354));
#11088=CARTESIAN_POINT('Origin',(-10.8512544926175,-2.95,22.0592869319878));
#11089=CARTESIAN_POINT('',(-10.8874393526034,-2.95,23.2954554381427));
#11090=CARTESIAN_POINT('',(-10.6477535774143,-2.95,27.9287204520753));
#11091=CARTESIAN_POINT('',(-10.9681096307865,-2.95,23.4363255149971));
#11092=CARTESIAN_POINT('Origin',(-11.0372390434061,-2.95,23.303204801692));
#11093=CARTESIAN_POINT('',(-11.130376811828,-2.95,23.4409552333295));
#11094=CARTESIAN_POINT('Origin',(-11.052840791871,-2.95,23.3125489811093));
#11095=CARTESIAN_POINT('',(-12.1855751658477,-2.95,22.8037909269098));
#11096=CARTESIAN_POINT('',(-7.68640440017803,-2.95,25.5205417723326));
#11097=CARTESIAN_POINT('',(-12.2945464183913,-2.95,22.807425978886));
#11098=CARTESIAN_POINT('Origin',(-12.237265845819,-2.95,22.8893950950566));
#11099=CARTESIAN_POINT('',(-12.3154340425367,-2.95,22.8220565903812));
#11100=CARTESIAN_POINT('Origin',(-5.65,-2.95,32.3158434546726));
#11101=CARTESIAN_POINT('',(-12.3560881352546,-2.95,22.9232257172385));
#11102=CARTESIAN_POINT('Origin',(-12.257973404239,-2.95,22.9038995805905));
#11103=CARTESIAN_POINT('',(-12.1178648334926,-2.95,24.1326353162573));
#11104=CARTESIAN_POINT('',(-11.2212363527614,-2.95,28.6846295306322));
#11105=CARTESIAN_POINT('',(-12.1776661023556,-2.95,24.2835521164404));
#11106=CARTESIAN_POINT('Origin',(-12.265036930016,-2.95,24.1616245212293));
#11107=CARTESIAN_POINT('',(-12.3376227598484,-2.95,24.3112277385426));
#11108=CARTESIAN_POINT('Origin',(-12.2791500597948,-2.95,24.173093950683));
#11109=CARTESIAN_POINT('',(-13.4727586513161,-2.95,23.8307192291458));
#11110=CARTESIAN_POINT('',(-8.6327489995773,-2.95,25.8795187083132));
#11111=CARTESIAN_POINT('',(-13.5801034117983,-2.95,23.8498255077164));
#11112=CARTESIAN_POINT('Origin',(-13.5117404513518,-2.95,23.9228084210522));
#11113=CARTESIAN_POINT('',(-13.5986962769386,-2.95,23.8672798195343));
#11114=CARTESIAN_POINT('Origin',(-5.65,-2.95,32.3158434546726));
#11115=CARTESIAN_POINT('',(-13.624538701684,-2.95,23.9732048711843));
#11116=CARTESIAN_POINT('Origin',(-13.530173033172,-2.95,23.9401122646647));
#11117=CARTESIAN_POINT('',(-13.2166232381538,-2.95,25.1364017136466));
#11118=CARTESIAN_POINT('',(-11.6813048220853,-2.95,29.5144596531263));
#11119=CARTESIAN_POINT('',(-13.2543381163154,-2.95,25.2942930063146));
#11120=CARTESIAN_POINT('Origin',(-13.358171740922,-2.95,25.186040623426));
#11121=CARTESIAN_POINT('',(-13.4087279939897,-2.95,25.3444511363306));
#11122=CARTESIAN_POINT('Origin',(-13.3705089493913,-2.95,25.1994018184074));
#11123=CARTESIAN_POINT('',(-14.6006933296169,-2.95,25.0303801915358));
#11124=CARTESIAN_POINT('',(-9.518373430883,-2.95,26.3695206553019));
#11125=CARTESIAN_POINT('',(-14.7042263682709,-2.95,25.064568747967));
#11126=CARTESIAN_POINT('Origin',(-14.6261726926824,-2.95,25.1270797368179));
#11127=CARTESIAN_POINT('',(-14.7201459772893,-2.95,25.0844914406531));
#11128=CARTESIAN_POINT('Origin',(-5.65,-2.95,32.3158434546726));
#11129=CARTESIAN_POINT('',(-14.7306506568178,-2.95,25.1930160885069));
#11130=CARTESIAN_POINT('Origin',(-14.641955063692,-2.95,25.1468306821533));
#11131=CARTESIAN_POINT('',(-14.1613470140257,-2.95,26.2863208410828));
#11132=CARTESIAN_POINT('',(-12.0185933180783,-2.95,30.401317871296));
#11133=CARTESIAN_POINT('',(-14.1762077353272,-2.95,26.447972414838));
#11134=CARTESIAN_POINT('Origin',(-14.2943904037145,-2.95,26.3555989506134));
#11135=CARTESIAN_POINT('',(-14.3218879004973,-2.95,26.5195919778847));
#11136=CARTESIAN_POINT('Origin',(-14.3047005408875,-2.95,26.3705799157232));
#11137=CARTESIAN_POINT('',(-15.5464177033947,-2.95,26.3783521764222));
#11138=CARTESIAN_POINT('',(-10.3252489346037,-2.95,26.9805725867068));
#11139=CARTESIAN_POINT('',(-15.6440313861182,-2.95,26.4269270302967));
#11140=CARTESIAN_POINT('Origin',(-15.5578759431345,-2.95,26.4776935511965));
#11141=CARTESIAN_POINT('',(-15.6569536616834,-2.95,26.4489125352803));
#11142=CARTESIAN_POINT('Origin',(-5.65,-2.95,32.3158434546726));
#11143=CARTESIAN_POINT('',(-15.6519067510128,-2.95,26.5578275304668));
#11144=CARTESIAN_POINT('Origin',(-15.5706868197724,-2.95,26.4994895259647));
#11145=CARTESIAN_POINT('',(-14.9328043093901,-2.95,27.5589836612244));
#11146=CARTESIAN_POINT('',(-12.2262356196219,-2.95,31.3271503093075));
#11147=CARTESIAN_POINT('',(-14.9245083524005,-2.95,27.7211047561896));
#11148=CARTESIAN_POINT('Origin',(-15.0546342062508,-2.95,27.6464906679775));
#11149=CARTESIAN_POINT('',(-15.0585131770104,-2.95,27.8127277844973));
#11150=CARTESIAN_POINT('Origin',(-15.0627073874666,-2.95,27.6627864339677));
#11151=CARTESIAN_POINT('',(-16.2906795516434,-2.95,27.8471943614228));
#11152=CARTESIAN_POINT('',(-11.0369498523204,-2.95,27.7002352473328));
#11153=CARTESIAN_POINT('',(-16.3803867453508,-2.95,27.9091666687941));
#11154=CARTESIAN_POINT('Origin',(-16.2878834113392,-2.95,27.9471552617758));
#11155=CARTESIAN_POINT('',(-16.390048627197,-2.95,27.9327674245946));
#11156=CARTESIAN_POINT('Origin',(-5.65,-2.95,32.3158434546726));
#11157=CARTESIAN_POINT('',(-16.3695528668745,-2.95,28.0398555718967));
#11158=CARTESIAN_POINT('Origin',(-16.2974620011005,-2.95,27.9705525627849));
#11159=CARTESIAN_POINT('',(-15.5152904784123,-2.95,28.9284824291096));
#11160=CARTESIAN_POINT('',(-12.3000047282474,-2.95,32.2731096886031));
#11161=CARTESIAN_POINT('',(-15.4840067248924,-2.95,29.0877727273102));
#11162=CARTESIAN_POINT('Origin',(-15.6234267770733,-2.95,29.0324369427773));
#11163=CARTESIAN_POINT('',(-15.6036082571511,-2.95,29.1975340402414));
#11164=CARTESIAN_POINT('Origin',(-15.6290986556435,-2.95,29.0497157748453));
#11165=CARTESIAN_POINT('',(-16.8183278494065,-2.95,29.4070053554421));
#11166=CARTESIAN_POINT('',(-11.6389880057245,-2.95,28.5138583807453));
#11167=CARTESIAN_POINT('',(-16.8983023743281,-2.95,29.4811135388455));
#11168=CARTESIAN_POINT('Origin',(-16.8013342504115,-2.95,29.5055508657061));
#11169=CARTESIAN_POINT('',(-16.9045071744035,-2.95,29.5058491021338));
#11170=CARTESIAN_POINT('Origin',(-5.65,-2.95,32.3158434546726));
#11171=CARTESIAN_POINT('',(-16.8689797990044,-2.95,29.6089303956891));
#11172=CARTESIAN_POINT('Origin',(-16.8074855608311,-2.95,29.5300731913798));
#11173=CARTESIAN_POINT('',(-15.8969477824425,-2.95,30.3669380991328));
#11174=CARTESIAN_POINT('',(-12.2383989176359,-2.95,33.2199390041418));
#11175=CARTESIAN_POINT('',(-15.8433130793991,-2.95,30.5201549094526));
#11176=CARTESIAN_POINT('Origin',(-15.9891891397025,-2.95,30.4852239055968));
#11177=CARTESIAN_POINT('',(-15.9460765770121,-2.95,30.6458200832015));
#11178=CARTESIAN_POINT('Origin',(-15.9923442525357,-2.95,30.5031340565498));
#11179=CARTESIAN_POINT('',(-17.1186211989537,-2.95,31.0260319047654));
#11180=CARTESIAN_POINT('',(-12.1191076341473,-2.95,29.4048789662435));
#11181=CARTESIAN_POINT('',(-17.1872350043895,-2.95,31.1107673352972));
#11182=CARTESIAN_POINT('Origin',(-17.087776081938,-2.95,31.1211559225332));
#11183=CARTESIAN_POINT('',(-17.1898564108578,-2.95,31.1361341613361));
#11184=CARTESIAN_POINT('Origin',(-5.65,-2.95,32.3158434546726));
#11185=CARTESIAN_POINT('',(-17.1400206552926,-2.95,31.2331101632698));
#11186=CARTESIAN_POINT('Origin',(-17.0903748900746,-2.95,31.1463040690373));
#11187=CARTESIAN_POINT('',(-16.0700067793795,-2.95,31.8450678620158));
#11188=CARTESIAN_POINT('',(-12.0426723044348,-2.95,34.1483635414895));
#11189=CARTESIAN_POINT('',(-15.9951129746968,-2.95,31.9890921320375));
#11190=CARTESIAN_POINT('Origin',(-16.1444754272066,-2.95,31.9752770033647));
#11191=CARTESIAN_POINT('',(-16.0789464691981,-2.95,32.128102986055));
#11192=CARTESIAN_POINT('Origin',(-16.1450495453041,-2.95,31.9934538741778));
#11193=CARTESIAN_POINT('',(-17.1854464936626,-2.95,32.6713152977355));
#11194=CARTESIAN_POINT('',(-12.4675348865046,-2.95,30.3551583941976));
#11195=CARTESIAN_POINT('',(-17.2413028003999,-2.95,32.7649530063867));
#11196=CARTESIAN_POINT('Origin',(-17.1413777762586,-2.95,32.7610813723202));
#11197=CARTESIAN_POINT('',(-17.2402874489849,-2.95,32.7904346997501));
#11198=CARTESIAN_POINT('Origin',(-5.65,-2.95,32.3158434546726));
#11199=CARTESIAN_POINT('',(-17.1771578255226,-2.95,32.8793312583185));
#11200=CARTESIAN_POINT('Origin',(-17.140371177873,-2.95,32.7863433959132));
#11201=CARTESIAN_POINT('',(-16.0309444871064,-2.95,33.3327812583607));
#11202=CARTESIAN_POINT('',(-11.7168093180601,-2.95,35.0394832544213));
#11203=CARTESIAN_POINT('',(-15.9363162026719,-2.95,33.4646810692782));
#11204=CARTESIAN_POINT('Origin',(-16.0861244585809,-2.95,33.4722630519686));
#11205=CARTESIAN_POINT('',(-15.9995130858694,-2.95,33.6142077434508));
#11206=CARTESIAN_POINT('Origin',(-16.0841058945539,-2.95,33.4903366139699));
#11207=CARTESIAN_POINT('',(-17.0174433632413,-2.95,34.3093623090769));
#11208=CARTESIAN_POINT('',(-12.6771767887199,-2.95,31.3453517158342));
#11209=CARTESIAN_POINT('',(-17.0594050979512,-2.95,34.4099961021283));
#11210=CARTESIAN_POINT('Origin',(-16.9610481574516,-2.95,34.3919430620641));
#11211=CARTESIAN_POINT('',(-17.0547736582795,-2.95,34.4350739290225));
#11212=CARTESIAN_POINT('Origin',(-5.65,-2.95,32.3158434546726));
#11213=CARTESIAN_POINT('',(-16.979635304003,-2.95,34.5140813666495));
#11214=CARTESIAN_POINT('Origin',(-16.9564566439841,-2.95,34.4168047007953));
#11215=CARTESIAN_POINT('',(-15.7805561012478,-2.95,34.7997927336288));
#11216=CARTESIAN_POINT('',(-11.267443589203,-2.95,35.8751575153587));
#11217=CARTESIAN_POINT('',(-15.668119696047,-2.95,34.9168829856597));
#11218=CARTESIAN_POINT('Origin',(-15.8153240912761,-2.95,34.9457077324103));
#11219=CARTESIAN_POINT('',(-15.7093934616435,-2.95,35.0738815481005));
#11220=CARTESIAN_POINT('Origin',(-15.8107539372672,-2.95,34.9633100599973));
#11221=CARTESIAN_POINT('',(-16.618031866944,-2.95,35.9068270253763));
#11222=CARTESIAN_POINT('',(-12.7437656362213,-2.95,32.3553014506065));
#11223=CARTESIAN_POINT('',(-16.6452448097155,-2.95,36.0124082890053));
#11224=CARTESIAN_POINT('Origin',(-16.5504582165283,-2.95,35.9805413507783));
#11225=CARTESIAN_POINT('',(-16.637091564543,-2.95,36.0365717371931));
#11226=CARTESIAN_POINT('Origin',(-5.65,-2.95,32.3158434546726));
#11227=CARTESIAN_POINT('',(-16.5514740796642,-2.95,36.1040816902874));
#11228=CARTESIAN_POINT('Origin',(-16.5423752579522,-2.95,36.0044964933782));
#11229=CARTESIAN_POINT('',(-15.323938807279,-2.95,36.2162381646957));
#11230=CARTESIAN_POINT('',(-10.7037229082393,-2.95,36.6383744062347));
#11231=CARTESIAN_POINT('',(-15.1959831622822,-2.95,36.3161352379689));
#11232=CARTESIAN_POINT('Origin',(-15.337587039847,-2.95,36.3656159600596));
#11233=CARTESIAN_POINT('',(-15.2144935954339,-2.95,36.4774096506931));
#11234=CARTESIAN_POINT('Origin',(-15.3305583310125,-2.95,36.3823887206036));
#11235=CARTESIAN_POINT('',(-15.9953428710278,-2.95,37.4311896717176));
#11236=CARTESIAN_POINT('',(-12.6659458721001,-2.95,33.3644479343691));
#11237=CARTESIAN_POINT('',(-16.0072530448216,-2.95,37.539569075868));
#11238=CARTESIAN_POINT('Origin',(-15.9179663806422,-2.95,37.4945369584439));
#11239=CARTESIAN_POINT('',(-15.9957439707081,-2.95,37.5623262472259));
#11240=CARTESIAN_POINT('Origin',(-5.65,-2.95,32.3158434546726));
#11241=CARTESIAN_POINT('',(-15.9013902803186,-2.95,37.6169644078252));
#11242=CARTESIAN_POINT('Origin',(-15.9065565226848,-2.95,37.5170979472901));
#11243=CARTESIAN_POINT('',(-14.6703880165299,-2.95,37.553282807276));
#11244=CARTESIAN_POINT('',(-10.0371230025973,-2.95,37.3135970320868));
#11245=CARTESIAN_POINT('',(-14.5295179396755,-2.95,37.6339530854591));
#11246=CARTESIAN_POINT('Origin',(-14.6626386529807,-2.95,37.7030824980787));
#11247=CARTESIAN_POINT('',(-14.5248882213431,-2.95,37.7962202665006));
#11248=CARTESIAN_POINT('Origin',(-14.6532944735633,-2.95,37.7186842465436));
#11249=CARTESIAN_POINT('',(-15.1620525277628,-2.95,38.8514186205203));
#11250=CARTESIAN_POINT('',(-12.44530168234,-2.95,34.3522478548506));
#11251=CARTESIAN_POINT('',(-15.1584174757866,-2.95,38.9603898730639));
#11252=CARTESIAN_POINT('Origin',(-15.076448359616,-2.95,38.9031093004916));
#11253=CARTESIAN_POINT('',(-15.1437868642914,-2.95,38.9812774972093));
#11254=CARTESIAN_POINT('Origin',(-5.65,-2.95,32.3158434546726));
#11255=CARTESIAN_POINT('',(-15.0426177374341,-2.95,39.0219315899272));
#11256=CARTESIAN_POINT('Origin',(-15.0619438740821,-2.95,38.9238168589116));
#11257=CARTESIAN_POINT('',(-13.8332081384153,-2.95,38.7837082881652));
#11258=CARTESIAN_POINT('',(-9.28121392404045,-2.95,37.887079807434));
#11259=CARTESIAN_POINT('',(-13.6822913382322,-2.95,38.8435095570282));
#11260=CARTESIAN_POINT('Origin',(-13.8042189334433,-2.95,38.9308803846885));
#11261=CARTESIAN_POINT('',(-13.6546157161299,-2.95,39.0034662145209));
#11262=CARTESIAN_POINT('Origin',(-13.7927495039896,-2.95,38.9449935144674));
#11263=CARTESIAN_POINT('',(-14.1351242255268,-2.95,40.1386021059887));
#11264=CARTESIAN_POINT('',(-12.0863247463594,-2.95,35.2985924542499));
#11265=CARTESIAN_POINT('',(-14.1160179469562,-2.95,40.2459468664709));
#11266=CARTESIAN_POINT('Origin',(-14.0430350336204,-2.95,40.1775839060244));
#11267=CARTESIAN_POINT('',(-14.0985636351384,-2.95,40.2645397316112));
#11268=CARTESIAN_POINT('Origin',(-5.65,-2.95,32.3158434546726));
#11269=CARTESIAN_POINT('',(-13.9926385834883,-2.95,40.2903821563566));
#11270=CARTESIAN_POINT('Origin',(-14.0257311900079,-2.95,40.1960164878445));
#11271=CARTESIAN_POINT('',(-12.829441741026,-2.95,39.8824666928264));
#11272=CARTESIAN_POINT('',(-8.45138380154635,-2.95,38.3471482767579));
#11273=CARTESIAN_POINT('',(-12.671550448358,-2.95,39.9201815709879));
#11274=CARTESIAN_POINT('Origin',(-12.7798028312466,-2.95,40.0240151955946));
#11275=CARTESIAN_POINT('',(-12.621392318342,-2.95,40.0745714486623));
#11276=CARTESIAN_POINT('Origin',(-12.7664416362652,-2.95,40.0363524040639));
#11277=CARTESIAN_POINT('',(-12.9354632631368,-2.95,41.2665367842895));
#11278=CARTESIAN_POINT('',(-11.5963227993707,-2.95,36.1842168855556));
#11279=CARTESIAN_POINT('',(-12.9012747067056,-2.95,41.3700698229435));
#11280=CARTESIAN_POINT('Origin',(-12.8387637178547,-2.95,41.292016147355));
#11281=CARTESIAN_POINT('',(-12.8813520140195,-2.95,41.3859894319619));
#11282=CARTESIAN_POINT('Origin',(-5.65,-2.95,32.3158434546726));
#11283=CARTESIAN_POINT('',(-12.7728273661657,-2.95,41.3964941114904));
#11284=CARTESIAN_POINT('Origin',(-12.8190127725193,-2.95,41.3077985183646));
#11285=CARTESIAN_POINT('',(-11.6795226135898,-2.95,40.8271904686983));
#11286=CARTESIAN_POINT('',(-7.56452558337654,-2.95,38.6844367727509));
#11287=CARTESIAN_POINT('',(-11.5178710398346,-2.95,40.8420511899998));
#11288=CARTESIAN_POINT('Origin',(-11.6102445040592,-2.95,40.9602338583871));
#11289=CARTESIAN_POINT('',(-11.4462514767879,-2.95,40.9877313551699));
#11290=CARTESIAN_POINT('Origin',(-11.5952635389494,-2.95,40.9705439955601));
#11291=CARTESIAN_POINT('',(-11.5874912782504,-2.95,42.2122611580673));
#11292=CARTESIAN_POINT('',(-10.9852708679658,-2.95,36.9910923892763));
#11293=CARTESIAN_POINT('',(-11.5389164243759,-2.95,42.3098748407908));
#11294=CARTESIAN_POINT('Origin',(-11.4881499034761,-2.95,42.2237193978071));
#11295=CARTESIAN_POINT('',(-11.5169309193923,-2.95,42.322797116356));
#11296=CARTESIAN_POINT('Origin',(-5.65,-2.95,32.3158434546726));
#11297=CARTESIAN_POINT('',(-11.4080159242058,-2.95,42.3177502056854));
#11298=CARTESIAN_POINT('Origin',(-11.4663539287079,-2.95,42.236530274445));
#11299=CARTESIAN_POINT('',(-10.4068597934483,-2.95,41.5986477640627));
#11300=CARTESIAN_POINT('',(-6.63869314536506,-2.95,38.8920790742945));
#11301=CARTESIAN_POINT('',(-10.244738698483,-2.95,41.5903518070731));
#11302=CARTESIAN_POINT('Origin',(-10.3193527866951,-2.95,41.7204776609234));
#11303=CARTESIAN_POINT('',(-10.1531156701753,-2.95,41.724356631683));
#11304=CARTESIAN_POINT('Origin',(-10.3030570207049,-2.95,41.7285508421392));
#11305=CARTESIAN_POINT('',(-10.1186490932498,-2.95,42.956523006316));
#11306=CARTESIAN_POINT('',(-10.2656082073398,-2.95,37.702793306993));
#11307=CARTESIAN_POINT('',(-10.0566767858785,-2.95,43.0462302000234));
#11308=CARTESIAN_POINT('Origin',(-10.0186881928968,-2.95,42.9537268660118));
#11309=CARTESIAN_POINT('',(-10.033076030078,-2.95,43.0558920818696));
#11310=CARTESIAN_POINT('Origin',(-5.65,-2.95,32.3158434546726));
#11311=CARTESIAN_POINT('',(-9.92598788277592,-2.95,43.0353963215471));
#11312=CARTESIAN_POINT('Origin',(-9.9952908918877,-2.95,42.9633054557731));
#11313=CARTESIAN_POINT('',(-9.03736102556298,-2.95,42.1811339330849));
#11314=CARTESIAN_POINT('',(-5.69273376606954,-2.95,38.96584818292));
#11315=CARTESIAN_POINT('',(-8.87807072736243,-2.95,42.149850179565));
#11316=CARTESIAN_POINT('Origin',(-8.93340651189527,-2.95,42.2892702317459));
#11317=CARTESIAN_POINT('',(-8.76830941443125,-2.95,42.2694517118236));
#11318=CARTESIAN_POINT('Origin',(-8.91612767982729,-2.95,42.2949421103161));
#11319=CARTESIAN_POINT('',(-8.55883809923047,-2.95,43.4841713040791));
#11320=CARTESIAN_POINT('',(-9.45198507392726,-2.95,38.3048314603971));
#11321=CARTESIAN_POINT('',(-8.48472991582706,-2.95,43.5641458290007));
#11322=CARTESIAN_POINT('Origin',(-8.46029258896649,-2.95,43.4671777050841));
#11323=CARTESIAN_POINT('',(-8.45999435253882,-2.95,43.5703506290761));
#11324=CARTESIAN_POINT('Origin',(-5.65,-2.95,32.3158434546726));
#11325=CARTESIAN_POINT('',(-8.3569130589835,-2.95,43.534823253677));
#11326=CARTESIAN_POINT('Origin',(-8.43577026329281,-2.95,43.4733290155037));
#11327=CARTESIAN_POINT('',(-7.5989053555398,-2.95,42.5627912371151));
#11328=CARTESIAN_POINT('',(-4.74590445053084,-2.95,38.9042423723085));
#11329=CARTESIAN_POINT('',(-7.44568854522005,-2.95,42.5091565340717));
#11330=CARTESIAN_POINT('Origin',(-7.48061954907577,-2.95,42.6550325943751));
#11331=CARTESIAN_POINT('',(-7.32002337147114,-2.95,42.6119200316846));
#11332=CARTESIAN_POINT('Origin',(-7.46270939812281,-2.95,42.6581877072083));
#11333=CARTESIAN_POINT('',(-6.93981154990719,-2.95,43.7844646536263));
#11334=CARTESIAN_POINT('',(-8.56096448842914,-2.95,38.7849510888198));
#11335=CARTESIAN_POINT('',(-6.85507611937545,-2.95,43.8530784590621));
#11336=CARTESIAN_POINT('Origin',(-6.84468753213946,-2.95,43.7536195366106));
#11337=CARTESIAN_POINT('',(-6.82970929333648,-2.95,43.8556998655304));
#11338=CARTESIAN_POINT('Origin',(-5.65,-2.95,32.3158434546726));
#11339=CARTESIAN_POINT('',(-6.73273329140281,-2.95,43.8058641099652));
#11340=CARTESIAN_POINT('Origin',(-6.81953938563531,-2.95,43.7562183447472));
#11341=CARTESIAN_POINT('',(-6.12077559265677,-2.95,42.7358502340521));
#11342=CARTESIAN_POINT('',(-3.81747991318306,-2.95,38.7085157591074));
#11343=CARTESIAN_POINT('',(-5.97675132263514,-2.95,42.6609564293693));
#11344=CARTESIAN_POINT('Origin',(-5.99056645130794,-2.95,42.8103188818792));
#11345=CARTESIAN_POINT('',(-5.83774046861759,-2.95,42.7447899238707));
#11346=CARTESIAN_POINT('Origin',(-5.97238958049479,-2.95,42.8108929999767));
#11347=CARTESIAN_POINT('',(-5.29452815693714,-2.95,43.8512899483352));
#11348=CARTESIAN_POINT('',(-7.61068506047498,-2.95,39.1333783411772));
#11349=CARTESIAN_POINT('',(-5.2008904482859,-2.95,43.9071462550725));
#11350=CARTESIAN_POINT('Origin',(-5.2047620823524,-2.95,43.8072212309312));
#11351=CARTESIAN_POINT('',(-5.1754087549225,-2.95,43.9061309036574));
#11352=CARTESIAN_POINT('Origin',(-5.65,-2.95,32.3158434546726));
#11353=CARTESIAN_POINT('',(-5.08651219635414,-2.95,43.8430012801952));
#11354=CARTESIAN_POINT('Origin',(-5.17950005875937,-2.95,43.8062146325456));
#11355=CARTESIAN_POINT('',(-4.63306219631195,-2.95,42.696787941779));
#11356=CARTESIAN_POINT('',(-2.92636020025134,-2.95,38.3826527727327));
#11357=CARTESIAN_POINT('',(-4.50116238539438,-2.95,42.6021596573445));
#11358=CARTESIAN_POINT('Origin',(-4.49358040270402,-2.95,42.7519679132534));
#11359=CARTESIAN_POINT('',(-4.35163571122179,-2.95,42.665356540542));
#11360=CARTESIAN_POINT('Origin',(-4.47550684070266,-2.95,42.7499493492265));
#11361=CARTESIAN_POINT('',(-6.62049173883836,-2.95,39.3430202433925));
#11362=CARTESIAN_POINT('Origin',(-5.64999999831922,-15.,32.3158434579968));
#11363=CARTESIAN_POINT('',(-3.74999999831922,-15.15,32.3158434579968));
#11364=CARTESIAN_POINT('Origin',(-5.64999999831922,-15.15,32.3158434579968));
#11365=CARTESIAN_POINT('',(-3.89999999831922,-15.,32.3158434579968));
#11366=CARTESIAN_POINT('Origin',(-5.65,-15.15,32.3158434546726));
#11367=CARTESIAN_POINT('',(-2.04420228795025,-15.15,32.6884664005264));
#11368=CARTESIAN_POINT('Origin',(-5.65,-15.15,32.3158434546726));
#11369=CARTESIAN_POINT('Origin',(-5.99056645130794,-6.05,42.8103188818792));
#11370=CARTESIAN_POINT('',(-5.97675132263514,-6.05,42.6609564293693));
#11371=CARTESIAN_POINT('',(-5.97675132263514,-6.05,42.6609564293693));
#11372=CARTESIAN_POINT('',(-6.12077559265677,-6.05,42.7358502340521));
#11373=CARTESIAN_POINT('',(-6.12077559265677,-6.05,42.7358502340521));
#11374=CARTESIAN_POINT('Origin',(-5.99056645130794,-6.05,42.8103188818792));
#11375=CARTESIAN_POINT('Origin',(-5.97238958049479,-6.05,42.8108929999767));
#11376=CARTESIAN_POINT('',(-5.83774046861759,-6.05,42.7447899238707));
#11377=CARTESIAN_POINT('Origin',(-5.97238958049479,-6.05,42.8108929999767));
#11378=CARTESIAN_POINT('',(-5.83774046861759,-6.05,42.7447899238707));
#11379=CARTESIAN_POINT('Origin',(-6.12077559265677,-6.05,42.7358502340521));
#11380=CARTESIAN_POINT('',(-6.73273329140281,-6.05,43.8058641099652));
#11381=CARTESIAN_POINT('',(-6.73273329140281,-2.95,43.8058641099652));
#11382=CARTESIAN_POINT('',(-3.81747991318306,-6.05,38.7085157591074));
#11383=CARTESIAN_POINT('Origin',(-5.29452815693713,-6.05,43.8512899483352));
#11384=CARTESIAN_POINT('',(-5.29452815693714,-6.05,43.8512899483352));
#11385=CARTESIAN_POINT('',(-5.29452815693715,-2.95,43.8512899483352));
#11386=CARTESIAN_POINT('',(-7.61068506047498,-6.05,39.1333783411772));
#11387=CARTESIAN_POINT('Origin',(-5.2047620823524,-2.95,43.8072212309312));
#11388=CARTESIAN_POINT('',(-5.2008904482859,-6.05,43.9071462550725));
#11389=CARTESIAN_POINT('Origin',(-5.2047620823524,-6.05,43.8072212309312));
#11390=CARTESIAN_POINT('',(-5.2008904482859,-2.95,43.9071462550725));
#11391=CARTESIAN_POINT('Origin',(-5.65,-2.95,32.3158434546726));
#11392=CARTESIAN_POINT('',(-6.85507611937545,-6.05,43.8530784590621));
#11393=CARTESIAN_POINT('',(-6.85507611937545,-2.95,43.8530784590621));
#11394=CARTESIAN_POINT('',(-6.82970929333648,-6.05,43.8556998655304));
#11395=CARTESIAN_POINT('Origin',(-5.65,-6.05,32.3158434546726));
#11396=CARTESIAN_POINT('',(-6.82970929333648,-2.95,43.8556998655304));
#11397=CARTESIAN_POINT('Origin',(-6.81953938563531,-2.95,43.7562183447472));
#11398=CARTESIAN_POINT('Origin',(-6.81953938563531,-6.05,43.7562183447472));
#11399=CARTESIAN_POINT('Origin',(-7.48061954907577,-6.05,42.6550325943751));
#11400=CARTESIAN_POINT('',(-7.44568854522005,-6.05,42.5091565340717));
#11401=CARTESIAN_POINT('',(-7.44568854522005,-6.05,42.5091565340717));
#11402=CARTESIAN_POINT('',(-7.5989053555398,-6.05,42.5627912371151));
#11403=CARTESIAN_POINT('',(-7.5989053555398,-6.05,42.5627912371151));
#11404=CARTESIAN_POINT('Origin',(-7.48061954907577,-6.05,42.6550325943751));
#11405=CARTESIAN_POINT('Origin',(-7.46270939812281,-6.05,42.6581877072083));
#11406=CARTESIAN_POINT('',(-7.32002337147114,-6.05,42.6119200316846));
#11407=CARTESIAN_POINT('Origin',(-7.46270939812281,-6.05,42.6581877072083));
#11408=CARTESIAN_POINT('',(-7.32002337147114,-6.05,42.6119200316846));
#11409=CARTESIAN_POINT('Origin',(-7.5989053555398,-6.05,42.5627912371151));
#11410=CARTESIAN_POINT('',(-8.3569130589835,-6.05,43.534823253677));
#11411=CARTESIAN_POINT('',(-8.3569130589835,-2.95,43.534823253677));
#11412=CARTESIAN_POINT('',(-4.74590445053084,-6.05,38.9042423723085));
#11413=CARTESIAN_POINT('Origin',(-8.43577026329281,-2.95,43.4733290155037));
#11414=CARTESIAN_POINT('',(-8.45999435253882,-6.05,43.5703506290761));
#11415=CARTESIAN_POINT('Origin',(-8.43577026329281,-6.05,43.4733290155037));
#11416=CARTESIAN_POINT('',(-8.45999435253882,-2.95,43.5703506290761));
#11417=CARTESIAN_POINT('Origin',(-6.93981154990717,-6.05,43.7844646536263));
#11418=CARTESIAN_POINT('',(-6.93981154990719,-6.05,43.7844646536263));
#11419=CARTESIAN_POINT('',(-6.93981154990718,-2.95,43.7844646536263));
#11420=CARTESIAN_POINT('',(-8.56096448842914,-6.05,38.7849510888198));
#11421=CARTESIAN_POINT('Origin',(-6.84468753213946,-2.95,43.7536195366106));
#11422=CARTESIAN_POINT('Origin',(-6.84468753213946,-6.05,43.7536195366106));
#11423=CARTESIAN_POINT('Origin',(-5.65,-2.95,32.3158434546726));
#11424=CARTESIAN_POINT('',(-8.48472991582706,-6.05,43.5641458290007));
#11425=CARTESIAN_POINT('',(-8.48472991582706,-2.95,43.5641458290007));
#11426=CARTESIAN_POINT('Origin',(-5.65,-6.05,32.3158434546726));
#11427=CARTESIAN_POINT('Origin',(-8.93340651189527,-6.05,42.2892702317459));
#11428=CARTESIAN_POINT('',(-8.87807072736243,-6.05,42.149850179565));
#11429=CARTESIAN_POINT('',(-8.87807072736243,-6.05,42.149850179565));
#11430=CARTESIAN_POINT('',(-9.03736102556298,-6.05,42.1811339330849));
#11431=CARTESIAN_POINT('',(-9.03736102556298,-6.05,42.1811339330849));
#11432=CARTESIAN_POINT('Origin',(-8.93340651189527,-6.05,42.2892702317459));
#11433=CARTESIAN_POINT('Origin',(-8.91612767982729,-6.05,42.2949421103161));
#11434=CARTESIAN_POINT('',(-8.76830941443125,-6.05,42.2694517118236));
#11435=CARTESIAN_POINT('Origin',(-8.91612767982729,-6.05,42.2949421103161));
#11436=CARTESIAN_POINT('',(-8.76830941443125,-6.05,42.2694517118236));
#11437=CARTESIAN_POINT('Origin',(-9.03736102556298,-6.05,42.1811339330849));
#11438=CARTESIAN_POINT('',(-9.92598788277592,-6.05,43.0353963215471));
#11439=CARTESIAN_POINT('',(-9.92598788277593,-2.95,43.0353963215471));
#11440=CARTESIAN_POINT('',(-5.69273376606954,-6.05,38.96584818292));
#11441=CARTESIAN_POINT('Origin',(-9.9952908918877,-2.95,42.9633054557731));
#11442=CARTESIAN_POINT('',(-10.033076030078,-6.05,43.0558920818696));
#11443=CARTESIAN_POINT('Origin',(-9.9952908918877,-6.05,42.9633054557731));
#11444=CARTESIAN_POINT('',(-10.033076030078,-2.95,43.0558920818696));
#11445=CARTESIAN_POINT('Origin',(-8.55883809923047,-6.05,43.4841713040791));
#11446=CARTESIAN_POINT('',(-8.55883809923047,-6.05,43.4841713040791));
#11447=CARTESIAN_POINT('',(-8.55883809923047,-2.95,43.4841713040791));
#11448=CARTESIAN_POINT('',(-9.45198507392726,-6.05,38.3048314603971));
#11449=CARTESIAN_POINT('Origin',(-8.46029258896649,-2.95,43.4671777050841));
#11450=CARTESIAN_POINT('Origin',(-8.46029258896649,-6.05,43.4671777050841));
#11451=CARTESIAN_POINT('Origin',(-5.65,-2.95,32.3158434546726));
#11452=CARTESIAN_POINT('',(-10.0566767858785,-6.05,43.0462302000234));
#11453=CARTESIAN_POINT('',(-10.0566767858785,-2.95,43.0462302000234));
#11454=CARTESIAN_POINT('Origin',(-5.65,-6.05,32.3158434546726));
#11455=CARTESIAN_POINT('Origin',(-10.3193527866951,-6.05,41.7204776609234));
#11456=CARTESIAN_POINT('',(-10.244738698483,-6.05,41.5903518070731));
#11457=CARTESIAN_POINT('',(-10.244738698483,-6.05,41.5903518070731));
#11458=CARTESIAN_POINT('',(-10.4068597934483,-6.05,41.5986477640627));
#11459=CARTESIAN_POINT('',(-10.4068597934483,-6.05,41.5986477640627));
#11460=CARTESIAN_POINT('Origin',(-10.3193527866951,-6.05,41.7204776609234));
#11461=CARTESIAN_POINT('Origin',(-10.3030570207049,-6.05,41.7285508421392));
#11462=CARTESIAN_POINT('',(-10.1531156701753,-6.05,41.724356631683));
#11463=CARTESIAN_POINT('Origin',(-10.3030570207049,-6.05,41.7285508421392));
#11464=CARTESIAN_POINT('',(-10.1531156701753,-6.05,41.724356631683));
#11465=CARTESIAN_POINT('Origin',(-10.4068597934483,-6.05,41.5986477640627));
#11466=CARTESIAN_POINT('',(-11.4080159242058,-6.05,42.3177502056854));
#11467=CARTESIAN_POINT('',(-11.4080159242058,-2.95,42.3177502056854));
#11468=CARTESIAN_POINT('',(-6.63869314536506,-6.05,38.8920790742945));
#11469=CARTESIAN_POINT('Origin',(-11.4663539287079,-2.95,42.236530274445));
#11470=CARTESIAN_POINT('',(-11.5169309193923,-6.05,42.322797116356));
#11471=CARTESIAN_POINT('Origin',(-11.4663539287079,-6.05,42.236530274445));
#11472=CARTESIAN_POINT('',(-11.5169309193923,-2.95,42.322797116356));
#11473=CARTESIAN_POINT('Origin',(-10.1186490932498,-6.05,42.956523006316));
#11474=CARTESIAN_POINT('',(-10.1186490932498,-6.05,42.956523006316));
#11475=CARTESIAN_POINT('',(-10.1186490932498,-2.95,42.956523006316));
#11476=CARTESIAN_POINT('',(-10.2656082073398,-6.05,37.702793306993));
#11477=CARTESIAN_POINT('Origin',(-10.0186881928968,-2.95,42.9537268660118));
#11478=CARTESIAN_POINT('Origin',(-10.0186881928968,-6.05,42.9537268660118));
#11479=CARTESIAN_POINT('Origin',(-5.65,-2.95,32.3158434546726));
#11480=CARTESIAN_POINT('',(-11.5389164243759,-6.05,42.3098748407908));
#11481=CARTESIAN_POINT('',(-11.5389164243759,-2.95,42.3098748407908));
#11482=CARTESIAN_POINT('Origin',(-5.65,-6.05,32.3158434546726));
#11483=CARTESIAN_POINT('Origin',(-11.6102445040592,-6.05,40.9602338583871));
#11484=CARTESIAN_POINT('',(-11.5178710398346,-6.05,40.8420511899998));
#11485=CARTESIAN_POINT('',(-11.5178710398346,-6.05,40.8420511899998));
#11486=CARTESIAN_POINT('',(-11.6795226135898,-6.05,40.8271904686983));
#11487=CARTESIAN_POINT('',(-11.6795226135898,-6.05,40.8271904686983));
#11488=CARTESIAN_POINT('Origin',(-11.6102445040592,-6.05,40.9602338583871));
#11489=CARTESIAN_POINT('Origin',(-11.5952635389494,-6.05,40.9705439955601));
#11490=CARTESIAN_POINT('',(-11.4462514767879,-6.05,40.9877313551699));
#11491=CARTESIAN_POINT('Origin',(-11.5952635389494,-6.05,40.9705439955601));
#11492=CARTESIAN_POINT('',(-11.4462514767879,-6.05,40.9877313551699));
#11493=CARTESIAN_POINT('Origin',(-11.6795226135898,-6.05,40.8271904686983));
#11494=CARTESIAN_POINT('',(-12.7728273661657,-6.05,41.3964941114904));
#11495=CARTESIAN_POINT('',(-12.7728273661657,-2.95,41.3964941114904));
#11496=CARTESIAN_POINT('',(-7.56452558337654,-6.05,38.6844367727509));
#11497=CARTESIAN_POINT('Origin',(-12.8190127725193,-2.95,41.3077985183646));
#11498=CARTESIAN_POINT('',(-12.8813520140195,-6.05,41.3859894319619));
#11499=CARTESIAN_POINT('Origin',(-12.8190127725193,-6.05,41.3077985183646));
#11500=CARTESIAN_POINT('',(-12.8813520140195,-2.95,41.3859894319619));
#11501=CARTESIAN_POINT('Origin',(-11.5874912782504,-6.05,42.2122611580673));
#11502=CARTESIAN_POINT('',(-11.5874912782504,-6.05,42.2122611580673));
#11503=CARTESIAN_POINT('',(-11.5874912782504,-2.95,42.2122611580673));
#11504=CARTESIAN_POINT('',(-10.9852708679658,-6.05,36.9910923892763));
#11505=CARTESIAN_POINT('Origin',(-11.4881499034761,-2.95,42.2237193978071));
#11506=CARTESIAN_POINT('Origin',(-11.4881499034761,-6.05,42.2237193978071));
#11507=CARTESIAN_POINT('Origin',(-5.65,-2.95,32.3158434546726));
#11508=CARTESIAN_POINT('',(-12.9012747067056,-6.05,41.3700698229435));
#11509=CARTESIAN_POINT('',(-12.9012747067056,-2.95,41.3700698229435));
#11510=CARTESIAN_POINT('Origin',(-5.65,-6.05,32.3158434546726));
#11511=CARTESIAN_POINT('Origin',(-12.7798028312466,-6.05,40.0240151955946));
#11512=CARTESIAN_POINT('',(-12.671550448358,-6.05,39.9201815709879));
#11513=CARTESIAN_POINT('',(-12.671550448358,-6.05,39.9201815709879));
#11514=CARTESIAN_POINT('',(-12.829441741026,-6.05,39.8824666928264));
#11515=CARTESIAN_POINT('',(-12.829441741026,-6.05,39.8824666928264));
#11516=CARTESIAN_POINT('Origin',(-12.7798028312466,-6.05,40.0240151955946));
#11517=CARTESIAN_POINT('Origin',(-12.7664416362652,-6.05,40.0363524040639));
#11518=CARTESIAN_POINT('',(-12.621392318342,-6.05,40.0745714486623));
#11519=CARTESIAN_POINT('Origin',(-12.7664416362652,-6.05,40.0363524040639));
#11520=CARTESIAN_POINT('',(-12.621392318342,-6.05,40.0745714486623));
#11521=CARTESIAN_POINT('Origin',(-12.829441741026,-6.05,39.8824666928264));
#11522=CARTESIAN_POINT('',(-13.9926385834883,-6.05,40.2903821563566));
#11523=CARTESIAN_POINT('',(-13.9926385834883,-2.95,40.2903821563566));
#11524=CARTESIAN_POINT('',(-8.45138380154635,-6.05,38.3471482767579));
#11525=CARTESIAN_POINT('Origin',(-14.0257311900079,-2.95,40.1960164878445));
#11526=CARTESIAN_POINT('',(-14.0985636351384,-6.05,40.2645397316112));
#11527=CARTESIAN_POINT('Origin',(-14.0257311900079,-6.05,40.1960164878445));
#11528=CARTESIAN_POINT('',(-14.0985636351384,-2.95,40.2645397316112));
#11529=CARTESIAN_POINT('Origin',(-12.9354632631368,-6.05,41.2665367842895));
#11530=CARTESIAN_POINT('',(-12.9354632631368,-6.05,41.2665367842895));
#11531=CARTESIAN_POINT('',(-12.9354632631368,-2.95,41.2665367842895));
#11532=CARTESIAN_POINT('',(-11.5963227993707,-6.05,36.1842168855556));
#11533=CARTESIAN_POINT('Origin',(-12.8387637178547,-2.95,41.292016147355));
#11534=CARTESIAN_POINT('Origin',(-12.8387637178547,-6.05,41.292016147355));
#11535=CARTESIAN_POINT('Origin',(-5.65,-2.95,32.3158434546726));
#11536=CARTESIAN_POINT('',(-14.1160179469562,-6.05,40.2459468664709));
#11537=CARTESIAN_POINT('',(-14.1160179469562,-2.95,40.2459468664709));
#11538=CARTESIAN_POINT('Origin',(-5.65,-6.05,32.3158434546726));
#11539=CARTESIAN_POINT('Origin',(-13.8042189334433,-6.05,38.9308803846885));
#11540=CARTESIAN_POINT('',(-13.6822913382322,-6.05,38.8435095570282));
#11541=CARTESIAN_POINT('',(-13.6822913382322,-6.05,38.8435095570282));
#11542=CARTESIAN_POINT('',(-13.8332081384153,-6.05,38.7837082881652));
#11543=CARTESIAN_POINT('',(-13.8332081384153,-6.05,38.7837082881652));
#11544=CARTESIAN_POINT('Origin',(-13.8042189334433,-6.05,38.9308803846885));
#11545=CARTESIAN_POINT('Origin',(-13.7927495039896,-6.05,38.9449935144674));
#11546=CARTESIAN_POINT('',(-13.6546157161299,-6.05,39.0034662145209));
#11547=CARTESIAN_POINT('Origin',(-13.7927495039896,-6.05,38.9449935144674));
#11548=CARTESIAN_POINT('',(-13.6546157161299,-6.05,39.0034662145209));
#11549=CARTESIAN_POINT('Origin',(-13.8332081384153,-6.05,38.7837082881652));
#11550=CARTESIAN_POINT('',(-15.0426177374341,-6.05,39.0219315899272));
#11551=CARTESIAN_POINT('',(-15.0426177374341,-2.95,39.0219315899272));
#11552=CARTESIAN_POINT('',(-9.28121392404045,-6.05,37.887079807434));
#11553=CARTESIAN_POINT('Origin',(-15.0619438740821,-2.95,38.9238168589116));
#11554=CARTESIAN_POINT('',(-15.1437868642914,-6.05,38.9812774972093));
#11555=CARTESIAN_POINT('Origin',(-15.0619438740821,-6.05,38.9238168589116));
#11556=CARTESIAN_POINT('',(-15.1437868642914,-2.95,38.9812774972093));
#11557=CARTESIAN_POINT('Origin',(-14.1351242255268,-6.05,40.1386021059888));
#11558=CARTESIAN_POINT('',(-14.1351242255268,-6.05,40.1386021059887));
#11559=CARTESIAN_POINT('',(-14.1351242255268,-2.95,40.1386021059887));
#11560=CARTESIAN_POINT('',(-12.0863247463594,-6.05,35.2985924542499));
#11561=CARTESIAN_POINT('Origin',(-14.0430350336204,-2.95,40.1775839060244));
#11562=CARTESIAN_POINT('Origin',(-14.0430350336204,-6.05,40.1775839060244));
#11563=CARTESIAN_POINT('Origin',(-5.65,-2.95,32.3158434546726));
#11564=CARTESIAN_POINT('',(-15.1584174757866,-6.05,38.9603898730639));
#11565=CARTESIAN_POINT('',(-15.1584174757866,-2.95,38.9603898730639));
#11566=CARTESIAN_POINT('Origin',(-5.65,-6.05,32.3158434546726));
#11567=CARTESIAN_POINT('Origin',(-14.6626386529807,-6.05,37.7030824980787));
#11568=CARTESIAN_POINT('',(-14.5295179396755,-6.05,37.6339530854591));
#11569=CARTESIAN_POINT('',(-14.5295179396755,-6.05,37.6339530854591));
#11570=CARTESIAN_POINT('',(-14.6703880165299,-6.05,37.553282807276));
#11571=CARTESIAN_POINT('',(-14.6703880165299,-6.05,37.553282807276));
#11572=CARTESIAN_POINT('Origin',(-14.6626386529807,-6.05,37.7030824980787));
#11573=CARTESIAN_POINT('Origin',(-14.6532944735633,-6.05,37.7186842465436));
#11574=CARTESIAN_POINT('',(-14.5248882213431,-6.05,37.7962202665006));
#11575=CARTESIAN_POINT('Origin',(-14.6532944735633,-6.05,37.7186842465436));
#11576=CARTESIAN_POINT('',(-14.5248882213431,-6.05,37.7962202665006));
#11577=CARTESIAN_POINT('Origin',(-14.6703880165299,-6.05,37.553282807276));
#11578=CARTESIAN_POINT('',(-15.9013902803186,-6.05,37.6169644078252));
#11579=CARTESIAN_POINT('',(-15.9013902803186,-2.95,37.6169644078252));
#11580=CARTESIAN_POINT('',(-10.0371230025973,-6.05,37.3135970320868));
#11581=CARTESIAN_POINT('Origin',(-15.9065565226848,-2.95,37.5170979472901));
#11582=CARTESIAN_POINT('',(-15.9957439707081,-6.05,37.5623262472259));
#11583=CARTESIAN_POINT('Origin',(-15.9065565226848,-6.05,37.5170979472901));
#11584=CARTESIAN_POINT('',(-15.9957439707081,-2.95,37.5623262472259));
#11585=CARTESIAN_POINT('Origin',(-15.1620525277628,-6.05,38.8514186205203));
#11586=CARTESIAN_POINT('',(-15.1620525277628,-6.05,38.8514186205203));
#11587=CARTESIAN_POINT('',(-15.1620525277628,-2.95,38.8514186205203));
#11588=CARTESIAN_POINT('',(-12.44530168234,-6.05,34.3522478548506));
#11589=CARTESIAN_POINT('Origin',(-15.076448359616,-2.95,38.9031093004916));
#11590=CARTESIAN_POINT('Origin',(-15.076448359616,-6.05,38.9031093004916));
#11591=CARTESIAN_POINT('Origin',(-5.65,-2.95,32.3158434546726));
#11592=CARTESIAN_POINT('',(-16.0072530448216,-6.05,37.539569075868));
#11593=CARTESIAN_POINT('',(-16.0072530448216,-2.95,37.539569075868));
#11594=CARTESIAN_POINT('Origin',(-5.65,-6.05,32.3158434546726));
#11595=CARTESIAN_POINT('Origin',(-15.337587039847,-6.05,36.3656159600596));
#11596=CARTESIAN_POINT('',(-15.1959831622822,-6.05,36.3161352379689));
#11597=CARTESIAN_POINT('',(-15.1959831622822,-6.05,36.3161352379689));
#11598=CARTESIAN_POINT('',(-15.323938807279,-6.05,36.2162381646957));
#11599=CARTESIAN_POINT('',(-15.323938807279,-6.05,36.2162381646957));
#11600=CARTESIAN_POINT('Origin',(-15.337587039847,-6.05,36.3656159600596));
#11601=CARTESIAN_POINT('Origin',(-15.3305583310125,-6.05,36.3823887206036));
#11602=CARTESIAN_POINT('',(-15.2144935954339,-6.05,36.4774096506931));
#11603=CARTESIAN_POINT('Origin',(-15.3305583310125,-6.05,36.3823887206036));
#11604=CARTESIAN_POINT('',(-15.2144935954339,-6.05,36.4774096506931));
#11605=CARTESIAN_POINT('Origin',(-15.323938807279,-6.05,36.2162381646957));
#11606=CARTESIAN_POINT('',(-16.5514740796642,-6.05,36.1040816902874));
#11607=CARTESIAN_POINT('',(-16.5514740796642,-2.95,36.1040816902874));
#11608=CARTESIAN_POINT('',(-10.7037229082393,-6.05,36.6383744062347));
#11609=CARTESIAN_POINT('Origin',(-16.5423752579522,-2.95,36.0044964933782));
#11610=CARTESIAN_POINT('',(-16.637091564543,-6.05,36.0365717371931));
#11611=CARTESIAN_POINT('Origin',(-16.5423752579522,-6.05,36.0044964933782));
#11612=CARTESIAN_POINT('',(-16.637091564543,-2.95,36.0365717371931));
#11613=CARTESIAN_POINT('Origin',(-15.9953428710279,-6.05,37.4311896717177));
#11614=CARTESIAN_POINT('',(-15.9953428710278,-6.05,37.4311896717176));
#11615=CARTESIAN_POINT('',(-15.9953428710278,-2.95,37.4311896717176));
#11616=CARTESIAN_POINT('',(-12.6659458721001,-6.05,33.3644479343691));
#11617=CARTESIAN_POINT('Origin',(-15.9179663806422,-2.95,37.4945369584439));
#11618=CARTESIAN_POINT('Origin',(-15.9179663806422,-6.05,37.4945369584439));
#11619=CARTESIAN_POINT('Origin',(-5.65,-2.95,32.3158434546726));
#11620=CARTESIAN_POINT('',(-16.6452448097155,-6.05,36.0124082890053));
#11621=CARTESIAN_POINT('',(-16.6452448097155,-2.95,36.0124082890053));
#11622=CARTESIAN_POINT('Origin',(-5.65,-6.05,32.3158434546726));
#11623=CARTESIAN_POINT('Origin',(-15.8153240912761,-6.05,34.9457077324103));
#11624=CARTESIAN_POINT('',(-15.668119696047,-6.05,34.9168829856597));
#11625=CARTESIAN_POINT('',(-15.668119696047,-6.05,34.9168829856597));
#11626=CARTESIAN_POINT('',(-15.7805561012478,-6.05,34.7997927336288));
#11627=CARTESIAN_POINT('',(-15.7805561012478,-6.05,34.7997927336288));
#11628=CARTESIAN_POINT('Origin',(-15.8153240912761,-6.05,34.9457077324103));
#11629=CARTESIAN_POINT('Origin',(-15.8107539372672,-6.05,34.9633100599973));
#11630=CARTESIAN_POINT('',(-15.7093934616435,-6.05,35.0738815481005));
#11631=CARTESIAN_POINT('Origin',(-15.8107539372672,-6.05,34.9633100599973));
#11632=CARTESIAN_POINT('',(-15.7093934616435,-6.05,35.0738815481005));
#11633=CARTESIAN_POINT('Origin',(-15.7805561012478,-6.05,34.7997927336288));
#11634=CARTESIAN_POINT('',(-16.979635304003,-6.05,34.5140813666495));
#11635=CARTESIAN_POINT('',(-16.979635304003,-2.95,34.5140813666495));
#11636=CARTESIAN_POINT('',(-11.267443589203,-6.05,35.8751575153587));
#11637=CARTESIAN_POINT('Origin',(-16.9564566439841,-2.95,34.4168047007953));
#11638=CARTESIAN_POINT('',(-17.0547736582795,-6.05,34.4350739290225));
#11639=CARTESIAN_POINT('Origin',(-16.9564566439841,-6.05,34.4168047007953));
#11640=CARTESIAN_POINT('',(-17.0547736582795,-2.95,34.4350739290224));
#11641=CARTESIAN_POINT('Origin',(-16.6180318669441,-6.05,35.9068270253763));
#11642=CARTESIAN_POINT('',(-16.618031866944,-6.05,35.9068270253763));
#11643=CARTESIAN_POINT('',(-16.618031866944,-2.95,35.9068270253763));
#11644=CARTESIAN_POINT('',(-12.7437656362213,-6.05,32.3553014506065));
#11645=CARTESIAN_POINT('Origin',(-16.5504582165283,-2.95,35.9805413507783));
#11646=CARTESIAN_POINT('Origin',(-16.5504582165283,-6.05,35.9805413507783));
#11647=CARTESIAN_POINT('Origin',(-5.65,-2.95,32.3158434546726));
#11648=CARTESIAN_POINT('',(-17.0594050979512,-6.05,34.4099961021283));
#11649=CARTESIAN_POINT('',(-17.0594050979512,-2.95,34.4099961021283));
#11650=CARTESIAN_POINT('Origin',(-5.65,-6.05,32.3158434546726));
#11651=CARTESIAN_POINT('Origin',(-16.0861244585809,-6.05,33.4722630519686));
#11652=CARTESIAN_POINT('',(-15.9363162026719,-6.05,33.4646810692782));
#11653=CARTESIAN_POINT('',(-15.9363162026719,-6.05,33.4646810692782));
#11654=CARTESIAN_POINT('',(-16.0309444871064,-6.05,33.3327812583607));
#11655=CARTESIAN_POINT('',(-16.0309444871064,-6.05,33.3327812583607));
#11656=CARTESIAN_POINT('Origin',(-16.0861244585809,-6.05,33.4722630519686));
#11657=CARTESIAN_POINT('Origin',(-16.0841058945539,-6.05,33.4903366139699));
#11658=CARTESIAN_POINT('',(-15.9995130858694,-6.05,33.6142077434508));
#11659=CARTESIAN_POINT('Origin',(-16.0841058945539,-6.05,33.4903366139699));
#11660=CARTESIAN_POINT('',(-15.9995130858694,-6.05,33.6142077434508));
#11661=CARTESIAN_POINT('Origin',(-16.0309444871064,-6.05,33.3327812583607));
#11662=CARTESIAN_POINT('',(-17.1771578255226,-6.05,32.8793312583185));
#11663=CARTESIAN_POINT('',(-17.1771578255226,-2.95,32.8793312583185));
#11664=CARTESIAN_POINT('',(-11.7168093180601,-6.05,35.0394832544213));
#11665=CARTESIAN_POINT('Origin',(-17.140371177873,-2.95,32.7863433959132));
#11666=CARTESIAN_POINT('',(-17.2402874489849,-6.05,32.7904346997501));
#11667=CARTESIAN_POINT('Origin',(-17.140371177873,-6.05,32.7863433959132));
#11668=CARTESIAN_POINT('',(-17.2402874489849,-2.95,32.7904346997501));
#11669=CARTESIAN_POINT('Origin',(-17.0174433632413,-6.05,34.3093623090769));
#11670=CARTESIAN_POINT('',(-17.0174433632413,-6.05,34.3093623090769));
#11671=CARTESIAN_POINT('',(-17.0174433632413,-2.95,34.3093623090769));
#11672=CARTESIAN_POINT('',(-12.6771767887199,-6.05,31.3453517158342));
#11673=CARTESIAN_POINT('Origin',(-16.9610481574516,-2.95,34.3919430620641));
#11674=CARTESIAN_POINT('Origin',(-16.9610481574516,-6.05,34.3919430620641));
#11675=CARTESIAN_POINT('Origin',(-5.65,-2.95,32.3158434546726));
#11676=CARTESIAN_POINT('',(-17.2413028003999,-6.05,32.7649530063867));
#11677=CARTESIAN_POINT('',(-17.2413028003999,-2.95,32.7649530063867));
#11678=CARTESIAN_POINT('Origin',(-5.65,-6.05,32.3158434546726));
#11679=CARTESIAN_POINT('Origin',(-16.1444754272066,-6.05,31.9752770033647));
#11680=CARTESIAN_POINT('',(-15.9951129746968,-6.05,31.9890921320375));
#11681=CARTESIAN_POINT('',(-15.9951129746968,-6.05,31.9890921320375));
#11682=CARTESIAN_POINT('',(-16.0700067793795,-6.05,31.8450678620158));
#11683=CARTESIAN_POINT('',(-16.0700067793795,-6.05,31.8450678620158));
#11684=CARTESIAN_POINT('Origin',(-16.1444754272066,-6.05,31.9752770033647));
#11685=CARTESIAN_POINT('Origin',(-16.1450495453041,-6.05,31.9934538741778));
#11686=CARTESIAN_POINT('',(-16.0789464691981,-6.05,32.128102986055));
#11687=CARTESIAN_POINT('Origin',(-16.1450495453041,-6.05,31.9934538741778));
#11688=CARTESIAN_POINT('',(-16.0789464691981,-6.05,32.128102986055));
#11689=CARTESIAN_POINT('Origin',(-16.0700067793795,-6.05,31.8450678620158));
#11690=CARTESIAN_POINT('',(-17.1400206552926,-6.05,31.2331101632698));
#11691=CARTESIAN_POINT('',(-17.1400206552927,-2.95,31.2331101632698));
#11692=CARTESIAN_POINT('',(-12.0426723044348,-6.05,34.1483635414895));
#11693=CARTESIAN_POINT('Origin',(-17.0903748900746,-2.95,31.1463040690373));
#11694=CARTESIAN_POINT('',(-17.1898564108578,-6.05,31.1361341613361));
#11695=CARTESIAN_POINT('Origin',(-17.0903748900746,-6.05,31.1463040690373));
#11696=CARTESIAN_POINT('',(-17.1898564108578,-2.95,31.1361341613361));
#11697=CARTESIAN_POINT('Origin',(-17.1854464936626,-6.05,32.6713152977355));
#11698=CARTESIAN_POINT('',(-17.1854464936626,-6.05,32.6713152977355));
#11699=CARTESIAN_POINT('',(-17.1854464936626,-2.95,32.6713152977355));
#11700=CARTESIAN_POINT('',(-12.4675348865046,-6.05,30.3551583941976));
#11701=CARTESIAN_POINT('Origin',(-17.1413777762586,-2.95,32.7610813723202));
#11702=CARTESIAN_POINT('Origin',(-17.1413777762586,-6.05,32.7610813723202));
#11703=CARTESIAN_POINT('Origin',(-5.65,-2.95,32.3158434546726));
#11704=CARTESIAN_POINT('',(-17.1872350043895,-6.05,31.1107673352972));
#11705=CARTESIAN_POINT('',(-17.1872350043895,-2.95,31.1107673352972));
#11706=CARTESIAN_POINT('Origin',(-5.65,-6.05,32.3158434546726));
#11707=CARTESIAN_POINT('Origin',(-15.9891891397025,-6.05,30.4852239055968));
#11708=CARTESIAN_POINT('',(-15.8433130793991,-6.05,30.5201549094526));
#11709=CARTESIAN_POINT('',(-15.8433130793991,-6.05,30.5201549094526));
#11710=CARTESIAN_POINT('',(-15.8969477824425,-6.05,30.3669380991328));
#11711=CARTESIAN_POINT('',(-15.8969477824425,-6.05,30.3669380991328));
#11712=CARTESIAN_POINT('Origin',(-15.9891891397025,-6.05,30.4852239055968));
#11713=CARTESIAN_POINT('Origin',(-15.9923442525357,-6.05,30.5031340565498));
#11714=CARTESIAN_POINT('',(-15.9460765770121,-6.05,30.6458200832015));
#11715=CARTESIAN_POINT('Origin',(-15.9923442525357,-6.05,30.5031340565498));
#11716=CARTESIAN_POINT('',(-15.9460765770121,-6.05,30.6458200832015));
#11717=CARTESIAN_POINT('Origin',(-15.8969477824425,-6.05,30.3669380991328));
#11718=CARTESIAN_POINT('',(-16.8689797990044,-6.05,29.6089303956891));
#11719=CARTESIAN_POINT('',(-16.8689797990044,-2.95,29.6089303956891));
#11720=CARTESIAN_POINT('',(-12.2383989176359,-6.05,33.2199390041418));
#11721=CARTESIAN_POINT('Origin',(-16.8074855608311,-2.95,29.5300731913798));
#11722=CARTESIAN_POINT('',(-16.9045071744035,-6.05,29.5058491021338));
#11723=CARTESIAN_POINT('Origin',(-16.8074855608311,-6.05,29.5300731913798));
#11724=CARTESIAN_POINT('',(-16.9045071744035,-2.95,29.5058491021338));
#11725=CARTESIAN_POINT('Origin',(-17.1186211989537,-6.05,31.0260319047654));
#11726=CARTESIAN_POINT('',(-17.1186211989537,-6.05,31.0260319047654));
#11727=CARTESIAN_POINT('',(-17.1186211989537,-2.95,31.0260319047654));
#11728=CARTESIAN_POINT('',(-12.1191076341473,-6.05,29.4048789662435));
#11729=CARTESIAN_POINT('Origin',(-17.087776081938,-2.95,31.1211559225332));
#11730=CARTESIAN_POINT('Origin',(-17.087776081938,-6.05,31.1211559225332));
#11731=CARTESIAN_POINT('Origin',(-5.65,-2.95,32.3158434546726));
#11732=CARTESIAN_POINT('',(-16.8983023743281,-6.05,29.4811135388455));
#11733=CARTESIAN_POINT('',(-16.8983023743281,-2.95,29.4811135388455));
#11734=CARTESIAN_POINT('Origin',(-5.65,-6.05,32.3158434546726));
#11735=CARTESIAN_POINT('Origin',(-15.6234267770733,-6.05,29.0324369427773));
#11736=CARTESIAN_POINT('',(-15.4840067248924,-6.05,29.0877727273102));
#11737=CARTESIAN_POINT('',(-15.4840067248924,-6.05,29.0877727273102));
#11738=CARTESIAN_POINT('',(-15.5152904784123,-6.05,28.9284824291096));
#11739=CARTESIAN_POINT('',(-15.5152904784123,-6.05,28.9284824291096));
#11740=CARTESIAN_POINT('Origin',(-15.6234267770733,-6.05,29.0324369427773));
#11741=CARTESIAN_POINT('Origin',(-15.6290986556435,-6.05,29.0497157748453));
#11742=CARTESIAN_POINT('',(-15.6036082571511,-6.05,29.1975340402414));
#11743=CARTESIAN_POINT('Origin',(-15.6290986556435,-6.05,29.0497157748453));
#11744=CARTESIAN_POINT('',(-15.6036082571511,-6.05,29.1975340402414));
#11745=CARTESIAN_POINT('Origin',(-15.5152904784123,-6.05,28.9284824291096));
#11746=CARTESIAN_POINT('',(-16.3695528668745,-6.05,28.0398555718967));
#11747=CARTESIAN_POINT('',(-16.3695528668745,-2.95,28.0398555718967));
#11748=CARTESIAN_POINT('',(-12.3000047282474,-6.05,32.2731096886031));
#11749=CARTESIAN_POINT('Origin',(-16.2974620011005,-2.95,27.9705525627849));
#11750=CARTESIAN_POINT('',(-16.390048627197,-6.05,27.9327674245946));
#11751=CARTESIAN_POINT('Origin',(-16.2974620011005,-6.05,27.9705525627849));
#11752=CARTESIAN_POINT('',(-16.390048627197,-2.95,27.9327674245946));
#11753=CARTESIAN_POINT('Origin',(-16.8183278494065,-6.05,29.4070053554421));
#11754=CARTESIAN_POINT('',(-16.8183278494065,-6.05,29.4070053554421));
#11755=CARTESIAN_POINT('',(-16.8183278494065,-2.95,29.4070053554421));
#11756=CARTESIAN_POINT('',(-11.6389880057245,-6.05,28.5138583807453));
#11757=CARTESIAN_POINT('Origin',(-16.8013342504115,-2.95,29.5055508657061));
#11758=CARTESIAN_POINT('Origin',(-16.8013342504115,-6.05,29.5055508657061));
#11759=CARTESIAN_POINT('Origin',(-5.65,-2.95,32.3158434546726));
#11760=CARTESIAN_POINT('',(-16.3803867453508,-6.05,27.9091666687941));
#11761=CARTESIAN_POINT('',(-16.3803867453508,-2.95,27.9091666687941));
#11762=CARTESIAN_POINT('Origin',(-5.65,-6.05,32.3158434546726));
#11763=CARTESIAN_POINT('Origin',(-15.0546342062508,-6.05,27.6464906679775));
#11764=CARTESIAN_POINT('',(-14.9245083524005,-6.05,27.7211047561896));
#11765=CARTESIAN_POINT('',(-14.9245083524005,-6.05,27.7211047561896));
#11766=CARTESIAN_POINT('',(-14.9328043093901,-6.05,27.5589836612244));
#11767=CARTESIAN_POINT('',(-14.9328043093901,-6.05,27.5589836612244));
#11768=CARTESIAN_POINT('Origin',(-15.0546342062508,-6.05,27.6464906679775));
#11769=CARTESIAN_POINT('Origin',(-15.0627073874666,-6.05,27.6627864339677));
#11770=CARTESIAN_POINT('',(-15.0585131770104,-6.05,27.8127277844973));
#11771=CARTESIAN_POINT('Origin',(-15.0627073874666,-6.05,27.6627864339677));
#11772=CARTESIAN_POINT('',(-15.0585131770104,-6.05,27.8127277844973));
#11773=CARTESIAN_POINT('Origin',(-14.9328043093901,-6.05,27.5589836612244));
#11774=CARTESIAN_POINT('',(-15.6519067510128,-6.05,26.5578275304668));
#11775=CARTESIAN_POINT('',(-15.6519067510128,-2.95,26.5578275304668));
#11776=CARTESIAN_POINT('',(-12.2262356196219,-6.05,31.3271503093075));
#11777=CARTESIAN_POINT('Origin',(-15.5706868197724,-2.95,26.4994895259647));
#11778=CARTESIAN_POINT('',(-15.6569536616834,-6.05,26.4489125352803));
#11779=CARTESIAN_POINT('Origin',(-15.5706868197724,-6.05,26.4994895259647));
#11780=CARTESIAN_POINT('',(-15.6569536616834,-2.95,26.4489125352803));
#11781=CARTESIAN_POINT('Origin',(-16.2906795516434,-6.05,27.8471943614228));
#11782=CARTESIAN_POINT('',(-16.2906795516434,-6.05,27.8471943614228));
#11783=CARTESIAN_POINT('',(-16.2906795516434,-2.95,27.8471943614228));
#11784=CARTESIAN_POINT('',(-11.0369498523204,-6.05,27.7002352473328));
#11785=CARTESIAN_POINT('Origin',(-16.2878834113392,-2.95,27.9471552617758));
#11786=CARTESIAN_POINT('Origin',(-16.2878834113392,-6.05,27.9471552617758));
#11787=CARTESIAN_POINT('Origin',(-5.65,-2.95,32.3158434546726));
#11788=CARTESIAN_POINT('',(-15.6440313861182,-6.05,26.4269270302967));
#11789=CARTESIAN_POINT('',(-15.6440313861182,-2.95,26.4269270302967));
#11790=CARTESIAN_POINT('Origin',(-5.65,-6.05,32.3158434546726));
#11791=CARTESIAN_POINT('Origin',(-14.2943904037145,-6.05,26.3555989506134));
#11792=CARTESIAN_POINT('',(-14.1762077353272,-6.05,26.447972414838));
#11793=CARTESIAN_POINT('',(-14.1762077353272,-6.05,26.447972414838));
#11794=CARTESIAN_POINT('',(-14.1613470140257,-6.05,26.2863208410828));
#11795=CARTESIAN_POINT('',(-14.1613470140257,-6.05,26.2863208410828));
#11796=CARTESIAN_POINT('Origin',(-14.2943904037145,-6.05,26.3555989506134));
#11797=CARTESIAN_POINT('Origin',(-14.3047005408875,-6.05,26.3705799157232));
#11798=CARTESIAN_POINT('',(-14.3218879004973,-6.05,26.5195919778847));
#11799=CARTESIAN_POINT('Origin',(-14.3047005408875,-6.05,26.3705799157232));
#11800=CARTESIAN_POINT('',(-14.3218879004973,-6.05,26.5195919778847));
#11801=CARTESIAN_POINT('Origin',(-14.1613470140257,-6.05,26.2863208410828));
#11802=CARTESIAN_POINT('',(-14.7306506568178,-6.05,25.1930160885069));
#11803=CARTESIAN_POINT('',(-14.7306506568178,-2.95,25.1930160885069));
#11804=CARTESIAN_POINT('',(-12.0185933180783,-6.05,30.401317871296));
#11805=CARTESIAN_POINT('Origin',(-14.641955063692,-2.95,25.1468306821533));
#11806=CARTESIAN_POINT('',(-14.7201459772893,-6.05,25.0844914406531));
#11807=CARTESIAN_POINT('Origin',(-14.641955063692,-6.05,25.1468306821533));
#11808=CARTESIAN_POINT('',(-14.7201459772893,-2.95,25.0844914406531));
#11809=CARTESIAN_POINT('Origin',(-15.5464177033947,-6.05,26.3783521764222));
#11810=CARTESIAN_POINT('',(-15.5464177033947,-6.05,26.3783521764222));
#11811=CARTESIAN_POINT('',(-15.5464177033947,-2.95,26.3783521764222));
#11812=CARTESIAN_POINT('',(-10.3252489346037,-6.05,26.9805725867068));
#11813=CARTESIAN_POINT('Origin',(-15.5578759431345,-2.95,26.4776935511965));
#11814=CARTESIAN_POINT('Origin',(-15.5578759431345,-6.05,26.4776935511965));
#11815=CARTESIAN_POINT('Origin',(-5.65,-2.95,32.3158434546726));
#11816=CARTESIAN_POINT('',(-14.7042263682709,-6.05,25.064568747967));
#11817=CARTESIAN_POINT('',(-14.7042263682709,-2.95,25.064568747967));
#11818=CARTESIAN_POINT('Origin',(-5.65,-6.05,32.3158434546726));
#11819=CARTESIAN_POINT('Origin',(-13.358171740922,-6.05,25.186040623426));
#11820=CARTESIAN_POINT('',(-13.2543381163154,-6.05,25.2942930063146));
#11821=CARTESIAN_POINT('',(-13.2543381163154,-6.05,25.2942930063146));
#11822=CARTESIAN_POINT('',(-13.2166232381538,-6.05,25.1364017136466));
#11823=CARTESIAN_POINT('',(-13.2166232381538,-6.05,25.1364017136466));
#11824=CARTESIAN_POINT('Origin',(-13.358171740922,-6.05,25.186040623426));
#11825=CARTESIAN_POINT('Origin',(-13.3705089493913,-6.05,25.1994018184074));
#11826=CARTESIAN_POINT('',(-13.4087279939897,-6.05,25.3444511363306));
#11827=CARTESIAN_POINT('Origin',(-13.3705089493913,-6.05,25.1994018184074));
#11828=CARTESIAN_POINT('',(-13.4087279939897,-6.05,25.3444511363306));
#11829=CARTESIAN_POINT('Origin',(-13.2166232381538,-6.05,25.1364017136466));
#11830=CARTESIAN_POINT('',(-13.624538701684,-6.05,23.9732048711843));
#11831=CARTESIAN_POINT('',(-13.624538701684,-2.95,23.9732048711843));
#11832=CARTESIAN_POINT('',(-11.6813048220853,-6.05,29.5144596531263));
#11833=CARTESIAN_POINT('Origin',(-13.530173033172,-2.95,23.9401122646647));
#11834=CARTESIAN_POINT('',(-13.5986962769386,-6.05,23.8672798195343));
#11835=CARTESIAN_POINT('Origin',(-13.530173033172,-6.05,23.9401122646647));
#11836=CARTESIAN_POINT('',(-13.5986962769386,-2.95,23.8672798195342));
#11837=CARTESIAN_POINT('Origin',(-14.6006933296169,-6.05,25.0303801915358));
#11838=CARTESIAN_POINT('',(-14.6006933296169,-6.05,25.0303801915358));
#11839=CARTESIAN_POINT('',(-14.6006933296169,-2.95,25.0303801915358));
#11840=CARTESIAN_POINT('',(-9.518373430883,-6.05,26.3695206553019));
#11841=CARTESIAN_POINT('Origin',(-14.6261726926824,-2.95,25.1270797368179));
#11842=CARTESIAN_POINT('Origin',(-14.6261726926824,-6.05,25.1270797368179));
#11843=CARTESIAN_POINT('Origin',(-5.65,-2.95,32.3158434546726));
#11844=CARTESIAN_POINT('',(-13.5801034117983,-6.05,23.8498255077164));
#11845=CARTESIAN_POINT('',(-13.5801034117983,-2.95,23.8498255077164));
#11846=CARTESIAN_POINT('Origin',(-5.65,-6.05,32.3158434546726));
#11847=CARTESIAN_POINT('Origin',(-12.265036930016,-6.05,24.1616245212293));
#11848=CARTESIAN_POINT('',(-12.1776661023556,-6.05,24.2835521164404));
#11849=CARTESIAN_POINT('',(-12.1776661023556,-6.05,24.2835521164404));
#11850=CARTESIAN_POINT('',(-12.1178648334926,-6.05,24.1326353162573));
#11851=CARTESIAN_POINT('',(-12.1178648334926,-6.05,24.1326353162573));
#11852=CARTESIAN_POINT('Origin',(-12.265036930016,-6.05,24.1616245212293));
#11853=CARTESIAN_POINT('Origin',(-12.2791500597948,-6.05,24.173093950683));
#11854=CARTESIAN_POINT('',(-12.3376227598484,-6.05,24.3112277385426));
#11855=CARTESIAN_POINT('Origin',(-12.2791500597948,-6.05,24.173093950683));
#11856=CARTESIAN_POINT('',(-12.3376227598484,-6.05,24.3112277385426));
#11857=CARTESIAN_POINT('Origin',(-12.1178648334926,-6.05,24.1326353162573));
#11858=CARTESIAN_POINT('',(-12.3560881352546,-6.05,22.9232257172385));
#11859=CARTESIAN_POINT('',(-12.3560881352546,-2.95,22.9232257172385));
#11860=CARTESIAN_POINT('',(-11.2212363527614,-6.05,28.6846295306322));
#11861=CARTESIAN_POINT('Origin',(-12.257973404239,-2.95,22.9038995805905));
#11862=CARTESIAN_POINT('',(-12.3154340425367,-6.05,22.8220565903812));
#11863=CARTESIAN_POINT('Origin',(-12.257973404239,-6.05,22.9038995805905));
#11864=CARTESIAN_POINT('',(-12.3154340425367,-2.95,22.8220565903812));
#11865=CARTESIAN_POINT('Origin',(-13.4727586513162,-6.05,23.8307192291458));
#11866=CARTESIAN_POINT('',(-13.4727586513161,-6.05,23.8307192291458));
#11867=CARTESIAN_POINT('',(-13.4727586513161,-2.95,23.8307192291458));
#11868=CARTESIAN_POINT('',(-8.6327489995773,-6.05,25.8795187083132));
#11869=CARTESIAN_POINT('Origin',(-13.5117404513518,-2.95,23.9228084210522));
#11870=CARTESIAN_POINT('Origin',(-13.5117404513518,-6.05,23.9228084210522));
#11871=CARTESIAN_POINT('Origin',(-5.65,-2.95,32.3158434546726));
#11872=CARTESIAN_POINT('',(-12.2945464183913,-6.05,22.807425978886));
#11873=CARTESIAN_POINT('',(-12.2945464183913,-2.95,22.807425978886));
#11874=CARTESIAN_POINT('Origin',(-5.65,-6.05,32.3158434546726));
#11875=CARTESIAN_POINT('Origin',(-11.0372390434061,-6.05,23.303204801692));
#11876=CARTESIAN_POINT('',(-10.9681096307865,-6.05,23.4363255149971));
#11877=CARTESIAN_POINT('',(-10.9681096307865,-6.05,23.4363255149971));
#11878=CARTESIAN_POINT('',(-10.8874393526034,-6.05,23.2954554381427));
#11879=CARTESIAN_POINT('',(-10.8874393526034,-6.05,23.2954554381427));
#11880=CARTESIAN_POINT('Origin',(-11.0372390434061,-6.05,23.303204801692));
#11881=CARTESIAN_POINT('Origin',(-11.052840791871,-6.05,23.3125489811093));
#11882=CARTESIAN_POINT('',(-11.130376811828,-6.05,23.4409552333295));
#11883=CARTESIAN_POINT('Origin',(-11.052840791871,-6.05,23.3125489811093));
#11884=CARTESIAN_POINT('',(-11.130376811828,-6.05,23.4409552333295));
#11885=CARTESIAN_POINT('Origin',(-10.8874393526034,-6.05,23.2954554381427));
#11886=CARTESIAN_POINT('',(-10.9511209531526,-6.05,22.064453174354));
#11887=CARTESIAN_POINT('',(-10.9511209531526,-2.95,22.064453174354));
#11888=CARTESIAN_POINT('',(-10.6477535774143,-6.05,27.9287204520753));
#11889=CARTESIAN_POINT('Origin',(-10.8512544926175,-2.95,22.0592869319878));
#11890=CARTESIAN_POINT('',(-10.8964827925533,-6.05,21.9700994839645));
#11891=CARTESIAN_POINT('Origin',(-10.8512544926175,-6.05,22.0592869319878));
#11892=CARTESIAN_POINT('',(-10.8964827925533,-2.95,21.9700994839645));
#11893=CARTESIAN_POINT('Origin',(-12.1855751658477,-6.05,22.8037909269098));
#11894=CARTESIAN_POINT('',(-12.1855751658477,-6.05,22.8037909269098));
#11895=CARTESIAN_POINT('',(-12.1855751658477,-2.95,22.8037909269098));
#11896=CARTESIAN_POINT('',(-7.68640440017803,-6.05,25.5205417723326));
#11897=CARTESIAN_POINT('Origin',(-12.237265845819,-2.95,22.8893950950566));
#11898=CARTESIAN_POINT('Origin',(-12.237265845819,-6.05,22.8893950950566));
#11899=CARTESIAN_POINT('Origin',(-5.65,-2.95,32.3158434546726));
#11900=CARTESIAN_POINT('',(-10.8737256211954,-6.05,21.958590409851));
#11901=CARTESIAN_POINT('',(-10.8737256211954,-2.95,21.958590409851));
#11902=CARTESIAN_POINT('Origin',(-5.65,-6.05,32.3158434546726));
#11903=CARTESIAN_POINT('Origin',(-9.69977250538696,-6.05,22.6282564148256));
#11904=CARTESIAN_POINT('',(-9.65029178329632,-6.05,22.7698602923904));
#11905=CARTESIAN_POINT('',(-9.65029178329632,-6.05,22.7698602923904));
#11906=CARTESIAN_POINT('',(-9.5503947100231,-6.05,22.6419046473936));
#11907=CARTESIAN_POINT('',(-9.5503947100231,-6.05,22.6419046473936));
#11908=CARTESIAN_POINT('Origin',(-9.69977250538696,-6.05,22.6282564148256));
#11909=CARTESIAN_POINT('Origin',(-9.71654526593099,-6.05,22.6352851236601));
#11910=CARTESIAN_POINT('',(-9.8115661960205,-6.05,22.7513498592387));
#11911=CARTESIAN_POINT('Origin',(-9.71654526593099,-6.05,22.6352851236601));
#11912=CARTESIAN_POINT('',(-9.8115661960205,-6.05,22.7513498592387));
#11913=CARTESIAN_POINT('Origin',(-9.5503947100231,-6.05,22.6419046473936));
#11914=CARTESIAN_POINT('',(-9.43823823561485,-6.05,21.4143693750084));
#11915=CARTESIAN_POINT('',(-9.43823823561485,-2.95,21.4143693750084));
#11916=CARTESIAN_POINT('',(-9.97253095156212,-6.05,27.2621205464333));
#11917=CARTESIAN_POINT('Origin',(-9.33865303870565,-2.95,21.4234681967204));
#11918=CARTESIAN_POINT('',(-9.37072828252046,-6.05,21.3287518901296));
#11919=CARTESIAN_POINT('Origin',(-9.33865303870565,-6.05,21.4234681967204));
#11920=CARTESIAN_POINT('',(-9.37072828252046,-2.95,21.3287518901296));
#11921=CARTESIAN_POINT('Origin',(-10.7653462170451,-6.05,21.9705005836447));
#11922=CARTESIAN_POINT('',(-10.765346217045,-6.05,21.9705005836447));
#11923=CARTESIAN_POINT('',(-10.765346217045,-2.95,21.9705005836447));
#11924=CARTESIAN_POINT('',(-6.69860447969649,-6.05,25.2998975825725));
#11925=CARTESIAN_POINT('Origin',(-10.8286935037713,-2.95,22.0478770740304));
#11926=CARTESIAN_POINT('Origin',(-10.8286935037713,-6.05,22.0478770740304));
#11927=CARTESIAN_POINT('Origin',(-5.65,-2.95,32.3158434546726));
#11928=CARTESIAN_POINT('',(-9.34656483433275,-6.05,21.3205986449571));
#11929=CARTESIAN_POINT('',(-9.34656483433275,-2.95,21.3205986449571));
#11930=CARTESIAN_POINT('Origin',(-5.65,-6.05,32.3158434546726));
#11931=CARTESIAN_POINT('Origin',(-8.27986427773769,-6.05,22.1505193633965));
#11932=CARTESIAN_POINT('',(-8.25103953098712,-6.05,22.2977237586256));
#11933=CARTESIAN_POINT('',(-8.25103953098712,-6.05,22.2977237586256));
#11934=CARTESIAN_POINT('',(-8.13394927895625,-6.05,22.1852873534248));
#11935=CARTESIAN_POINT('',(-8.13394927895625,-6.05,22.1852873534248));
#11936=CARTESIAN_POINT('Origin',(-8.27986427773769,-6.05,22.1505193633965));
#11937=CARTESIAN_POINT('Origin',(-8.29746660532476,-6.05,22.1550895174054));
#11938=CARTESIAN_POINT('',(-8.40803809342792,-6.05,22.2564499930291));
#11939=CARTESIAN_POINT('Origin',(-8.29746660532476,-6.05,22.1550895174054));
#11940=CARTESIAN_POINT('',(-8.40803809342792,-6.05,22.2564499930291));
#11941=CARTESIAN_POINT('Origin',(-8.13394927895625,-6.05,22.1852873534248));
#11942=CARTESIAN_POINT('',(-7.84823791197696,-6.05,20.9862081506696));
#11943=CARTESIAN_POINT('',(-7.84823791197696,-2.95,20.9862081506696));
#11944=CARTESIAN_POINT('',(-9.2093140606861,-6.05,26.6983998654696));
#11945=CARTESIAN_POINT('Origin',(-7.75096124612271,-2.95,21.0093868106885));
#11946=CARTESIAN_POINT('',(-7.76923047434985,-6.05,20.911069796393));
#11947=CARTESIAN_POINT('Origin',(-7.75096124612271,-6.05,21.0093868106885));
#11948=CARTESIAN_POINT('',(-7.76923047434985,-2.95,20.9110697963931));
#11949=CARTESIAN_POINT('Origin',(-9.24098357070371,-6.05,21.3478115877285));
#11950=CARTESIAN_POINT('',(-9.24098357070369,-6.05,21.3478115877286));
#11951=CARTESIAN_POINT('',(-9.24098357070369,-2.95,21.3478115877286));
#11952=CARTESIAN_POINT('',(-5.68945799593395,-6.05,25.2220778184513));
#11953=CARTESIAN_POINT('Origin',(-9.31469789610576,-2.95,21.4153852381443));
#11954=CARTESIAN_POINT('Origin',(-9.31469789610576,-6.05,21.4153852381443));
#11955=CARTESIAN_POINT('Origin',(-5.65,-2.95,32.3158434546726));
#11956=CARTESIAN_POINT('',(-7.74415264745575,-6.05,20.9064383567214));
#11957=CARTESIAN_POINT('',(-7.74415264745575,-2.95,20.9064383567214));
#11958=CARTESIAN_POINT('Origin',(-5.65,-6.05,32.3158434546726));
#11959=CARTESIAN_POINT('Origin',(-6.80641959729598,-6.05,21.8797189960917));
#11960=CARTESIAN_POINT('',(-6.79883761460562,-6.05,22.0295272520007));
#11961=CARTESIAN_POINT('',(-6.79883761460562,-6.05,22.0295272520007));
#11962=CARTESIAN_POINT('',(-6.66693780368806,-6.05,21.9348989675662));
#11963=CARTESIAN_POINT('',(-6.66693780368806,-6.05,21.9348989675662));
#11964=CARTESIAN_POINT('Origin',(-6.80641959729598,-6.05,21.8797189960917));
#11965=CARTESIAN_POINT('Origin',(-6.82449315929735,-6.05,21.8817375601187));
#11966=CARTESIAN_POINT('',(-6.94836428877822,-6.05,21.9663303688032));
#11967=CARTESIAN_POINT('Origin',(-6.82449315929735,-6.05,21.8817375601187));
#11968=CARTESIAN_POINT('',(-6.94836428877822,-6.05,21.9663303688032));
#11969=CARTESIAN_POINT('Origin',(-6.66693780368806,-6.05,21.9348989675662));
#11970=CARTESIAN_POINT('',(-6.21348780364587,-6.05,20.78868562915));
#11971=CARTESIAN_POINT('',(-6.21348780364587,-2.95,20.78868562915));
#11972=CARTESIAN_POINT('',(-8.37363979974867,-6.05,26.2490341366125));
#11973=CARTESIAN_POINT('Origin',(-6.12049994124064,-2.95,20.8254722767996));
#11974=CARTESIAN_POINT('',(-6.12459124507751,-6.05,20.7255560056877));
#11975=CARTESIAN_POINT('Origin',(-6.12049994124064,-6.05,20.8254722767996));
#11976=CARTESIAN_POINT('',(-6.12459124507752,-2.95,20.7255560056877));
#11977=CARTESIAN_POINT('Origin',(-7.6435188544043,-6.05,20.9484000914313));
#11978=CARTESIAN_POINT('',(-7.64351885440428,-6.05,20.9484000914313));
#11979=CARTESIAN_POINT('',(-7.64351885440428,-2.95,20.9484000914313));
#11980=CARTESIAN_POINT('',(-4.67950826116164,-6.05,25.2886666659527));
#11981=CARTESIAN_POINT('Origin',(-7.72609960739148,-2.95,21.004795297221));
#11982=CARTESIAN_POINT('Origin',(-7.72609960739148,-6.05,21.004795297221));
#11983=CARTESIAN_POINT('Origin',(-5.65,-2.95,32.3158434546726));
#11984=CARTESIAN_POINT('',(-6.09910955171411,-6.05,20.7245406542727));
#11985=CARTESIAN_POINT('',(-6.09910955171411,-2.95,20.7245406542727));
#11986=CARTESIAN_POINT('Origin',(-5.65,-6.05,32.3158434546726));
#11987=CARTESIAN_POINT('Origin',(-5.30943354869207,-6.05,21.821368027466));
#11988=CARTESIAN_POINT('',(-5.32324867736487,-6.05,21.9707304799758));
#11989=CARTESIAN_POINT('',(-5.32324867736487,-6.05,21.9707304799758));
#11990=CARTESIAN_POINT('',(-5.17922440734324,-6.05,21.8958366752931));
#11991=CARTESIAN_POINT('',(-5.17922440734324,-6.05,21.8958366752931));
#11992=CARTESIAN_POINT('Origin',(-5.30943354869207,-6.05,21.821368027466));
#11993=CARTESIAN_POINT('Origin',(-5.32761041950522,-6.05,21.8207939093685));
#11994=CARTESIAN_POINT('',(-5.46225953138242,-6.05,21.8868969854745));
#11995=CARTESIAN_POINT('Origin',(-5.32761041950522,-6.05,21.8207939093685));
#11996=CARTESIAN_POINT('',(-5.46225953138242,-6.05,21.8868969854745));
#11997=CARTESIAN_POINT('Origin',(-5.17922440734324,-6.05,21.8958366752931));
#11998=CARTESIAN_POINT('',(-4.5672667085972,-6.05,20.8258227993799));
#11999=CARTESIAN_POINT('',(-4.5672667085972,-2.95,20.8258227993799));
#12000=CARTESIAN_POINT('',(-7.48252008681695,-6.05,25.9231711502378));
#12001=CARTESIAN_POINT('Origin',(-4.4804606143647,-2.95,20.875468564598));
#12002=CARTESIAN_POINT('',(-4.47029070666352,-6.05,20.7759870438148));
#12003=CARTESIAN_POINT('Origin',(-4.4804606143647,-6.05,20.875468564598));
#12004=CARTESIAN_POINT('',(-4.47029070666352,-2.95,20.7759870438148));
#12005=CARTESIAN_POINT('Origin',(-6.00547184306288,-6.05,20.78039696101));
#12006=CARTESIAN_POINT('',(-6.00547184306287,-6.05,20.78039696101));
#12007=CARTESIAN_POINT('',(-6.00547184306287,-2.95,20.78039696101));
#12008=CARTESIAN_POINT('',(-3.68931493952503,-6.05,25.4983085681679));
#12009=CARTESIAN_POINT('Origin',(-6.09523791764762,-2.95,20.824465678414));
#12010=CARTESIAN_POINT('Origin',(-6.09523791764762,-6.05,20.824465678414));
#12011=CARTESIAN_POINT('Origin',(-5.65,-2.95,32.3158434546726));
#12012=CARTESIAN_POINT('',(-4.44492388062457,-6.05,20.7786084502831));
#12013=CARTESIAN_POINT('',(-4.44492388062457,-2.95,20.7786084502831));
#12014=CARTESIAN_POINT('Origin',(-5.65,-6.05,32.3158434546726));
#12015=CARTESIAN_POINT('Origin',(-3.81938045092424,-6.05,21.9766543149701));
#12016=CARTESIAN_POINT('',(-3.85431145477996,-6.05,22.1225303752735));
#12017=CARTESIAN_POINT('',(-3.85431145477996,-6.05,22.1225303752735));
#12018=CARTESIAN_POINT('',(-3.70109464446022,-6.05,22.0688956722301));
#12019=CARTESIAN_POINT('',(-3.70109464446022,-6.05,22.0688956722301));
#12020=CARTESIAN_POINT('Origin',(-3.81938045092424,-6.05,21.9766543149701));
#12021=CARTESIAN_POINT('Origin',(-3.8372906018772,-6.05,21.9734992021369));
#12022=CARTESIAN_POINT('',(-3.97997662852887,-6.05,22.0197668776605));
#12023=CARTESIAN_POINT('Origin',(-3.8372906018772,-6.05,21.9734992021369));
#12024=CARTESIAN_POINT('',(-3.97997662852887,-6.05,22.0197668776605));
#12025=CARTESIAN_POINT('Origin',(-3.70109464446022,-6.05,22.0688956722301));
#12026=CARTESIAN_POINT('',(-2.94308694101651,-6.05,21.0968636556682));
#12027=CARTESIAN_POINT('',(-2.94308694101651,-2.95,21.0968636556682));
#12028=CARTESIAN_POINT('',(-6.55409554946917,-6.05,25.7274445370367));
#12029=CARTESIAN_POINT('Origin',(-2.8642297367072,-2.95,21.1583578938415));
#12030=CARTESIAN_POINT('',(-2.84000564746119,-6.05,21.0613362802691));
#12031=CARTESIAN_POINT('Origin',(-2.8642297367072,-6.05,21.1583578938415));
#12032=CARTESIAN_POINT('',(-2.84000564746119,-2.95,21.0613362802691));
#12033=CARTESIAN_POINT('Origin',(-4.36018845009284,-6.05,20.8472222557189));
#12034=CARTESIAN_POINT('',(-4.36018845009283,-6.05,20.8472222557189));
#12035=CARTESIAN_POINT('',(-4.36018845009283,-2.95,20.8472222557189));
#12036=CARTESIAN_POINT('',(-2.73903551157087,-6.05,25.8467358205253));
#12037=CARTESIAN_POINT('Origin',(-4.45531246786056,-2.95,20.8780673727346));
#12038=CARTESIAN_POINT('Origin',(-4.45531246786056,-6.05,20.8780673727346));
#12039=CARTESIAN_POINT('Origin',(-5.65,-2.95,32.3158434546726));
#12040=CARTESIAN_POINT('',(-2.81527008417296,-6.05,21.0675410803445));
#12041=CARTESIAN_POINT('',(-2.81527008417296,-2.95,21.0675410803445));
#12042=CARTESIAN_POINT('Origin',(-5.65,-6.05,32.3158434546726));
#12043=CARTESIAN_POINT('Origin',(-2.36659348810475,-6.05,22.3424166775993));
#12044=CARTESIAN_POINT('',(-2.42192927263758,-6.05,22.4818367297802));
#12045=CARTESIAN_POINT('',(-2.42192927263758,-6.05,22.4818367297802));
#12046=CARTESIAN_POINT('',(-2.26263897443703,-6.05,22.4505529762603));
#12047=CARTESIAN_POINT('',(-2.26263897443703,-6.05,22.4505529762603));
#12048=CARTESIAN_POINT('Origin',(-2.36659348810475,-6.05,22.3424166775993));
#12049=CARTESIAN_POINT('Origin',(-2.38387232017272,-6.05,22.3367447990291));
#12050=CARTESIAN_POINT('',(-2.53169058556876,-6.05,22.3622351975215));
#12051=CARTESIAN_POINT('Origin',(-2.38387232017272,-6.05,22.3367447990291));
#12052=CARTESIAN_POINT('',(-2.53169058556876,-6.05,22.3622351975215));
#12053=CARTESIAN_POINT('Origin',(-2.26263897443703,-6.05,22.4505529762603));
#12054=CARTESIAN_POINT('',(-1.37401211722409,-6.05,21.5962905877981));
#12055=CARTESIAN_POINT('',(-1.37401211722409,-2.95,21.5962905877981));
#12056=CARTESIAN_POINT('',(-5.60726623393048,-6.05,25.6658387264252));
#12057=CARTESIAN_POINT('Origin',(-1.30470910811231,-2.95,21.6683814535721));
#12058=CARTESIAN_POINT('',(-1.26692396992201,-6.05,21.5757948274756));
#12059=CARTESIAN_POINT('Origin',(-1.30470910811231,-6.05,21.6683814535721));
#12060=CARTESIAN_POINT('',(-1.26692396992201,-2.95,21.5757948274756));
#12061=CARTESIAN_POINT('Origin',(-2.74116190076955,-6.05,21.1475156052661));
#12062=CARTESIAN_POINT('',(-2.74116190076955,-6.05,21.1475156052661));
#12063=CARTESIAN_POINT('',(-2.74116190076955,-2.95,21.1475156052661));
#12064=CARTESIAN_POINT('',(-1.84801492607275,-6.05,26.3268554489481));
#12065=CARTESIAN_POINT('Origin',(-2.83970741103352,-2.95,21.1645092042611));
#12066=CARTESIAN_POINT('Origin',(-2.83970741103352,-6.05,21.1645092042611));
#12067=CARTESIAN_POINT('Origin',(-5.65,-2.95,32.3158434546726));
#12068=CARTESIAN_POINT('',(-1.24332321412154,-6.05,21.5854567093218));
#12069=CARTESIAN_POINT('',(-1.24332321412154,-2.95,21.5854567093218));
#12070=CARTESIAN_POINT('Origin',(-5.65,-6.05,32.3158434546726));
#12071=CARTESIAN_POINT('Origin',(-0.980647213304947,-6.05,22.9112092484218));
#12072=CARTESIAN_POINT('',(-1.05526130151704,-6.05,23.0413351022721));
#12073=CARTESIAN_POINT('',(-1.05526130151704,-6.05,23.0413351022721));
#12074=CARTESIAN_POINT('',(-0.893140206551758,-6.05,23.0330391452825));
#12075=CARTESIAN_POINT('',(-0.893140206551758,-6.05,23.0330391452825));
#12076=CARTESIAN_POINT('Origin',(-0.980647213304947,-6.05,22.9112092484218));
#12077=CARTESIAN_POINT('Origin',(-0.996942979295068,-6.05,22.903136067206));
#12078=CARTESIAN_POINT('',(-1.1468843298247,-6.05,22.9073302776622));
#12079=CARTESIAN_POINT('Origin',(-0.996942979295068,-6.05,22.903136067206));
#12080=CARTESIAN_POINT('',(-1.1468843298247,-6.05,22.9073302776622));
#12081=CARTESIAN_POINT('Origin',(-0.893140206551758,-6.05,23.0330391452825));
#12082=CARTESIAN_POINT('',(0.108015924205836,-6.05,22.3139367036598));
#12083=CARTESIAN_POINT('',(0.108015924205836,-2.95,22.3139367036598));
#12084=CARTESIAN_POINT('',(-4.66130685463494,-6.05,25.7396078350507));
#12085=CARTESIAN_POINT('Origin',(0.166353928707935,-2.95,22.3951566349002));
#12086=CARTESIAN_POINT('',(0.216930919392326,-6.05,22.3088897929892));
#12087=CARTESIAN_POINT('Origin',(0.166353928707935,-6.05,22.3951566349002));
#12088=CARTESIAN_POINT('',(0.216930919392327,-2.95,22.3088897929892));
#12089=CARTESIAN_POINT('Origin',(-1.1813509067502,-6.05,21.6751639030292));
#12090=CARTESIAN_POINT('',(-1.1813509067502,-6.05,21.6751639030292));
#12091=CARTESIAN_POINT('',(-1.1813509067502,-2.95,21.6751639030292));
#12092=CARTESIAN_POINT('',(-1.03439179266021,-6.05,26.9288936023522));
#12093=CARTESIAN_POINT('Origin',(-1.28131180710324,-2.95,21.6779600433334));
#12094=CARTESIAN_POINT('Origin',(-1.28131180710324,-6.05,21.6779600433334));
#12095=CARTESIAN_POINT('Origin',(-5.65,-2.95,32.3158434546726));
#12096=CARTESIAN_POINT('',(0.238916424375848,-6.05,22.3218120685544));
#12097=CARTESIAN_POINT('',(0.238916424375849,-2.95,22.3218120685544));
#12098=CARTESIAN_POINT('Origin',(-5.65,-6.05,32.3158434546726));
#12099=CARTESIAN_POINT('Origin',(0.31024450405923,-6.05,23.6714530509581));
#12100=CARTESIAN_POINT('',(0.217871039834632,-6.05,23.7896357193454));
#12101=CARTESIAN_POINT('',(0.217871039834632,-6.05,23.7896357193454));
#12102=CARTESIAN_POINT('',(0.379522613589773,-6.05,23.8044964406469));
#12103=CARTESIAN_POINT('',(0.379522613589773,-6.05,23.8044964406469));
#12104=CARTESIAN_POINT('Origin',(0.31024450405923,-6.05,23.6714530509581));
#12105=CARTESIAN_POINT('Origin',(0.295263538949418,-6.05,23.6611429137851));
#12106=CARTESIAN_POINT('',(0.146251476787847,-6.05,23.6439555541753));
#12107=CARTESIAN_POINT('Origin',(0.295263538949418,-6.05,23.6611429137851));
#12108=CARTESIAN_POINT('',(0.146251476787847,-6.05,23.6439555541753));
#12109=CARTESIAN_POINT('Origin',(0.379522613589773,-6.05,23.8044964406469));
#12110=CARTESIAN_POINT('',(1.47282736616565,-6.05,23.2351927978548));
#12111=CARTESIAN_POINT('',(1.47282736616565,-2.95,23.2351927978548));
#12112=CARTESIAN_POINT('',(-3.73547441662346,-6.05,25.9472501365942));
#12113=CARTESIAN_POINT('Origin',(1.51901277251932,-2.95,23.3238883909806));
#12114=CARTESIAN_POINT('',(1.58135201401946,-6.05,23.2456974773833));
#12115=CARTESIAN_POINT('Origin',(1.51901277251932,-6.05,23.3238883909806));
#12116=CARTESIAN_POINT('',(1.58135201401946,-2.95,23.2456974773833));
#12117=CARTESIAN_POINT('Origin',(0.28749127825042,-6.05,22.4194257512779));
#12118=CARTESIAN_POINT('',(0.287491278250417,-6.05,22.4194257512779));
#12119=CARTESIAN_POINT('',(0.287491278250417,-2.95,22.4194257512779));
#12120=CARTESIAN_POINT('',(-0.314729132034186,-6.05,27.6405945200689));
#12121=CARTESIAN_POINT('Origin',(0.188149903476083,-2.95,22.4079675115381));
#12122=CARTESIAN_POINT('Origin',(0.188149903476083,-6.05,22.4079675115381));
#12123=CARTESIAN_POINT('Origin',(-5.65,-2.95,32.3158434546726));
#12124=CARTESIAN_POINT('',(1.60127470670556,-6.05,23.2616170864017));
#12125=CARTESIAN_POINT('',(1.60127470670556,-2.95,23.2616170864017));
#12126=CARTESIAN_POINT('Origin',(-5.65,-6.05,32.3158434546726));
#12127=CARTESIAN_POINT('Origin',(1.47980283124658,-6.05,24.6076717137506));
#12128=CARTESIAN_POINT('',(1.371550448358,-6.05,24.7115053383572));
#12129=CARTESIAN_POINT('',(1.371550448358,-6.05,24.7115053383572));
#12130=CARTESIAN_POINT('',(1.529441741026,-6.05,24.7492202165188));
#12131=CARTESIAN_POINT('',(1.529441741026,-6.05,24.7492202165188));
#12132=CARTESIAN_POINT('Origin',(1.47980283124658,-6.05,24.6076717137506));
#12133=CARTESIAN_POINT('Origin',(1.46644163626517,-6.05,24.5953345052813));
#12134=CARTESIAN_POINT('',(1.32139231834195,-6.05,24.5571154606829));
#12135=CARTESIAN_POINT('Origin',(1.46644163626517,-6.05,24.5953345052813));
#12136=CARTESIAN_POINT('',(1.32139231834195,-6.05,24.5571154606829));
#12137=CARTESIAN_POINT('Origin',(1.529441741026,-6.05,24.7492202165188));
#12138=CARTESIAN_POINT('',(2.69263858348827,-6.05,24.3413047529886));
#12139=CARTESIAN_POINT('',(2.69263858348827,-2.95,24.3413047529886));
#12140=CARTESIAN_POINT('',(-2.84861619845366,-6.05,26.2845386325873));
#12141=CARTESIAN_POINT('Origin',(2.72573119000787,-2.95,24.4356704215006));
#12142=CARTESIAN_POINT('',(2.79856363513833,-6.05,24.367147177734));
#12143=CARTESIAN_POINT('Origin',(2.72573119000787,-6.05,24.4356704215006));
#12144=CARTESIAN_POINT('',(2.79856363513833,-2.95,24.367147177734));
#12145=CARTESIAN_POINT('Origin',(1.63546326313678,-6.05,23.3651501250557));
#12146=CARTESIAN_POINT('',(1.63546326313678,-6.05,23.3651501250557));
#12147=CARTESIAN_POINT('',(1.63546326313678,-2.95,23.3651501250557));
#12148=CARTESIAN_POINT('',(0.296322799370726,-6.05,28.4474700237896));
#12149=CARTESIAN_POINT('Origin',(1.53876371785468,-2.95,23.3396707619902));
#12150=CARTESIAN_POINT('Origin',(1.53876371785468,-6.05,23.3396707619902));
#12151=CARTESIAN_POINT('Origin',(-5.65,-2.95,32.3158434546726));
#12152=CARTESIAN_POINT('',(2.81601794695623,-6.05,24.3857400428743));
#12153=CARTESIAN_POINT('',(2.81601794695623,-2.95,24.3857400428743));
#12154=CARTESIAN_POINT('Origin',(-5.65,-6.05,32.3158434546726));
#12155=CARTESIAN_POINT('Origin',(2.50421893344326,-6.05,25.7008065246566));
#12156=CARTESIAN_POINT('',(2.38229133823222,-6.05,25.788177352317));
#12157=CARTESIAN_POINT('',(2.38229133823222,-6.05,25.788177352317));
#12158=CARTESIAN_POINT('',(2.53320813841525,-6.05,25.84797862118));
#12159=CARTESIAN_POINT('',(2.53320813841525,-6.05,25.84797862118));
#12160=CARTESIAN_POINT('Origin',(2.50421893344326,-6.05,25.7008065246566));
#12161=CARTESIAN_POINT('Origin',(2.49274950398958,-6.05,25.6866933948778));
#12162=CARTESIAN_POINT('',(2.35461571612994,-6.05,25.6282206948243));
#12163=CARTESIAN_POINT('Origin',(2.49274950398958,-6.05,25.6866933948778));
#12164=CARTESIAN_POINT('',(2.35461571612994,-6.05,25.6282206948243));
#12165=CARTESIAN_POINT('Origin',(2.53320813841525,-6.05,25.84797862118));
#12166=CARTESIAN_POINT('',(3.74261773743408,-6.05,25.609755319418));
#12167=CARTESIAN_POINT('',(3.74261773743408,-2.95,25.609755319418));
#12168=CARTESIAN_POINT('',(-2.01878607595956,-6.05,26.7446071019112));
#12169=CARTESIAN_POINT('Origin',(3.76194387408206,-2.95,25.7078700504336));
#12170=CARTESIAN_POINT('',(3.84378686429143,-6.05,25.6504094121359));
#12171=CARTESIAN_POINT('Origin',(3.76194387408206,-6.05,25.7078700504336));
#12172=CARTESIAN_POINT('',(3.84378686429143,-2.95,25.6504094121359));
#12173=CARTESIAN_POINT('Origin',(2.83512422552682,-6.05,24.4930848033564));
#12174=CARTESIAN_POINT('',(2.83512422552681,-6.05,24.4930848033565));
#12175=CARTESIAN_POINT('',(2.83512422552681,-2.95,24.4930848033565));
#12176=CARTESIAN_POINT('',(0.786324746359389,-6.05,29.3330944550953));
#12177=CARTESIAN_POINT('Origin',(2.74303503362043,-2.95,24.4541030033208));
#12178=CARTESIAN_POINT('Origin',(2.74303503362043,-6.05,24.4541030033208));
#12179=CARTESIAN_POINT('Origin',(-5.65,-2.95,32.3158434546726));
#12180=CARTESIAN_POINT('',(3.85841747578657,-6.05,25.6712970362813));
#12181=CARTESIAN_POINT('',(3.85841747578657,-2.95,25.6712970362813));
#12182=CARTESIAN_POINT('Origin',(-5.65,-6.05,32.3158434546726));
#12183=CARTESIAN_POINT('Origin',(3.36263865298064,-6.05,26.9286044112665));
#12184=CARTESIAN_POINT('',(3.22951793967549,-6.05,26.9977338238861));
#12185=CARTESIAN_POINT('',(3.22951793967549,-6.05,26.9977338238861));
#12186=CARTESIAN_POINT('',(3.37038801652993,-6.05,27.0784041020692));
#12187=CARTESIAN_POINT('',(3.37038801652993,-6.05,27.0784041020692));
#12188=CARTESIAN_POINT('Origin',(3.36263865298064,-6.05,26.9286044112665));
#12189=CARTESIAN_POINT('Origin',(3.35329447356325,-6.05,26.9130026628016));
#12190=CARTESIAN_POINT('',(3.22488822134307,-6.05,26.8354666428446));
#12191=CARTESIAN_POINT('Origin',(3.35329447356325,-6.05,26.9130026628016));
#12192=CARTESIAN_POINT('',(3.22488822134307,-6.05,26.8354666428446));
#12193=CARTESIAN_POINT('Origin',(3.37038801652993,-6.05,27.0784041020692));
#12194=CARTESIAN_POINT('',(4.60139028031858,-6.05,27.01472250152));
#12195=CARTESIAN_POINT('',(4.60139028031858,-2.95,27.01472250152));
#12196=CARTESIAN_POINT('',(-1.26287699740268,-6.05,27.3180898772583));
#12197=CARTESIAN_POINT('Origin',(4.60655652268477,-2.95,27.1145889620551));
#12198=CARTESIAN_POINT('',(4.69574397070807,-6.05,27.0693606621193));
#12199=CARTESIAN_POINT('Origin',(4.60655652268477,-6.05,27.1145889620551));
#12200=CARTESIAN_POINT('',(4.69574397070807,-2.95,27.0693606621193));
#12201=CARTESIAN_POINT('Origin',(3.86205252776279,-6.05,25.7802682888249));
#12202=CARTESIAN_POINT('',(3.86205252776278,-6.05,25.7802682888249));
#12203=CARTESIAN_POINT('',(3.86205252776278,-2.95,25.7802682888249));
#12204=CARTESIAN_POINT('',(1.14530168234002,-6.05,30.2794390544946));
#12205=CARTESIAN_POINT('Origin',(3.77644835961604,-2.95,25.7285776088536));
#12206=CARTESIAN_POINT('Origin',(3.77644835961604,-6.05,25.7285776088536));
#12207=CARTESIAN_POINT('Origin',(-5.65,-2.95,32.3158434546726));
#12208=CARTESIAN_POINT('',(4.70725304482161,-6.05,27.0921178334772));
#12209=CARTESIAN_POINT('',(4.70725304482161,-2.95,27.0921178334772));
#12210=CARTESIAN_POINT('Origin',(-5.65,-6.05,32.3158434546726));
#12211=CARTESIAN_POINT('Origin',(4.037587039847,-6.05,28.2660709492856));
#12212=CARTESIAN_POINT('',(3.89598316228219,-6.05,28.3155516713763));
#12213=CARTESIAN_POINT('',(3.89598316228219,-6.05,28.3155516713763));
#12214=CARTESIAN_POINT('',(4.02393880727903,-6.05,28.4154487446495));
#12215=CARTESIAN_POINT('',(4.02393880727903,-6.05,28.4154487446495));
#12216=CARTESIAN_POINT('Origin',(4.037587039847,-6.05,28.2660709492856));
#12217=CARTESIAN_POINT('Origin',(4.03055833101245,-6.05,28.2492981887416));
#12218=CARTESIAN_POINT('',(3.91449359543387,-6.05,28.1542772586521));
#12219=CARTESIAN_POINT('Origin',(4.03055833101245,-6.05,28.2492981887416));
#12220=CARTESIAN_POINT('',(3.91449359543387,-6.05,28.1542772586521));
#12221=CARTESIAN_POINT('Origin',(4.02393880727903,-6.05,28.4154487446495));
#12222=CARTESIAN_POINT('',(5.25147407966415,-6.05,28.5276052190578));
#12223=CARTESIAN_POINT('',(5.25147407966415,-2.95,28.5276052190578));
#12224=CARTESIAN_POINT('',(-0.596277091760675,-6.05,27.9933125031105));
#12225=CARTESIAN_POINT('Origin',(5.24237525795218,-2.95,28.6271904159669));
#12226=CARTESIAN_POINT('',(5.33709156454302,-6.05,28.5951151721521));
#12227=CARTESIAN_POINT('Origin',(5.24237525795218,-6.05,28.6271904159669));
#12228=CARTESIAN_POINT('',(5.33709156454302,-2.95,28.5951151721521));
#12229=CARTESIAN_POINT('Origin',(4.69534287102786,-6.05,27.2004972376275));
#12230=CARTESIAN_POINT('',(4.69534287102784,-6.05,27.2004972376276));
#12231=CARTESIAN_POINT('',(4.69534287102784,-2.95,27.2004972376276));
#12232=CARTESIAN_POINT('',(1.36594587210007,-6.05,31.2672389749761));
#12233=CARTESIAN_POINT('Origin',(4.61796638064216,-2.95,27.1371499509013));
#12234=CARTESIAN_POINT('Origin',(4.61796638064216,-6.05,27.1371499509013));
#12235=CARTESIAN_POINT('Origin',(-5.65,-2.95,32.3158434546726));
#12236=CARTESIAN_POINT('',(5.34524480971545,-6.05,28.6192786203398));
#12237=CARTESIAN_POINT('',(5.34524480971545,-2.95,28.6192786203398));
#12238=CARTESIAN_POINT('Origin',(-5.65,-6.05,32.3158434546726));
#12239=CARTESIAN_POINT('Origin',(4.51532409127612,-6.05,29.6859791769349));
#12240=CARTESIAN_POINT('',(4.36811969604702,-6.05,29.7148039236855));
#12241=CARTESIAN_POINT('',(4.36811969604702,-6.05,29.7148039236855));
#12242=CARTESIAN_POINT('',(4.48055610124776,-6.05,29.8318941757164));
#12243=CARTESIAN_POINT('',(4.48055610124776,-6.05,29.8318941757164));
#12244=CARTESIAN_POINT('Origin',(4.51532409127612,-6.05,29.6859791769349));
#12245=CARTESIAN_POINT('Origin',(4.51075393726717,-6.05,29.6683768493478));
#12246=CARTESIAN_POINT('',(4.40939346164353,-6.05,29.5578053612447));
#12247=CARTESIAN_POINT('Origin',(4.51075393726717,-6.05,29.6683768493478));
#12248=CARTESIAN_POINT('',(4.40939346164353,-6.05,29.5578053612447));
#12249=CARTESIAN_POINT('Origin',(4.48055610124776,-6.05,29.8318941757164));
#12250=CARTESIAN_POINT('',(5.67963530400298,-6.05,30.1176055426956));
#12251=CARTESIAN_POINT('',(5.67963530400298,-2.95,30.1176055426956));
#12252=CARTESIAN_POINT('',(-0.03255641079702,-6.05,28.7565293939865));
#12253=CARTESIAN_POINT('Origin',(5.65645664398407,-2.95,30.2148822085499));
#12254=CARTESIAN_POINT('',(5.75477365827954,-6.05,30.1966129803227));
#12255=CARTESIAN_POINT('Origin',(5.65645664398407,-6.05,30.2148822085499));
#12256=CARTESIAN_POINT('',(5.75477365827954,-2.95,30.1966129803227));
#12257=CARTESIAN_POINT('Origin',(5.31803186694405,-6.05,28.7248598839689));
#12258=CARTESIAN_POINT('',(5.31803186694403,-6.05,28.7248598839689));
#12259=CARTESIAN_POINT('',(5.31803186694403,-2.95,28.7248598839689));
#12260=CARTESIAN_POINT('',(1.44376563622131,-6.05,32.2763854587387));
#12261=CARTESIAN_POINT('Origin',(5.25045821652829,-2.95,28.6511455585668));
#12262=CARTESIAN_POINT('Origin',(5.25045821652829,-6.05,28.6511455585668));
#12263=CARTESIAN_POINT('Origin',(-5.65,-2.95,32.3158434546726));
#12264=CARTESIAN_POINT('',(5.75940509795116,-6.05,30.2216908072168));
#12265=CARTESIAN_POINT('',(5.75940509795116,-2.95,30.2216908072168));
#12266=CARTESIAN_POINT('Origin',(-5.65,-6.05,32.3158434546726));
#12267=CARTESIAN_POINT('Origin',(4.78612445858084,-6.05,31.1594238573766));
#12268=CARTESIAN_POINT('',(4.63631620267188,-6.05,31.167005840067));
#12269=CARTESIAN_POINT('',(4.63631620267188,-6.05,31.167005840067));
#12270=CARTESIAN_POINT('',(4.73094448710644,-6.05,31.2989056509845));
#12271=CARTESIAN_POINT('',(4.73094448710644,-6.05,31.2989056509845));
#12272=CARTESIAN_POINT('Origin',(4.78612445858084,-6.05,31.1594238573766));
#12273=CARTESIAN_POINT('Origin',(4.78410589455387,-6.05,31.1413502953753));
#12274=CARTESIAN_POINT('',(4.69951308586938,-6.05,31.0174791658944));
#12275=CARTESIAN_POINT('Origin',(4.78410589455387,-6.05,31.1413502953753));
#12276=CARTESIAN_POINT('',(4.69951308586938,-6.05,31.0174791658944));
#12277=CARTESIAN_POINT('Origin',(4.73094448710644,-6.05,31.2989056509845));
#12278=CARTESIAN_POINT('',(5.87715782552255,-6.05,31.7523556510267));
#12279=CARTESIAN_POINT('',(5.87715782552255,-2.95,31.7523556510267));
#12280=CARTESIAN_POINT('',(0.416809318060067,-6.05,29.5922036549239));
#12281=CARTESIAN_POINT('Origin',(5.84037117787296,-2.95,31.845343513432));
#12282=CARTESIAN_POINT('',(5.94028744898485,-6.05,31.8412522095951));
#12283=CARTESIAN_POINT('Origin',(5.84037117787296,-6.05,31.845343513432));
#12284=CARTESIAN_POINT('',(5.94028744898485,-2.95,31.8412522095951));
#12285=CARTESIAN_POINT('Origin',(5.7174433632413,-6.05,30.3223246002683));
#12286=CARTESIAN_POINT('',(5.71744336324128,-6.05,30.3223246002683));
#12287=CARTESIAN_POINT('',(5.71744336324127,-2.95,30.3223246002683));
#12288=CARTESIAN_POINT('',(1.37717678871992,-6.05,33.286335193511));
#12289=CARTESIAN_POINT('Origin',(5.66104815745164,-2.95,30.2397438472811));
#12290=CARTESIAN_POINT('Origin',(5.66104815745164,-6.05,30.2397438472811));
#12291=CARTESIAN_POINT('Origin',(-5.65,-2.95,32.3158434546726));
#12292=CARTESIAN_POINT('',(5.94130280039992,-6.05,31.8667339029585));
#12293=CARTESIAN_POINT('',(5.94130280039992,-2.95,31.8667339029585));
#12294=CARTESIAN_POINT('Origin',(-5.65,-6.05,32.3158434546726));
#12295=CARTESIAN_POINT('Origin',(4.8444754272066,-6.05,32.6564099059805));
#12296=CARTESIAN_POINT('',(4.69511297469675,-6.05,32.6425947773077));
#12297=CARTESIAN_POINT('',(4.69511297469675,-6.05,32.6425947773077));
#12298=CARTESIAN_POINT('',(4.77000677937946,-6.05,32.7866190473294));
#12299=CARTESIAN_POINT('',(4.77000677937946,-6.05,32.7866190473294));
#12300=CARTESIAN_POINT('Origin',(4.8444754272066,-6.05,32.6564099059805));
#12301=CARTESIAN_POINT('Origin',(4.84504954530414,-6.05,32.6382330351674));
#12302=CARTESIAN_POINT('',(4.77894646919809,-6.05,32.5035839232902));
#12303=CARTESIAN_POINT('Origin',(4.84504954530414,-6.05,32.6382330351674));
#12304=CARTESIAN_POINT('',(4.77894646919809,-6.05,32.5035839232902));
#12305=CARTESIAN_POINT('Origin',(4.77000677937946,-6.05,32.7866190473294));
#12306=CARTESIAN_POINT('',(5.84002065529264,-6.05,33.3985767460754));
#12307=CARTESIAN_POINT('',(5.84002065529264,-2.95,33.3985767460754));
#12308=CARTESIAN_POINT('',(0.742672304434808,-6.05,30.4833233678557));
#12309=CARTESIAN_POINT('Origin',(5.79037489007458,-2.95,33.4853828403079));
#12310=CARTESIAN_POINT('',(5.88985641085778,-6.05,33.4955527480091));
#12311=CARTESIAN_POINT('Origin',(5.79037489007458,-6.05,33.4853828403079));
#12312=CARTESIAN_POINT('',(5.88985641085778,-2.95,33.4955527480091));
#12313=CARTESIAN_POINT('Origin',(5.88544649366263,-6.05,31.9603716116097));
#12314=CARTESIAN_POINT('',(5.88544649366261,-6.05,31.9603716116097));
#12315=CARTESIAN_POINT('',(5.88544649366261,-2.95,31.9603716116097));
#12316=CARTESIAN_POINT('',(1.16753488650464,-6.05,34.2765285151476));
#12317=CARTESIAN_POINT('Origin',(5.84137777625859,-2.95,31.870605537025));
#12318=CARTESIAN_POINT('Origin',(5.84137777625859,-6.05,31.870605537025));
#12319=CARTESIAN_POINT('Origin',(-5.65,-2.95,32.3158434546726));
#12320=CARTESIAN_POINT('',(5.88723500438953,-6.05,33.520919574048));
#12321=CARTESIAN_POINT('',(5.88723500438952,-2.95,33.520919574048));
#12322=CARTESIAN_POINT('Origin',(-5.65,-6.05,32.3158434546726));
#12323=CARTESIAN_POINT('Origin',(4.68918913970246,-6.05,34.1464630037484));
#12324=CARTESIAN_POINT('',(4.54331307939909,-6.05,34.1115319998926));
#12325=CARTESIAN_POINT('',(4.54331307939909,-6.05,34.1115319998926));
#12326=CARTESIAN_POINT('',(4.59694778244252,-6.05,34.2647488102124));
#12327=CARTESIAN_POINT('',(4.59694778244252,-6.05,34.2647488102124));
#12328=CARTESIAN_POINT('Origin',(4.68918913970246,-6.05,34.1464630037484));
#12329=CARTESIAN_POINT('Origin',(4.69234425253566,-6.05,34.1285528527954));
#12330=CARTESIAN_POINT('',(4.64607657701205,-6.05,33.9858668261437));
#12331=CARTESIAN_POINT('Origin',(4.69234425253566,-6.05,34.1285528527954));
#12332=CARTESIAN_POINT('',(4.64607657701205,-6.05,33.9858668261437));
#12333=CARTESIAN_POINT('Origin',(4.59694778244252,-6.05,34.2647488102124));
#12334=CARTESIAN_POINT('',(5.56897979900437,-6.05,35.0227565136561));
#12335=CARTESIAN_POINT('',(5.56897979900437,-2.95,35.0227565136561));
#12336=CARTESIAN_POINT('',(0.938398917635865,-6.05,31.4117479052034));
#12337=CARTESIAN_POINT('Origin',(5.50748556083111,-2.95,35.1016137179654));
#12338=CARTESIAN_POINT('',(5.6045071744035,-6.05,35.1258378072114));
#12339=CARTESIAN_POINT('Origin',(5.50748556083111,-6.05,35.1016137179654));
#12340=CARTESIAN_POINT('',(5.6045071744035,-2.95,35.1258378072114));
#12341=CARTESIAN_POINT('Origin',(5.8186211989537,-6.05,33.6056550045798));
#12342=CARTESIAN_POINT('',(5.81862119895367,-6.05,33.6056550045798));
#12343=CARTESIAN_POINT('',(5.81862119895367,-2.95,33.6056550045798));
#12344=CARTESIAN_POINT('',(0.819107634147243,-6.05,35.2268079431017));
#12345=CARTESIAN_POINT('Origin',(5.78777608193794,-2.95,33.510530986812));
#12346=CARTESIAN_POINT('Origin',(5.78777608193794,-6.05,33.510530986812));
#12347=CARTESIAN_POINT('Origin',(-5.65,-2.95,32.3158434546726));
#12348=CARTESIAN_POINT('',(5.59830237432809,-6.05,35.1505733704997));
#12349=CARTESIAN_POINT('',(5.59830237432809,-2.95,35.1505733704997));
#12350=CARTESIAN_POINT('Origin',(-5.65,-6.05,32.3158434546726));
#12351=CARTESIAN_POINT('Origin',(4.32342677707334,-6.05,35.5992499665678));
#12352=CARTESIAN_POINT('',(4.18400672489239,-6.05,35.543914182035));
#12353=CARTESIAN_POINT('',(4.18400672489239,-6.05,35.543914182035));
#12354=CARTESIAN_POINT('',(4.2152904784123,-6.05,35.7032044802356));
#12355=CARTESIAN_POINT('',(4.2152904784123,-6.05,35.7032044802356));
#12356=CARTESIAN_POINT('Origin',(4.32342677707334,-6.05,35.5992499665678));
#12357=CARTESIAN_POINT('Origin',(4.32909865564351,-6.05,35.5819711344999));
#12358=CARTESIAN_POINT('',(4.30360825715104,-6.05,35.4341528691038));
#12359=CARTESIAN_POINT('Origin',(4.32909865564351,-6.05,35.5819711344999));
#12360=CARTESIAN_POINT('',(4.30360825715104,-6.05,35.4341528691038));
#12361=CARTESIAN_POINT('Origin',(4.2152904784123,-6.05,35.7032044802356));
#12362=CARTESIAN_POINT('',(5.06955286687448,-6.05,36.5918313374485));
#12363=CARTESIAN_POINT('',(5.06955286687448,-2.95,36.5918313374485));
#12364=CARTESIAN_POINT('',(1.00000472824741,-6.05,32.3585772207421));
#12365=CARTESIAN_POINT('Origin',(4.9974620011005,-2.95,36.6611343465603));
#12366=CARTESIAN_POINT('',(5.09004862719698,-6.05,36.6989194847506));
#12367=CARTESIAN_POINT('Origin',(4.9974620011005,-6.05,36.6611343465603));
#12368=CARTESIAN_POINT('',(5.09004862719698,-2.95,36.6989194847506));
#12369=CARTESIAN_POINT('Origin',(5.51832784940653,-6.05,35.224681553903));
#12370=CARTESIAN_POINT('',(5.51832784940649,-6.05,35.2246815539031));
#12371=CARTESIAN_POINT('',(5.51832784940649,-2.95,35.2246815539031));
#12372=CARTESIAN_POINT('',(0.338988005724504,-6.05,36.1178285285998));
#12373=CARTESIAN_POINT('Origin',(5.50133425041152,-2.95,35.1261360436391));
#12374=CARTESIAN_POINT('Origin',(5.50133425041152,-6.05,35.1261360436391));
#12375=CARTESIAN_POINT('Origin',(-5.65,-2.95,32.3158434546726));
#12376=CARTESIAN_POINT('',(5.08038674535079,-6.05,36.722520240551));
#12377=CARTESIAN_POINT('',(5.08038674535078,-2.95,36.7225202405511));
#12378=CARTESIAN_POINT('Origin',(-5.65,-6.05,32.3158434546726));
#12379=CARTESIAN_POINT('Origin',(3.75463420625081,-6.05,36.9851962413676));
#12380=CARTESIAN_POINT('',(3.62450835240047,-6.05,36.9105821531556));
#12381=CARTESIAN_POINT('',(3.62450835240047,-6.05,36.9105821531556));
#12382=CARTESIAN_POINT('',(3.63280430939007,-6.05,37.0727032481208));
#12383=CARTESIAN_POINT('',(3.63280430939007,-6.05,37.0727032481208));
#12384=CARTESIAN_POINT('Origin',(3.75463420625081,-6.05,36.9851962413676));
#12385=CARTESIAN_POINT('Origin',(3.76270738746662,-6.05,36.9689004753775));
#12386=CARTESIAN_POINT('',(3.75851317701036,-6.05,36.8189591248479));
#12387=CARTESIAN_POINT('Origin',(3.76270738746662,-6.05,36.9689004753775));
#12388=CARTESIAN_POINT('',(3.75851317701036,-6.05,36.8189591248479));
#12389=CARTESIAN_POINT('Origin',(3.63280430939007,-6.05,37.0727032481208));
#12390=CARTESIAN_POINT('',(4.35190675101281,-6.05,38.0738593788784));
#12391=CARTESIAN_POINT('',(4.35190675101281,-2.95,38.0738593788784));
#12392=CARTESIAN_POINT('',(0.926235619621879,-6.05,33.3045366000376));
#12393=CARTESIAN_POINT('Origin',(4.27068681977236,-2.95,38.1321973833805));
#12394=CARTESIAN_POINT('',(4.35695366168338,-6.05,38.1827743740649));
#12395=CARTESIAN_POINT('Origin',(4.27068681977236,-6.05,38.1321973833805));
#12396=CARTESIAN_POINT('',(4.35695366168338,-2.95,38.1827743740649));
#12397=CARTESIAN_POINT('Origin',(4.99067955164339,-6.05,36.7844925479224));
#12398=CARTESIAN_POINT('',(4.99067955164336,-6.05,36.7844925479224));
#12399=CARTESIAN_POINT('',(4.99067955164336,-2.95,36.7844925479224));
#12400=CARTESIAN_POINT('',(-0.263050147679561,-6.05,36.9314516620124));
#12401=CARTESIAN_POINT('Origin',(4.98788341133919,-2.95,36.6845316475694));
#12402=CARTESIAN_POINT('Origin',(4.98788341133919,-6.05,36.6845316475694));
#12403=CARTESIAN_POINT('Origin',(-5.65,-2.95,32.3158434546726));
#12404=CARTESIAN_POINT('',(4.34403138611823,-6.05,38.2047598790484));
#12405=CARTESIAN_POINT('',(4.34403138611823,-2.95,38.2047598790484));
#12406=CARTESIAN_POINT('Origin',(-5.65,-6.05,32.3158434546726));
#12407=CARTESIAN_POINT('Origin',(2.9943904037145,-6.05,38.2760879587318));
#12408=CARTESIAN_POINT('',(2.87620773532718,-6.05,38.1837144945072));
#12409=CARTESIAN_POINT('',(2.87620773532718,-6.05,38.1837144945072));
#12410=CARTESIAN_POINT('',(2.86134701402574,-6.05,38.3453660682624));
#12411=CARTESIAN_POINT('',(2.86134701402574,-6.05,38.3453660682624));
#12412=CARTESIAN_POINT('Origin',(2.9943904037145,-6.05,38.2760879587318));
#12413=CARTESIAN_POINT('Origin',(3.00470054088753,-6.05,38.261106993622));
#12414=CARTESIAN_POINT('',(3.02188790049726,-6.05,38.1120949314604));
#12415=CARTESIAN_POINT('Origin',(3.00470054088753,-6.05,38.261106993622));
#12416=CARTESIAN_POINT('',(3.02188790049726,-6.05,38.1120949314604));
#12417=CARTESIAN_POINT('Origin',(2.86134701402574,-6.05,38.3453660682624));
#12418=CARTESIAN_POINT('',(3.43065065681778,-6.05,39.4386708208382));
#12419=CARTESIAN_POINT('',(3.43065065681778,-2.95,39.4386708208382));
#12420=CARTESIAN_POINT('',(0.718593318078346,-6.05,34.2303690380491));
#12421=CARTESIAN_POINT('Origin',(3.34195506369199,-2.95,39.4848562271919));
#12422=CARTESIAN_POINT('',(3.42014597728927,-6.05,39.5471954686921));
#12423=CARTESIAN_POINT('Origin',(3.34195506369199,-6.05,39.4848562271919));
#12424=CARTESIAN_POINT('',(3.42014597728927,-2.95,39.5471954686921));
#12425=CARTESIAN_POINT('Origin',(4.24641770339472,-6.05,38.253334732923));
#12426=CARTESIAN_POINT('',(4.24641770339468,-6.05,38.253334732923));
#12427=CARTESIAN_POINT('',(4.24641770339468,-2.95,38.253334732923));
#12428=CARTESIAN_POINT('',(-0.974751065396313,-6.05,37.6511143226384));
#12429=CARTESIAN_POINT('Origin',(4.2578759431345,-2.95,38.1539933581487));
#12430=CARTESIAN_POINT('Origin',(4.2578759431345,-6.05,38.1539933581487));
#12431=CARTESIAN_POINT('Origin',(-5.65,-2.95,32.3158434546726));
#12432=CARTESIAN_POINT('',(3.4042263682709,-6.05,39.5671181613782));
#12433=CARTESIAN_POINT('',(3.4042263682709,-2.95,39.5671181613782));
#12434=CARTESIAN_POINT('Origin',(-5.65,-6.05,32.3158434546726));
#12435=CARTESIAN_POINT('Origin',(2.05817174092195,-6.05,39.4456462859192));
#12436=CARTESIAN_POINT('',(1.95433811631534,-6.05,39.3373939030306));
#12437=CARTESIAN_POINT('',(1.95433811631534,-6.05,39.3373939030306));
#12438=CARTESIAN_POINT('',(1.91662323815378,-6.05,39.4952851956986));
#12439=CARTESIAN_POINT('',(1.91662323815378,-6.05,39.4952851956986));
#12440=CARTESIAN_POINT('Origin',(2.05817174092195,-6.05,39.4456462859192));
#12441=CARTESIAN_POINT('Origin',(2.07050894939132,-6.05,39.4322850909378));
#12442=CARTESIAN_POINT('',(2.10872799398966,-6.05,39.2872357730146));
#12443=CARTESIAN_POINT('Origin',(2.07050894939132,-6.05,39.4322850909378));
#12444=CARTESIAN_POINT('',(2.10872799398966,-6.05,39.2872357730146));
#12445=CARTESIAN_POINT('Origin',(1.91662323815378,-6.05,39.4952851956986));
#12446=CARTESIAN_POINT('',(2.32453870168401,-6.05,40.6584820381609));
#12447=CARTESIAN_POINT('',(2.32453870168401,-2.95,40.6584820381609));
#12448=CARTESIAN_POINT('',(0.381304822085276,-6.05,35.1172272562189));
#12449=CARTESIAN_POINT('Origin',(2.23017303317194,-2.95,40.6915746446805));
#12450=CARTESIAN_POINT('',(2.29869627693862,-6.05,40.7644070898109));
#12451=CARTESIAN_POINT('Origin',(2.23017303317194,-6.05,40.6915746446805));
#12452=CARTESIAN_POINT('',(2.29869627693862,-2.95,40.7644070898109));
#12453=CARTESIAN_POINT('Origin',(3.30069332961689,-6.05,39.6013067178094));
#12454=CARTESIAN_POINT('',(3.30069332961686,-6.05,39.6013067178094));
#12455=CARTESIAN_POINT('',(3.30069332961686,-2.95,39.6013067178094));
#12456=CARTESIAN_POINT('',(-1.78162656911701,-6.05,38.2621662540433));
#12457=CARTESIAN_POINT('Origin',(3.32617269268239,-2.95,39.5046071725273));
#12458=CARTESIAN_POINT('Origin',(3.32617269268239,-6.05,39.5046071725273));
#12459=CARTESIAN_POINT('Origin',(-5.65,-2.95,32.3158434546726));
#12460=CARTESIAN_POINT('',(2.2801034117983,-6.05,40.7818614016288));
#12461=CARTESIAN_POINT('',(2.2801034117983,-2.95,40.7818614016288));
#12462=CARTESIAN_POINT('Origin',(-5.65,-6.05,32.3158434546726));
#12463=CARTESIAN_POINT('Origin',(0.965036930015958,-6.05,40.4700623881159));
#12464=CARTESIAN_POINT('',(0.877666102355609,-6.05,40.3481347929048));
#12465=CARTESIAN_POINT('',(0.877666102355609,-6.05,40.3481347929048));
#12466=CARTESIAN_POINT('',(0.817864833492563,-6.05,40.4990515930879));
#12467=CARTESIAN_POINT('',(0.817864833492563,-6.05,40.4990515930879));
#12468=CARTESIAN_POINT('Origin',(0.965036930015958,-6.05,40.4700623881159));
#12469=CARTESIAN_POINT('Origin',(0.979150059794819,-6.05,40.4585929586622));
#12470=CARTESIAN_POINT('',(1.03762275984834,-6.05,40.3204591708025));
#12471=CARTESIAN_POINT('Origin',(0.979150059794819,-6.05,40.4585929586622));
#12472=CARTESIAN_POINT('',(1.03762275984834,-6.05,40.3204591708025));
#12473=CARTESIAN_POINT('Origin',(0.817864833492563,-6.05,40.4990515930879));
#12474=CARTESIAN_POINT('',(1.05608813525457,-6.05,41.7084611921067));
#12475=CARTESIAN_POINT('',(1.05608813525457,-2.95,41.7084611921067));
#12476=CARTESIAN_POINT('',(-0.0787636472385922,-6.05,35.947057378713));
#12477=CARTESIAN_POINT('Origin',(0.957973404239022,-2.95,41.7277873287547));
#12478=CARTESIAN_POINT('',(1.01543404253672,-6.05,41.809630318964));
#12479=CARTESIAN_POINT('Origin',(0.957973404239022,-6.05,41.7277873287547));
#12480=CARTESIAN_POINT('',(1.01543404253672,-2.95,41.809630318964));
#12481=CARTESIAN_POINT('Origin',(2.17275865131617,-6.05,40.8009676801994));
#12482=CARTESIAN_POINT('',(2.17275865131614,-6.05,40.8009676801994));
#12483=CARTESIAN_POINT('',(2.17275865131614,-2.95,40.8009676801994));
#12484=CARTESIAN_POINT('',(-2.6672510004227,-6.05,38.752168201032));
#12485=CARTESIAN_POINT('Origin',(2.2117404513518,-2.95,40.708878488293));
#12486=CARTESIAN_POINT('Origin',(2.2117404513518,-6.05,40.708878488293));
#12487=CARTESIAN_POINT('Origin',(-5.65,-2.95,32.3158434546726));
#12488=CARTESIAN_POINT('',(0.994546418391294,-6.05,41.8242609304592));
#12489=CARTESIAN_POINT('',(0.994546418391292,-2.95,41.8242609304592));
#12490=CARTESIAN_POINT('Origin',(-5.65,-6.05,32.3158434546726));
#12491=CARTESIAN_POINT('Origin',(-0.262760956593927,-6.05,41.3284821076532));
#12492=CARTESIAN_POINT('',(-0.331890369213508,-6.05,41.1953613943481));
#12493=CARTESIAN_POINT('',(-0.331890369213508,-6.05,41.1953613943481));
#12494=CARTESIAN_POINT('',(-0.412560647396611,-6.05,41.3362314712025));
#12495=CARTESIAN_POINT('',(-0.412560647396611,-6.05,41.3362314712025));
#12496=CARTESIAN_POINT('Origin',(-0.262760956593927,-6.05,41.3284821076532));
#12497=CARTESIAN_POINT('Origin',(-0.247159208128975,-6.05,41.3191379282359));
#12498=CARTESIAN_POINT('',(-0.169623188172003,-6.05,41.1907316760157));
#12499=CARTESIAN_POINT('Origin',(-0.247159208128975,-6.05,41.3191379282359));
#12500=CARTESIAN_POINT('',(-0.169623188172003,-6.05,41.1907316760157));
#12501=CARTESIAN_POINT('Origin',(-0.412560647396611,-6.05,41.3362314712025));
#12502=CARTESIAN_POINT('',(-0.348879046847426,-6.05,42.5672337349912));
#12503=CARTESIAN_POINT('',(-0.348879046847426,-2.95,42.5672337349912));
#12504=CARTESIAN_POINT('',(-0.652246422585753,-6.05,36.7029664572699));
#12505=CARTESIAN_POINT('Origin',(-0.448745507382502,-2.95,42.5723999773574));
#12506=CARTESIAN_POINT('',(-0.403517207446723,-6.05,42.6615874253807));
#12507=CARTESIAN_POINT('Origin',(-0.448745507382502,-6.05,42.5723999773574));
#12508=CARTESIAN_POINT('',(-0.403517207446723,-2.95,42.6615874253807));
#12509=CARTESIAN_POINT('Origin',(0.885575165847723,-6.05,41.8278959824354));
#12510=CARTESIAN_POINT('',(0.8855751658477,-6.05,41.8278959824354));
#12511=CARTESIAN_POINT('',(0.885575165847699,-2.95,41.8278959824354));
#12512=CARTESIAN_POINT('',(-3.61359559982197,-6.05,39.1111451370126));
#12513=CARTESIAN_POINT('Origin',(0.937265845818982,-2.95,41.7422918142886));
#12514=CARTESIAN_POINT('Origin',(0.937265845818982,-6.05,41.7422918142886));
#12515=CARTESIAN_POINT('Origin',(-5.65,-2.95,32.3158434546726));
#12516=CARTESIAN_POINT('',(-0.426274378804582,-6.05,42.6730964994942));
#12517=CARTESIAN_POINT('',(-0.426274378804581,-2.95,42.6730964994942));
#12518=CARTESIAN_POINT('Origin',(-5.65,-6.05,32.3158434546726));
#12519=CARTESIAN_POINT('Origin',(-1.60022749461304,-6.05,42.0034304945196));
#12520=CARTESIAN_POINT('',(-1.6497082167037,-6.05,41.8618266169548));
#12521=CARTESIAN_POINT('',(-1.6497082167037,-6.05,41.8618266169548));
#12522=CARTESIAN_POINT('',(-1.74960528997691,-6.05,41.9897822619516));
#12523=CARTESIAN_POINT('',(-1.74960528997691,-6.05,41.9897822619516));
#12524=CARTESIAN_POINT('Origin',(-1.60022749461304,-6.05,42.0034304945196));
#12525=CARTESIAN_POINT('Origin',(-1.58345473406902,-6.05,41.996401785685));
#12526=CARTESIAN_POINT('',(-1.48843380397951,-6.05,41.8803370501065));
#12527=CARTESIAN_POINT('Origin',(-1.58345473406902,-6.05,41.996401785685));
#12528=CARTESIAN_POINT('',(-1.48843380397951,-6.05,41.8803370501065));
#12529=CARTESIAN_POINT('Origin',(-1.74960528997691,-6.05,41.9897822619516));
#12530=CARTESIAN_POINT('',(-1.86176176438516,-6.05,43.2173175343367));
#12531=CARTESIAN_POINT('',(-1.86176176438516,-2.95,43.2173175343367));
#12532=CARTESIAN_POINT('',(-1.32746904843789,-6.05,37.3695663629119));
#12533=CARTESIAN_POINT('Origin',(-1.96134696129436,-2.95,43.2082187126248));
#12534=CARTESIAN_POINT('',(-1.92927171747954,-6.05,43.3029350192156));
#12535=CARTESIAN_POINT('Origin',(-1.96134696129436,-6.05,43.2082187126248));
#12536=CARTESIAN_POINT('',(-1.92927171747954,-2.95,43.3029350192156));
#12537=CARTESIAN_POINT('Origin',(-0.534653782954947,-6.05,42.6611863257004));
#12538=CARTESIAN_POINT('',(-0.53465378295496,-6.05,42.6611863257004));
#12539=CARTESIAN_POINT('',(-0.534653782954961,-2.95,42.6611863257004));
#12540=CARTESIAN_POINT('',(-4.60139552030351,-6.05,39.3317893267727));
#12541=CARTESIAN_POINT('Origin',(-0.471306496228655,-2.95,42.5838098353148));
#12542=CARTESIAN_POINT('Origin',(-0.471306496228655,-6.05,42.5838098353148));
#12543=CARTESIAN_POINT('Origin',(-5.65,-2.95,32.3158434546726));
#12544=CARTESIAN_POINT('',(-1.95343516566726,-6.05,43.311088264388));
#12545=CARTESIAN_POINT('',(-1.95343516566725,-2.95,43.311088264388));
#12546=CARTESIAN_POINT('Origin',(-5.65,-6.05,32.3158434546726));
#12547=CARTESIAN_POINT('Origin',(-3.02013572226232,-6.05,42.4811675459487));
#12548=CARTESIAN_POINT('',(-3.0489604690129,-6.05,42.3339631507196));
#12549=CARTESIAN_POINT('',(-3.0489604690129,-6.05,42.3339631507196));
#12550=CARTESIAN_POINT('',(-3.16605072104376,-6.05,42.4463995559203));
#12551=CARTESIAN_POINT('',(-3.16605072104376,-6.05,42.4463995559203));
#12552=CARTESIAN_POINT('Origin',(-3.02013572226232,-6.05,42.4811675459487));
#12553=CARTESIAN_POINT('Origin',(-3.00253339467525,-6.05,42.4765973919398));
#12554=CARTESIAN_POINT('',(-2.89196190657209,-6.05,42.3752369163161));
#12555=CARTESIAN_POINT('Origin',(-3.00253339467525,-6.05,42.4765973919398));
#12556=CARTESIAN_POINT('',(-2.89196190657209,-6.05,42.3752369163161));
#12557=CARTESIAN_POINT('Origin',(-3.16605072104376,-6.05,42.4463995559203));
#12558=CARTESIAN_POINT('',(-3.45176208802306,-6.05,43.6454787586756));
#12559=CARTESIAN_POINT('',(-3.45176208802306,-2.95,43.6454787586756));
#12560=CARTESIAN_POINT('',(-2.09068593931391,-6.05,37.9332870438756));
#12561=CARTESIAN_POINT('Origin',(-3.5490387538773,-2.95,43.6223000986567));
#12562=CARTESIAN_POINT('',(-3.53076952565016,-6.05,43.7206171129521));
#12563=CARTESIAN_POINT('Origin',(-3.5490387538773,-6.05,43.6223000986567));
#12564=CARTESIAN_POINT('',(-3.53076952565015,-2.95,43.7206171129521));
#12565=CARTESIAN_POINT('Origin',(-2.0590164292963,-6.05,43.2838753216166));
#12566=CARTESIAN_POINT('',(-2.05901642929632,-6.05,43.2838753216166));
#12567=CARTESIAN_POINT('',(-2.05901642929632,-2.95,43.2838753216166));
#12568=CARTESIAN_POINT('',(-5.61054200406606,-6.05,39.4096090908939));
#12569=CARTESIAN_POINT('Origin',(-1.98530210389424,-2.95,43.2163016712009));
#12570=CARTESIAN_POINT('Origin',(-1.98530210389424,-6.05,43.2163016712009));
#12571=CARTESIAN_POINT('Origin',(-5.65,-2.95,32.3158434546726));
#12572=CARTESIAN_POINT('',(-3.55584735254425,-6.05,43.7252485526238));
#12573=CARTESIAN_POINT('',(-3.55584735254425,-2.95,43.7252485526238));
#12574=CARTESIAN_POINT('Origin',(-5.65,-6.05,32.3158434546726));
#12575=CARTESIAN_POINT('Origin',(-5.65,-2.95,32.3158434546726));
#12576=CARTESIAN_POINT('',(-5.1754087549225,-6.05,43.9061309036574));
#12577=CARTESIAN_POINT('',(-5.1754087549225,-2.95,43.9061309036574));
#12578=CARTESIAN_POINT('Origin',(-5.65,-6.05,32.3158434546726));
#12579=CARTESIAN_POINT('Origin',(-5.65,-6.05,32.3158434546726));
#12580=CARTESIAN_POINT('',(-3.65648114559572,-6.05,43.6832868179139));
#12581=CARTESIAN_POINT('Origin',(-3.57390039260852,-6.05,43.6268916121242));
#12582=CARTESIAN_POINT('',(-4.35163571122179,-6.05,42.665356540542));
#12583=CARTESIAN_POINT('',(-6.62049173883836,-6.05,39.3430202433925));
#12584=CARTESIAN_POINT('',(-4.50116238539438,-6.05,42.6021596573445));
#12585=CARTESIAN_POINT('Origin',(-4.47550684070266,-6.05,42.7499493492265));
#12586=CARTESIAN_POINT('',(-4.63306219631195,-6.05,42.696787941779));
#12587=CARTESIAN_POINT('Origin',(-4.49358040270402,-6.05,42.7519679132534));
#12588=CARTESIAN_POINT('',(-5.08651219635414,-6.05,43.8430012801952));
#12589=CARTESIAN_POINT('',(-2.92636020025134,-6.05,38.3826527727327));
#12590=CARTESIAN_POINT('Origin',(-5.17950005875937,-6.05,43.8062146325456));
#12591=CARTESIAN_POINT('',(-0.933316813060212,-6.05,32.0356208395262));
#12592=CARTESIAN_POINT('Origin',(-5.65,-6.05,32.3158434546726));
#12593=CARTESIAN_POINT('Origin',(-4.49358040270402,-6.05,42.7519679132534));
#12594=CARTESIAN_POINT('',(-4.50116238539438,-6.05,42.6021596573445));
#12595=CARTESIAN_POINT('',(-4.63306219631195,-6.05,42.696787941779));
#12596=CARTESIAN_POINT('Origin',(-4.47550684070266,-6.05,42.7499493492265));
#12597=CARTESIAN_POINT('',(-4.35163571122179,-6.05,42.665356540542));
#12598=CARTESIAN_POINT('Origin',(-4.63306219631195,-6.05,42.696787941779));
#12599=CARTESIAN_POINT('',(-5.08651219635414,-2.95,43.8430012801952));
#12600=CARTESIAN_POINT('Origin',(-5.17950005875937,-2.95,43.8062146325456));
#12601=CARTESIAN_POINT('Origin',(-3.65648114559571,-6.05,43.6832868179139));
#12602=CARTESIAN_POINT('',(-3.65648114559572,-2.95,43.6832868179139));
#12603=CARTESIAN_POINT('Origin',(-3.57390039260852,-2.95,43.6268916121242));
#12604=CARTESIAN_POINT('Origin',(-3.57662732055174,-15.15,36.3556180127331));
#12605=CARTESIAN_POINT('',(-3.46991313364301,-14.9590909090908,36.4514022143975));
#12606=CARTESIAN_POINT('',(-3.46991313364304,-6.55,36.4514022143976));
#12607=CARTESIAN_POINT('',(-3.46991313364305,-6.55,36.4514022143976));
#12608=CARTESIAN_POINT('',(-4.17054318534547,-6.55,35.8225327818646));
#12609=CARTESIAN_POINT('',(-3.64368976969667,-6.55,36.2954242996093));
#12610=CARTESIAN_POINT('',(-4.17054318534547,-15.1170902760269,35.8225327818646));
#12611=CARTESIAN_POINT('',(-4.17054318534547,-15.15,35.8225327818646));
#12612=CARTESIAN_POINT('Ctrl Pts',(-3.46991313364301,-14.9590909090908,
36.4514022143975));
#12613=CARTESIAN_POINT('Ctrl Pts',(-3.85612279606299,-15.0475916041101,
36.1047492972772));
#12614=CARTESIAN_POINT('Ctrl Pts',(-4.17054318534544,-15.1170902760268,
35.8225327818646));
#12615=CARTESIAN_POINT('Origin',(-4.32083596515134,-15.15,35.9899755492158));
#12616=CARTESIAN_POINT('',(-4.54347183045416,-15.1170902760269,35.9574444643759));
#12617=CARTESIAN_POINT('Ctrl Pts',(-4.54347183045416,-15.1170902760269,
35.9574444643759));
#12618=CARTESIAN_POINT('Ctrl Pts',(-4.53987542909592,-15.1211819573736,
35.9328314540103));
#12619=CARTESIAN_POINT('Ctrl Pts',(-4.53205214458637,-15.1249140789161,
35.9089516101685));
#12620=CARTESIAN_POINT('Ctrl Pts',(-4.50920369843212,-15.1314540165011,
35.864010619072));
#12621=CARTESIAN_POINT('Ctrl Pts',(-4.49153791508508,-15.1345200585606,
35.8405881073784));
#12622=CARTESIAN_POINT('Ctrl Pts',(-4.44838658404972,-15.138597045466,35.8023979992995));
#12623=CARTESIAN_POINT('Ctrl Pts',(-4.42290234657811,-15.1396067046774,
35.7876287852804));
#12624=CARTESIAN_POINT('Ctrl Pts',(-4.37185349567232,-15.1396067046774,
35.7691612139198));
#12625=CARTESIAN_POINT('Ctrl Pts',(-4.34281842194344,-15.138597045466,35.7642073734086));
#12626=CARTESIAN_POINT('Ctrl Pts',(-4.28522081757414,-15.1345200585606,
35.7659502721755));
#12627=CARTESIAN_POINT('Ctrl Pts',(-4.25665825894327,-15.1314540165011,
35.7726490929493));
#12628=CARTESIAN_POINT('Ctrl Pts',(-4.21034518685592,-15.1249140789161,
35.792570024811));
#12629=CARTESIAN_POINT('Ctrl Pts',(-4.18905444615622,-15.1211819573736,
35.8059174995866));
#12630=CARTESIAN_POINT('Ctrl Pts',(-4.17054318534548,-15.1170902760269,
35.8225327818646));
#12631=CARTESIAN_POINT('',(-4.54347183045416,-6.55,35.9574444643759));
#12632=CARTESIAN_POINT('Origin',(-4.32083596515134,-6.55,35.9899755492158));
#12633=CARTESIAN_POINT('',(-4.54347183045416,-15.15,35.9574444643759));
#12634=CARTESIAN_POINT('Origin',(-6.06005054553335,-15.15,28.5081152474854));
#12635=CARTESIAN_POINT('',(-5.76356668544888,-6.55,27.6422230584534));
#12636=CARTESIAN_POINT('',(-5.76356668544892,-14.9590909090908,27.6422230584534));
#12637=CARTESIAN_POINT('',(-5.76356668544888,-6.55,27.6422230584534));
#12638=CARTESIAN_POINT('',(-6.06854499509273,-15.1170902760269,28.532923604748));
#12639=CARTESIAN_POINT('Ctrl Pts',(-6.06854499509276,-15.1170902760268,
28.532923604748));
#12640=CARTESIAN_POINT('Ctrl Pts',(-5.93168047064379,-15.0475916041101,
28.1332056482894));
#12641=CARTESIAN_POINT('Ctrl Pts',(-5.76356668544892,-14.9590909090908,
27.6422230584534));
#12642=CARTESIAN_POINT('',(-6.06854499509273,-6.55,28.532923604748));
#12643=CARTESIAN_POINT('',(-6.06854499509273,-15.15,28.532923604748));
#12644=CARTESIAN_POINT('',(-5.98496991138651,-6.55,28.2888394506957));
#12645=CARTESIAN_POINT('Origin',(-6.28141249055685,-15.15,28.4600371905488));
#12646=CARTESIAN_POINT('',(-6.45991377794539,-15.1170902760269,28.597012700771));
#12647=CARTESIAN_POINT('Ctrl Pts',(-6.06854499509273,-15.1170902760269,
28.5329236047481));
#12648=CARTESIAN_POINT('Ctrl Pts',(-6.07660278967022,-15.1211819573736,
28.5564566948242));
#12649=CARTESIAN_POINT('Ctrl Pts',(-6.08868077768575,-15.1249140789161,
28.5784924141889));
#12650=CARTESIAN_POINT('Ctrl Pts',(-6.11939807106915,-15.1314540165011,
28.6184698085463));
#12651=CARTESIAN_POINT('Ctrl Pts',(-6.14106693611388,-15.1345200585606,
28.6382474282963));
#12652=CARTESIAN_POINT('Ctrl Pts',(-6.19050094768204,-15.138597045466,28.6678582409409));
#12653=CARTESIAN_POINT('Ctrl Pts',(-6.21826510353713,-15.1396067046774,
28.6776932646778));
#12654=CARTESIAN_POINT('Ctrl Pts',(-6.27183815808006,-15.1396067046774,
28.6864661888028));
#12655=CARTESIAN_POINT('Ctrl Pts',(-6.30128912030816,-15.138597045466,28.686000499968));
#12656=CARTESIAN_POINT('Ctrl Pts',(-6.35758575920139,-15.1345200585606,
28.6737037453343));
#12657=CARTESIAN_POINT('Ctrl Pts',(-6.38443108090656,-15.1314540165011,
28.6618706283381));
#12658=CARTESIAN_POINT('Ctrl Pts',(-6.4262951233081,-15.1249140789161,28.6337788835327));
#12659=CARTESIAN_POINT('Ctrl Pts',(-6.44477075663417,-15.1211819573736,
28.6167465115421));
#12660=CARTESIAN_POINT('Ctrl Pts',(-6.45991377794538,-15.1170902760269,
28.597012700771));
#12661=CARTESIAN_POINT('',(-6.45991377794539,-6.55,28.597012700771));
#12662=CARTESIAN_POINT('',(-6.45991377794539,-15.15,28.597012700771));
#12663=CARTESIAN_POINT('Origin',(-6.28141249055685,-6.55,28.4600371905488));
#12664=CARTESIAN_POINT('Origin',(-4.65685066440982,-15.15,28.6171153020615));
#12665=CARTESIAN_POINT('',(-4.06759136131009,-6.55,27.9167972057455));
#12666=CARTESIAN_POINT('',(-4.06759136130998,-14.9590909090908,27.9167972057455));
#12667=CARTESIAN_POINT('',(-4.06759136131009,-6.55,27.9167972057455));
#12668=CARTESIAN_POINT('',(-4.67373331504095,-15.1170902760269,28.6371798571539));
#12669=CARTESIAN_POINT('Ctrl Pts',(-4.67373331504086,-15.1170902760268,
28.6371798571539));
#12670=CARTESIAN_POINT('Ctrl Pts',(-4.40171616620549,-15.0475916041101,
28.3138951320158));
#12671=CARTESIAN_POINT('Ctrl Pts',(-4.06759136130999,-14.9590909090908,
27.9167972057455));
#12672=CARTESIAN_POINT('',(-4.67373331504095,-6.55,28.6371798571539));
#12673=CARTESIAN_POINT('',(-4.67373331504095,-15.15,28.6371798571539));
#12674=CARTESIAN_POINT('',(-4.50762850391499,-6.55,28.4397689643521));
#12675=CARTESIAN_POINT('Origin',(-4.84589673339635,-15.15,28.4923186912736));
#12676=CARTESIAN_POINT('',(-5.06182548833859,-15.1170902760269,28.5555624481915));
#12677=CARTESIAN_POINT('Ctrl Pts',(-4.67373331504095,-15.1170902760269,
28.6371798571539));
#12678=CARTESIAN_POINT('Ctrl Pts',(-4.68974811738434,-15.1211819573736,
28.6562129989829));
#12679=CARTESIAN_POINT('Ctrl Pts',(-4.70897072577486,-15.1249140789161,
28.6723976228306));
#12680=CARTESIAN_POINT('Ctrl Pts',(-4.75205524936482,-15.1314540165011,
28.6985790666302));
#12681=CARTESIAN_POINT('Ctrl Pts',(-4.77940536457344,-15.1345200585606,
28.7091934508977));
#12682=CARTESIAN_POINT('Ctrl Pts',(-4.83619786684569,-15.138597045466,28.7189470866737));
#12683=CARTESIAN_POINT('Ctrl Pts',(-4.86563999151514,-15.1396067046774,
28.7180884032625));
#12684=CARTESIAN_POINT('Ctrl Pts',(-4.91876452284902,-15.1396067046774,
28.7069160918939));
#12685=CARTESIAN_POINT('Ctrl Pts',(-4.94605850104536,-15.138597045466,28.6958429353218));
#12686=CARTESIAN_POINT('Ctrl Pts',(-4.99411145328955,-15.1345200585606,
28.6640398614796));
#12687=CARTESIAN_POINT('Ctrl Pts',(-5.01486935536912,-15.1314540165011,
28.6433081597512));
#12688=CARTESIAN_POINT('Ctrl Pts',(-5.04375850361959,-15.1249140789161,
28.6019903514142));
#12689=CARTESIAN_POINT('Ctrl Pts',(-5.05483371617979,-15.1211819573736,
28.5794339689655));
#12690=CARTESIAN_POINT('Ctrl Pts',(-5.06182548833859,-15.1170902760269,
28.5555624481915));
#12691=CARTESIAN_POINT('',(-5.06182548833859,-6.55,28.5555624481915));
#12692=CARTESIAN_POINT('',(-5.06182548833859,-15.15,28.5555624481915));
#12693=CARTESIAN_POINT('Origin',(-4.84589673339635,-6.55,28.4923186912736));
#12694=CARTESIAN_POINT('Origin',(-3.38778110428819,-15.15,29.2256490890079));
#12695=CARTESIAN_POINT('',(-2.58532909225535,-6.55,28.785486924912));
#12696=CARTESIAN_POINT('',(-2.58532909225531,-14.9590909090908,28.785486924912));
#12697=CARTESIAN_POINT('',(-2.58532909225534,-6.55,28.785486924912));
#12698=CARTESIAN_POINT('',(-3.41077186047335,-15.1170902760269,29.2382600125833));
#12699=CARTESIAN_POINT('Ctrl Pts',(-3.41077186047332,-15.1170902760268,
29.2382600125833));
#12700=CARTESIAN_POINT('Ctrl Pts',(-3.04033951050084,-15.0475916041101,
29.0350699122781));
#12701=CARTESIAN_POINT('Ctrl Pts',(-2.58532909225531,-14.9590909090908,
28.785486924912));
#12702=CARTESIAN_POINT('',(-3.41077186047335,-6.55,29.2382600125833));
#12703=CARTESIAN_POINT('',(-3.41077186047335,-15.15,29.2382600125833));
#12704=CARTESIAN_POINT('',(-3.18457069708874,-6.55,29.1141838159966));
#12705=CARTESIAN_POINT('Origin',(-3.67567649909734,-15.15,28.2267482660498));
#12706=CARTESIAN_POINT('',(-3.66354872129199,-14.9590909090908,28.0838656289605));
#12707=CARTESIAN_POINT('',(-3.663548721292,-6.55,28.0838656289604));
#12708=CARTESIAN_POINT('',(-3.663548721292,-6.55,28.0838656289604));
#12709=CARTESIAN_POINT('',(-3.74317342571915,-6.55,29.0219589819737));
#12710=CARTESIAN_POINT('',(-3.68329796448889,-6.55,28.3165400721917));
#12711=CARTESIAN_POINT('',(-3.74317342571915,-15.1170902760269,29.0219589819737));
#12712=CARTESIAN_POINT('',(-3.74317342571915,-15.15,29.0219589819737));
#12713=CARTESIAN_POINT('Ctrl Pts',(-3.66354872129199,-14.9590909090908,
28.0838656289605));
#12714=CARTESIAN_POINT('Ctrl Pts',(-3.70744040156231,-15.0475916041101,
28.6009726475723));
#12715=CARTESIAN_POINT('Ctrl Pts',(-3.74317342571914,-15.1170902760268,
29.0219589819737));
#12716=CARTESIAN_POINT('Origin',(-3.51897957808068,-15.15,29.0409883981776));
#12717=CARTESIAN_POINT('Ctrl Pts',(-3.41077186047335,-15.1170902760269,
29.2382600125833));
#12718=CARTESIAN_POINT('Ctrl Pts',(-3.43258078278506,-15.1211819573736,
29.250222674895));
#12719=CARTESIAN_POINT('Ctrl Pts',(-3.45635189177129,-15.1249140789161,
29.2583703800929));
#12720=CARTESIAN_POINT('Ctrl Pts',(-3.5059848419174,-15.1314540165011,29.2672199242732));
#12721=CARTESIAN_POINT('Ctrl Pts',(-3.53532242267876,-15.1345200585606,
29.2672375416464));
#12722=CARTESIAN_POINT('Ctrl Pts',(-3.59180327352512,-15.138597045466,29.2558167179955));
#12723=CARTESIAN_POINT('Ctrl Pts',(-3.61894704492788,-15.1396067046774,
29.2443802973891));
#12724=CARTESIAN_POINT('Ctrl Pts',(-3.66444829072288,-15.1396067046774,
29.2147716330851));
#12725=CARTESIAN_POINT('Ctrl Pts',(-3.68589908189089,-15.138597045466,29.1945864999293));
#12726=CARTESIAN_POINT('Ctrl Pts',(-3.71921853001485,-15.1345200585606,
29.1475722882278));
#12727=CARTESIAN_POINT('Ctrl Pts',(-3.73108554276948,-15.1314540165011,
29.120741932964));
#12728=CARTESIAN_POINT('Ctrl Pts',(-3.74309815731735,-15.1249140789161,
29.0717782600612));
#12729=CARTESIAN_POINT('Ctrl Pts',(-3.74527718028555,-15.1211819573736,
29.0467442315934));
#12730=CARTESIAN_POINT('Ctrl Pts',(-3.74317342571915,-15.1170902760269,
29.0219589819737));
#12731=CARTESIAN_POINT('Origin',(-3.51897957808068,-6.55,29.0409883981776));
#12732=CARTESIAN_POINT('Origin',(-2.42423674142009,-15.15,30.2515307483955));
#12733=CARTESIAN_POINT('',(-1.51696761121924,-6.55,30.1309708558035));
#12734=CARTESIAN_POINT('',(-1.51696761121928,-14.9590909090908,30.1309708558034));
#12735=CARTESIAN_POINT('',(-1.51696761121924,-6.55,30.1309708558035));
#12736=CARTESIAN_POINT('',(-2.45023057414028,-15.1170902760269,30.2549848653454));
#12737=CARTESIAN_POINT('Ctrl Pts',(-2.45023057414029,-15.1170902760268,
30.2549848653454));
#12738=CARTESIAN_POINT('Ctrl Pts',(-2.03141196453099,-15.0475916041101,
30.1993313388346));
#12739=CARTESIAN_POINT('Ctrl Pts',(-1.51696761121928,-14.9590909090908,
30.1309708558034));
#12740=CARTESIAN_POINT('',(-2.45023057414028,-6.55,30.2549848653454));
#12741=CARTESIAN_POINT('',(-2.45023057414028,-15.15,30.2549848653454));
#12742=CARTESIAN_POINT('',(-2.19448277903603,-6.55,30.2210005428527));
#12743=CARTESIAN_POINT('Origin',(-2.3318466044119,-15.15,29.2160836589494));
#12744=CARTESIAN_POINT('',(-2.26892262651272,-14.9590909090908,29.087230626461));
#12745=CARTESIAN_POINT('',(-2.26892262651268,-6.55,29.0872306264611));
#12746=CARTESIAN_POINT('',(-2.26892262651268,-6.55,29.0872306264611));
#12747=CARTESIAN_POINT('',(-2.68204885804714,-6.55,29.9332128658379));
#12748=CARTESIAN_POINT('',(-2.37138995089753,-6.55,29.2970588337479));
#12749=CARTESIAN_POINT('',(-2.68204885804714,-15.1170902760269,29.9332128658379));
#12750=CARTESIAN_POINT('',(-2.68204885804714,-15.15,29.9332128658379));
#12751=CARTESIAN_POINT('Ctrl Pts',(-2.26892262651272,-14.9590909090908,
29.087230626461));
#12752=CARTESIAN_POINT('Ctrl Pts',(-2.49665100046711,-15.0475916041101,
29.5535630572341));
#12753=CARTESIAN_POINT('Ctrl Pts',(-2.68204885804719,-15.1170902760268,
29.9332128658378));
#12754=CARTESIAN_POINT('Origin',(-2.47986853913702,-15.15,30.0319454270596));
#12755=CARTESIAN_POINT('Ctrl Pts',(-2.45023057414029,-15.1170902760269,
30.2549848653454));
#12756=CARTESIAN_POINT('Ctrl Pts',(-2.47488820061472,-15.1211819573736,
30.2582614243072));
#12757=CARTESIAN_POINT('Ctrl Pts',(-2.4999973902078,-15.1249140789161,30.2572718181203));
#12758=CARTESIAN_POINT('Ctrl Pts',(-2.54947556196716,-15.1314540165011,
30.2475942827028));
#12759=CARTESIAN_POINT('Ctrl Pts',(-2.57683840543429,-15.1345200585606,
30.2370127538579));
#12760=CARTESIAN_POINT('Ctrl Pts',(-2.62537955297677,-15.138597045466,30.2059599162991));
#12761=CARTESIAN_POINT('Ctrl Pts',(-2.64655905437605,-15.1396067046774,
30.1854903104717));
#12762=CARTESIAN_POINT('Ctrl Pts',(-2.67829181925645,-15.1396067046774,
30.1414441074139));
#12763=CARTESIAN_POINT('Ctrl Pts',(-2.69100237518595,-15.138597045466,30.1148731117567));
#12764=CARTESIAN_POINT('Ctrl Pts',(-2.70508834309111,-15.1345200585606,
30.058997292001));
#12765=CARTESIAN_POINT('Ctrl Pts',(-2.7064617606909,-15.1314540165011,30.0296918713523));
#12766=CARTESIAN_POINT('Ctrl Pts',(-2.69997547137729,-15.1249140789161,
29.9796951492263));
#12767=CARTESIAN_POINT('Ctrl Pts',(-2.69296401562725,-15.1211819573736,
29.9555644590022));
#12768=CARTESIAN_POINT('Ctrl Pts',(-2.68204885804714,-15.1170902760269,
29.9332128658379));
#12769=CARTESIAN_POINT('Origin',(-2.47986853913702,-6.55,30.0319454270596));
#12770=CARTESIAN_POINT('Origin',(-1.89634958119446,-15.15,31.5562092775173));
#12771=CARTESIAN_POINT('',(-1.00679505621105,-6.55,31.7715339379692));
#12772=CARTESIAN_POINT('',(-1.00679505621107,-14.9590909090908,31.7715339379691));
#12773=CARTESIAN_POINT('',(-1.00679505621105,-6.55,31.7715339379692));
#12774=CARTESIAN_POINT('',(-1.92183587930403,-15.1170902760269,31.5500400902078));
#12775=CARTESIAN_POINT('Ctrl Pts',(-1.921835879304,-15.1170902760268,31.5500400902077));
#12776=CARTESIAN_POINT('Ctrl Pts',(-1.51119478403965,-15.0475916041101,
31.6494394546334));
#12777=CARTESIAN_POINT('Ctrl Pts',(-1.00679505621107,-14.9590909090908,
31.7715339379691));
#12778=CARTESIAN_POINT('',(-1.92183587930402,-6.55,31.5500400902078));
#12779=CARTESIAN_POINT('',(-1.92183587930403,-15.15,31.5500400902078));
#12780=CARTESIAN_POINT('',(-1.67108160935642,-6.55,31.6107374128754));
#12781=CARTESIAN_POINT('Origin',(-1.43615171232332,-15.15,30.6240587886234));
#12782=CARTESIAN_POINT('',(-1.33092976621927,-14.9590909090908,30.526637676773));
#12783=CARTESIAN_POINT('',(-1.3309297662193,-6.55,30.5266376767729));
#12784=CARTESIAN_POINT('',(-1.3309297662193,-6.55,30.5266376767729));
#12785=CARTESIAN_POINT('',(-2.02176253808087,-6.55,31.166254213336));
#12786=CARTESIAN_POINT('',(-1.50227639184291,-6.55,30.6852811860231));
#12787=CARTESIAN_POINT('',(-2.02176253808087,-15.1170902760269,31.166254213336));
#12788=CARTESIAN_POINT('',(-2.02176253808087,-15.15,31.166254213336));
#12789=CARTESIAN_POINT('Ctrl Pts',(-1.33092976621927,-14.9590909090908,
30.526637676773));
#12790=CARTESIAN_POINT('Ctrl Pts',(-1.71173885506868,-15.0475916041101,
30.8792147408941));
#12791=CARTESIAN_POINT('Ctrl Pts',(-2.02176253808081,-15.1170902760268,
31.166254213336));
#12792=CARTESIAN_POINT('Origin',(-1.86890132028774,-15.15,31.3313555400866));
#12793=CARTESIAN_POINT('Ctrl Pts',(-1.92183587930404,-15.1170902760269,
31.5500400902078));
#12794=CARTESIAN_POINT('Ctrl Pts',(-1.94601206085319,-15.1211819573736,
31.5441880283759));
#12795=CARTESIAN_POINT('Ctrl Pts',(-1.96906819586377,-15.1249140789161,
31.5341947626033));
#12796=CARTESIAN_POINT('Ctrl Pts',(-2.01170928797225,-15.1314540165011,
31.5072971523712));
#12797=CARTESIAN_POINT('Ctrl Pts',(-2.03340189051218,-15.1345200585606,
31.487545571413));
#12798=CARTESIAN_POINT('Ctrl Pts',(-2.06744758379936,-15.138597045466,31.4410545777283));
#12799=CARTESIAN_POINT('Ctrl Pts',(-2.07980240617154,-15.1396067046774,
31.4143163203729));
#12800=CARTESIAN_POINT('Ctrl Pts',(-2.09348100440291,-15.1396067046774,
31.3617812623527));
#12801=CARTESIAN_POINT('Ctrl Pts',(-2.09573469408401,-15.138597045466,31.3324129643926));
#12802=CARTESIAN_POINT('Ctrl Pts',(-2.08868479375173,-15.1345200585606,
31.2752218756593));
#12803=CARTESIAN_POINT('Ctrl Pts',(-2.07937912853946,-15.1314540165011,
31.2473992490713));
#12804=CARTESIAN_POINT('Ctrl Pts',(-2.05526994467793,-15.1249140789161,
31.2031218120865));
#12805=CARTESIAN_POINT('Ctrl Pts',(-2.04001494616052,-15.1211819573736,
31.1831534435337));
#12806=CARTESIAN_POINT('Ctrl Pts',(-2.02176253808087,-15.1170902760269,
31.166254213336));
#12807=CARTESIAN_POINT('Origin',(-1.86890132028774,-6.55,31.3313555400866));
#12808=CARTESIAN_POINT('Origin',(-1.87541370972352,-15.15,32.9634806115423));
#12809=CARTESIAN_POINT('',(-1.12371305774835,-6.55,33.485609036489));
#12810=CARTESIAN_POINT('',(-1.12371305774835,-14.9590909090908,33.485609036489));
#12811=CARTESIAN_POINT('',(-1.12371305774835,-6.55,33.485609036489));
#12812=CARTESIAN_POINT('',(-1.89695040743832,-15.1170902760269,32.9485213029042));
#12813=CARTESIAN_POINT('Ctrl Pts',(-1.89695040743834,-15.1170902760268,
32.9485213029042));
#12814=CARTESIAN_POINT('Ctrl Pts',(-1.54994618187523,-15.0475916041101,
33.1895491233099));
#12815=CARTESIAN_POINT('Ctrl Pts',(-1.12371305774835,-14.9590909090908,
33.485609036489));
#12816=CARTESIAN_POINT('',(-1.89695040743832,-6.55,32.9485213029042));
#12817=CARTESIAN_POINT('',(-1.89695040743832,-15.15,32.9485213029042));
#12818=CARTESIAN_POINT('',(-1.68505541628115,-6.55,33.0957027609703));
#12819=CARTESIAN_POINT('Origin',(-1.1095603812249,-15.15,32.2605188119498));
#12820=CARTESIAN_POINT('',(-0.976251273792364,-14.9590909090908,32.2076868817217));
#12821=CARTESIAN_POINT('',(-0.976251273792367,-6.55,32.2076868817216));
#12822=CARTESIAN_POINT('',(-0.976251273792367,-6.55,32.2076868817216));
#12823=CARTESIAN_POINT('',(-1.8514897921046,-6.55,32.5545539579705));
#12824=CARTESIAN_POINT('',(-1.19333588939983,-6.55,32.2937200079368));
#12825=CARTESIAN_POINT('',(-1.8514897921046,-15.1170902760269,32.5545539579705));
#12826=CARTESIAN_POINT('',(-1.8514897921046,-15.15,32.5545539579705));
#12827=CARTESIAN_POINT('Ctrl Pts',(-0.976251273792364,-14.9590909090908,
32.2076868817217));
#12828=CARTESIAN_POINT('Ctrl Pts',(-1.45871069995168,-15.0475916041101,
32.3988910929844));
#12829=CARTESIAN_POINT('Ctrl Pts',(-1.85148979210456,-15.1170902760268,
32.5545539579706));
#12830=CARTESIAN_POINT('Origin',(-1.76859242992466,-15.15,32.7637262012142));
#12831=CARTESIAN_POINT('',(-1.98277946353783,-15.1387727408982,32.6948138319822));
#12832=CARTESIAN_POINT('Ctrl Pts',(-1.89695040743833,-15.1170902760269,
32.9485213029042));
#12833=CARTESIAN_POINT('Ctrl Pts',(-1.91738001677915,-15.1211819573736,
32.9343309736562));
#12834=CARTESIAN_POINT('Ctrl Pts',(-1.93526923841558,-15.1249140789161,
32.9166836942152));
#12835=CARTESIAN_POINT('Ctrl Pts',(-1.96531433510149,-15.1314540165011,
32.8761986804751));
#12836=CARTESIAN_POINT('Ctrl Pts',(-1.97840699053833,-15.1345200585606,
32.8499446078593));
#12837=CARTESIAN_POINT('Ctrl Pts',(-1.9933591700381,-15.138597045466,32.7942943243614));
#12838=CARTESIAN_POINT('Ctrl Pts',(-1.99522072616137,-15.1396067046774,
32.7648985652956));
#12839=CARTESIAN_POINT('Ctrl Pts',(-1.99046819193774,-15.1396067046774,
32.7237125127963));
#12840=CARTESIAN_POINT('Ctrl Pts',(-1.98738487449921,-15.1393381284363,
32.7091279431375));
#12841=CARTESIAN_POINT('Ctrl Pts',(-1.98277946353913,-15.1387727408982,
32.6948138319948));
#12842=CARTESIAN_POINT('Ctrl Pts',(-1.98277946353913,-15.1387727408982,
32.6948138319948));
#12843=CARTESIAN_POINT('Ctrl Pts',(-1.97865298544311,-15.1382661499963,
32.6819882955537));
#12844=CARTESIAN_POINT('Ctrl Pts',(-1.97330839477119,-15.13752189437,32.669378620963));
#12845=CARTESIAN_POINT('Ctrl Pts',(-1.95325659694499,-15.1345200585606,
32.6319881698466));
#12846=CARTESIAN_POINT('Ctrl Pts',(-1.93452863057203,-15.1314540165011,
32.6094059372104));
#12847=CARTESIAN_POINT('Ctrl Pts',(-1.89605263103669,-15.1249140789161,
32.5768276985815));
#12848=CARTESIAN_POINT('Ctrl Pts',(-1.87461436183255,-15.1211819573736,
32.5637184905216));
#12849=CARTESIAN_POINT('Ctrl Pts',(-1.8514897921046,-15.1170902760269,32.5545539579705));
#12850=CARTESIAN_POINT('Origin',(-1.76859242992466,-6.55,32.7637262012142));
#12851=CARTESIAN_POINT('Origin',(-2.3642566324591,-15.15,34.2832849588506));
#12852=CARTESIAN_POINT('',(-1.8519311918585,-6.55,35.0417008112895));
#12853=CARTESIAN_POINT('',(-1.85193119185844,-14.9590909090908,35.0417008112894));
#12854=CARTESIAN_POINT('',(-1.8519311918585,-6.55,35.0417008112895));
#12855=CARTESIAN_POINT('',(-2.37893507941377,-15.1170902760269,34.2615558664078));
#12856=CARTESIAN_POINT('Ctrl Pts',(-2.37893507941369,-15.1170902760268,
34.2615558664078));
#12857=CARTESIAN_POINT('Ctrl Pts',(-2.14243256703094,-15.0475916041101,
34.6116600000663));
#12858=CARTESIAN_POINT('Ctrl Pts',(-1.85193119185844,-14.9590909090908,
35.0417008112894));
#12859=CARTESIAN_POINT('',(-2.37893507941378,-6.55,34.2615558664078));
#12860=CARTESIAN_POINT('',(-2.37893507941377,-15.15,34.2615558664078));
#12861=CARTESIAN_POINT('',(-2.2345169597535,-6.55,34.4753437884001));
#12862=CARTESIAN_POINT('Origin',(-1.39618058008652,-15.15,33.9044507348403));
#12863=CARTESIAN_POINT('',(-1.25278844497551,-14.9590909090908,33.9033432311636));
#12864=CARTESIAN_POINT('',(-1.2527884449755,-6.55,33.9033432311636));
#12865=CARTESIAN_POINT('',(-1.2527884449755,-6.55,33.9033432311636));
#12866=CARTESIAN_POINT('',(-2.19422689797627,-6.55,33.9106145263941));
#12867=CARTESIAN_POINT('',(-1.48629257032165,-6.55,33.9051467239225));
#12868=CARTESIAN_POINT('',(-2.19422689797627,-15.1170902760269,33.9106145263941));
#12869=CARTESIAN_POINT('',(-2.19422689797627,-15.15,33.9106145263941));
#12870=CARTESIAN_POINT('Ctrl Pts',(-1.25278844497551,-14.9590909090908,
33.9033432311636));
#12871=CARTESIAN_POINT('Ctrl Pts',(-1.77173938954198,-15.0475916041101,
33.9073514013377));
#12872=CARTESIAN_POINT('Ctrl Pts',(-2.19422689797628,-15.1170902760268,
33.9106145263941));
#12873=CARTESIAN_POINT('Origin',(-2.19248913952207,-15.15,34.1356078156174));
#12874=CARTESIAN_POINT('Ctrl Pts',(-2.37893507941378,-15.1170902760269,
34.2615558664078));
#12875=CARTESIAN_POINT('Ctrl Pts',(-2.39285898460042,-15.1211819573736,
34.2409437523402));
#12876=CARTESIAN_POINT('Ctrl Pts',(-2.4031652543531,-15.1249140789161,34.2180258221062));
#12877=CARTESIAN_POINT('Ctrl Pts',(-2.41655659882339,-15.1314540165011,
34.1694211302989));
#12878=CARTESIAN_POINT('Ctrl Pts',(-2.41928107149148,-15.1345200585606,
34.1402103240111));
#12879=CARTESIAN_POINT('Ctrl Pts',(-2.4131203625095,-15.138597045466,34.0829166298552));
#12880=CARTESIAN_POINT('Ctrl Pts',(-2.40423723891417,-15.1396067046774,
34.0548334292284));
#12881=CARTESIAN_POINT('Ctrl Pts',(-2.37895320525531,-15.1396067046774,
34.0067943408451));
#12882=CARTESIAN_POINT('Ctrl Pts',(-2.36083340762925,-15.138597045466,33.9835726058487));
#12883=CARTESIAN_POINT('Ctrl Pts',(-2.31709408108316,-15.1345200585606,
33.9460573684312));
#12884=CARTESIAN_POINT('Ctrl Pts',(-2.29147312918344,-15.1314540165011,
33.9317653853969));
#12885=CARTESIAN_POINT('Ctrl Pts',(-2.24382671091441,-15.1249140789161,
33.9152862167729));
#12886=CARTESIAN_POINT('Ctrl Pts',(-2.2191005280731,-15.1211819573736,33.9108066403951));
#12887=CARTESIAN_POINT('Ctrl Pts',(-2.19422689797628,-15.1170902760269,
33.9106145263941));
#12888=CARTESIAN_POINT('Origin',(-2.19248913952207,-6.55,34.1356078156174));
#12889=CARTESIAN_POINT('Origin',(-3.29685740391359,-15.15,35.33737542905));
#12890=CARTESIAN_POINT('',(-3.09309956433396,-6.55,36.2296504455819));
#12891=CARTESIAN_POINT('',(-3.09309956433397,-14.9590909090908,36.229650445582));
#12892=CARTESIAN_POINT('',(-3.09309956433396,-6.55,36.2296504455819));
#12893=CARTESIAN_POINT('',(-3.30269519451084,-15.1170902760269,35.311811187142));
#12894=CARTESIAN_POINT('Ctrl Pts',(-3.30269519451086,-15.1170902760268,
35.311811187142));
#12895=CARTESIAN_POINT('Ctrl Pts',(-3.2086353701114,-15.0475916041101,35.7237081308089));
#12896=CARTESIAN_POINT('Ctrl Pts',(-3.09309956433397,-14.9590909090908,
36.229650445582));
#12897=CARTESIAN_POINT('',(-3.30269519451084,-6.55,35.311811187142));
#12898=CARTESIAN_POINT('',(-3.30269519451084,-15.15,35.311811187142));
#12899=CARTESIAN_POINT('',(-3.24525841365601,-6.55,35.5633323295555));
#12900=CARTESIAN_POINT('Origin',(-2.25730266283457,-15.15,35.3338324417674));
#12901=CARTESIAN_POINT('',(-2.12319340245493,-14.9590909090908,35.3845989391504));
#12902=CARTESIAN_POINT('',(-2.12319340245505,-6.55,35.3845989391505));
#12903=CARTESIAN_POINT('',(-2.12319340245505,-6.55,35.3845989391505));
#12904=CARTESIAN_POINT('',(-3.00368531037607,-6.55,35.0512924246501));
#12905=CARTESIAN_POINT('',(-2.34158101152087,-6.55,35.3019292267625));
#12906=CARTESIAN_POINT('',(-3.00368531037607,-15.1170902760269,35.0512924246501));
#12907=CARTESIAN_POINT('',(-3.00368531037607,-15.15,35.0512924246501));
#12908=CARTESIAN_POINT('Ctrl Pts',(-2.12319340245493,-14.9590909090908,
35.3845989391504));
#12909=CARTESIAN_POINT('Ctrl Pts',(-2.60854866475842,-15.0475916041101,
35.2008697426439));
#12910=CARTESIAN_POINT('Ctrl Pts',(-3.003685310376,-15.1170902760268,35.0512924246499));
#12911=CARTESIAN_POINT('Origin',(-3.08334184955609,-15.15,35.2617201694127));
#12912=CARTESIAN_POINT('Ctrl Pts',(-3.30269519451084,-15.1170902760269,
35.311811187142));
#12913=CARTESIAN_POINT('Ctrl Pts',(-3.30823289499282,-15.1211819573736,
35.2875610684752));
#12914=CARTESIAN_POINT('Ctrl Pts',(-3.30956429402264,-15.1249140789161,
35.2624676809189));
#12915=CARTESIAN_POINT('Ctrl Pts',(-3.30449331100258,-15.1314540165011,
35.2123076440009));
#12916=CARTESIAN_POINT('Ctrl Pts',(-3.29648164577129,-15.1345200585606,
35.1840851852929));
#12917=CARTESIAN_POINT('Ctrl Pts',(-3.27004008619324,-15.138597045466,35.1328859113501));
#12918=CARTESIAN_POINT('Ctrl Pts',(-3.25161199794396,-15.1396067046774,
35.1099080610213));
#12919=CARTESIAN_POINT('Ctrl Pts',(-3.21068161838004,-15.1396067046774,
35.0742465916249));
#12920=CARTESIAN_POINT('Ctrl Pts',(-3.18539675204946,-15.138597045466,35.0591385945076));
#12921=CARTESIAN_POINT('Ctrl Pts',(-3.13105897784029,-15.1345200585606,
35.0399571446357));
#12922=CARTESIAN_POINT('Ctrl Pts',(-3.10200529193846,-15.1314540165011,
35.0358856227066));
#12923=CARTESIAN_POINT('Ctrl Pts',(-3.05162336774089,-15.1249140789161,
35.0377311271244));
#12924=CARTESIAN_POINT('Ctrl Pts',(-3.02694867926765,-15.1211819573736,
35.0424861740406));
#12925=CARTESIAN_POINT('Ctrl Pts',(-3.00368531037607,-15.1170902760269,
35.0512924246501));
#12926=CARTESIAN_POINT('Origin',(-3.08334184955609,-6.55,35.2617201694127));
#12927=CARTESIAN_POINT('Origin',(-4.54726312218281,-15.15,35.9833912632231));
#12928=CARTESIAN_POINT('',(-4.67959150892053,-6.55,36.8890187585988));
#12929=CARTESIAN_POINT('',(-4.67959150892056,-14.9590909090908,36.8890187585988));
#12930=CARTESIAN_POINT('',(-4.67959150892053,-6.55,36.8890187585988));
#12931=CARTESIAN_POINT('Ctrl Pts',(-4.54347183045419,-15.1170902760268,
35.9574444643759));
#12932=CARTESIAN_POINT('Ctrl Pts',(-4.60455799452666,-15.0475916041101,
36.3755052534091));
#12933=CARTESIAN_POINT('Ctrl Pts',(-4.67959150892056,-14.9590909090908,
36.8890187585988));
#12934=CARTESIAN_POINT('',(-4.58077354392741,-6.55,36.212729503201));
#12935=CARTESIAN_POINT('Origin',(-5.73784104880507,-15.15,36.2220190305822));
#12936=CARTESIAN_POINT('',(-5.9336912271789,-15.1170902760269,36.1112593464415));
#12937=CARTESIAN_POINT('',(-5.53720990108719,-15.1170902760269,36.1201753142056));
#12938=CARTESIAN_POINT('Ctrl Pts',(-5.93369122717889,-15.1170902760269,
36.1112593464415));
#12939=CARTESIAN_POINT('Ctrl Pts',(-5.92144643791222,-15.1211819573736,
36.0896075678126));
#12940=CARTESIAN_POINT('Ctrl Pts',(-5.90552504778663,-15.1249140789161,
36.0701663729188));
#12941=CARTESIAN_POINT('Ctrl Pts',(-5.86798494775892,-15.1314540165011,
36.0365139575179));
#12942=CARTESIAN_POINT('Ctrl Pts',(-5.84305090822666,-15.1345200585606,
36.0210547328315));
#12943=CARTESIAN_POINT('Ctrl Pts',(-5.78901763210009,-15.138597045466,36.0010315763315));
#12944=CARTESIAN_POINT('Ctrl Pts',(-5.75991903288973,-15.1396067046774,
35.9964656628143));
#12945=CARTESIAN_POINT('Ctrl Pts',(-5.70564614082833,-15.1396067046774,
35.9976861373341));
#12946=CARTESIAN_POINT('Ctrl Pts',(-5.67678220729714,-15.138597045466,36.0035554970402));
#12947=CARTESIAN_POINT('Ctrl Pts',(-5.62370364839712,-15.1345200585606,
36.0259873563098));
#12948=CARTESIAN_POINT('Ctrl Pts',(-5.59948974885091,-15.1314540165011,
36.0425518069215));
#12949=CARTESIAN_POINT('Ctrl Pts',(-5.56350036588877,-15.1249140789161,
36.0778577339934));
#12950=CARTESIAN_POINT('Ctrl Pts',(-5.54846900547018,-15.1211819573736,
36.0979949861991));
#12951=CARTESIAN_POINT('Ctrl Pts',(-5.53720990108719,-15.1170902760269,
36.1201753142056));
#12952=CARTESIAN_POINT('',(-5.53720990108719,-6.55,36.1201753142056));
#12953=CARTESIAN_POINT('',(-5.53720990108719,-15.15,36.1201753142056));
#12954=CARTESIAN_POINT('',(-5.9336912271789,-6.55,36.1112593464415));
#12955=CARTESIAN_POINT('Origin',(-5.73784104880507,-6.55,36.2220190305822));
#12956=CARTESIAN_POINT('',(-5.9336912271789,-15.15,36.1112593464415));
#12957=CARTESIAN_POINT('Origin',(-7.14298271207363,-15.15,35.9265118555559));
#12958=CARTESIAN_POINT('',(-7.28559655168576,-15.1170902760269,35.7524822811983));
#12959=CARTESIAN_POINT('',(-6.91910954467858,-15.1170902760269,35.904021748386));
#12960=CARTESIAN_POINT('Ctrl Pts',(-7.28559655168575,-15.1170902760269,
35.7524822811983));
#12961=CARTESIAN_POINT('Ctrl Pts',(-7.26635710115183,-15.1211819573736,
35.7367159269864));
#12962=CARTESIAN_POINT('Ctrl Pts',(-7.24448787737014,-15.1249140789161,
35.7243390221385));
#12963=CARTESIAN_POINT('Ctrl Pts',(-7.19732612199459,-15.1314540165011,
35.7065201276077));
#12964=CARTESIAN_POINT('Ctrl Pts',(-7.16849130648021,-15.1345200585606,
35.7011120438849));
#12965=CARTESIAN_POINT('Ctrl Pts',(-7.11087357861205,-15.138597045466,35.7019600772011));
#12966=CARTESIAN_POINT('Ctrl Pts',(-7.08209054472719,-15.1396067046774,
35.7082141161069));
#12967=CARTESIAN_POINT('Ctrl Pts',(-7.03192346631956,-15.1396067046774,
35.7289578046604));
#12968=CARTESIAN_POINT('Ctrl Pts',(-7.00712890715002,-15.138597045466,35.7448576750322));
#12969=CARTESIAN_POINT('Ctrl Pts',(-6.96573794721718,-15.1345200585606,
35.7849489479109));
#12970=CARTESIAN_POINT('Ctrl Pts',(-6.9491429280632,-15.1314540165011,35.8091419075186));
#12971=CARTESIAN_POINT('Ctrl Pts',(-6.92833779981936,-15.1249140789161,
35.8550645687128));
#12972=CARTESIAN_POINT('Ctrl Pts',(-6.92159588819804,-15.1211819573736,
35.8792719508538));
#12973=CARTESIAN_POINT('Ctrl Pts',(-6.91910954467859,-15.1170902760269,
35.904021748386));
#12974=CARTESIAN_POINT('',(-6.91910954467858,-6.55,35.904021748386));
#12975=CARTESIAN_POINT('',(-6.91910954467858,-15.15,35.904021748386));
#12976=CARTESIAN_POINT('',(-7.28559655168577,-6.55,35.7524822811983));
#12977=CARTESIAN_POINT('Origin',(-7.14298271207363,-6.55,35.9265118555559));
#12978=CARTESIAN_POINT('',(-7.28559655168576,-15.15,35.7524822811983));
#12979=CARTESIAN_POINT('Origin',(-8.34648878717384,-15.15,35.143363905586));
#12980=CARTESIAN_POINT('',(-8.41660549873411,-15.1170902760269,34.9295680993597));
#12981=CARTESIAN_POINT('',(-8.12960891188239,-15.1170902760269,35.2032648212181));
#12982=CARTESIAN_POINT('Ctrl Pts',(-8.41660549873411,-15.1170902760269,
34.9295680993597));
#12983=CARTESIAN_POINT('Ctrl Pts',(-8.39296978133701,-15.1211819573736,
34.9218165030655));
#12984=CARTESIAN_POINT('Ctrl Pts',(-8.36810628375247,-15.1249140789161,
34.918175457846));
#12985=CARTESIAN_POINT('Ctrl Pts',(-8.31769232942486,-15.1314540165011,
34.9185966246295));
#12986=CARTESIAN_POINT('Ctrl Pts',(-8.28885103954281,-15.1345200585606,
34.9239700735443));
#12987=CARTESIAN_POINT('Ctrl Pts',(-8.2354304533525,-15.138597045466,34.9455747650783));
#12988=CARTESIAN_POINT('Ctrl Pts',(-8.2108502930116,-15.1396067046774,34.961804113798));
#12989=CARTESIAN_POINT('Ctrl Pts',(-8.17156437018206,-15.1396067046774,
34.9992694663013));
#12990=CARTESIAN_POINT('Ctrl Pts',(-8.15418782798141,-15.138597045466,35.0230524817409));
#12991=CARTESIAN_POINT('Ctrl Pts',(-8.13007454550992,-15.1345200585606,
35.075388619673));
#12992=CARTESIAN_POINT('Ctrl Pts',(-8.12333965604108,-15.1314540165011,
35.1039426950239));
#12993=CARTESIAN_POINT('Ctrl Pts',(-8.12052863037007,-15.1249140789161,
35.1542799804799));
#12994=CARTESIAN_POINT('Ctrl Pts',(-8.12298670006871,-15.1211819573736,
35.1792881514603));
#12995=CARTESIAN_POINT('Ctrl Pts',(-8.12960891188239,-15.1170902760269,
35.2032648212181));
#12996=CARTESIAN_POINT('',(-8.12960891188239,-6.55,35.2032648212181));
#12997=CARTESIAN_POINT('',(-8.12960891188239,-15.15,35.2032648212181));
#12998=CARTESIAN_POINT('',(-8.41660549873411,-6.55,34.9295680993597));
#12999=CARTESIAN_POINT('Origin',(-8.34648878717384,-6.55,35.143363905586));
#13000=CARTESIAN_POINT('',(-8.41660549873411,-15.15,34.9295680993597));
#13001=CARTESIAN_POINT('Origin',(-9.18581910980605,-15.15,33.9783436508886));
#13002=CARTESIAN_POINT('',(-9.17396904288812,-15.1170902760269,33.7536559211078));
#13003=CARTESIAN_POINT('',(-9.00522335554918,-15.1170902760269,34.1125456387442));
#13004=CARTESIAN_POINT('Ctrl Pts',(-9.17396904288811,-15.1170902760269,
33.7536559211078));
#13005=CARTESIAN_POINT('Ctrl Pts',(-9.14912919323236,-15.1211819573736,
33.754965978764));
#13006=CARTESIAN_POINT('Ctrl Pts',(-9.12462937496717,-15.1249140789161,
33.7605525365055));
#13007=CARTESIAN_POINT('Ctrl Pts',(-9.07777190557281,-15.1314540165011,
33.7791568836954));
#13008=CARTESIAN_POINT('Ctrl Pts',(-9.05281931733676,-15.1345200585606,
33.7945861511966));
#13009=CARTESIAN_POINT('Ctrl Pts',(-9.01081061900299,-15.138597045466,33.834029667641));
#13010=CARTESIAN_POINT('Ctrl Pts',(-8.99375301906345,-15.1396067046774,
33.8580424627002));
#13011=CARTESIAN_POINT('Ctrl Pts',(-8.97065403338095,-15.1396067046774,
33.9071695756949));
#13012=CARTESIAN_POINT('Ctrl Pts',(-8.96304230646014,-15.138597045466,33.935623708181));
#13013=CARTESIAN_POINT('Ctrl Pts',(-8.95946333386406,-15.1345200585606,
33.9931364257342));
#13014=CARTESIAN_POINT('Ctrl Pts',(-8.96349815822245,-15.1314540165011,
34.0221952307285));
#13015=CARTESIAN_POINT('Ctrl Pts',(-8.97906087971757,-15.1249140789161,
34.0701488111169));
#13016=CARTESIAN_POINT('Ctrl Pts',(-8.99038695480274,-15.1211819573736,
34.0925802788708));
#13017=CARTESIAN_POINT('Ctrl Pts',(-9.00522335554918,-15.1170902760269,
34.1125456387442));
#13018=CARTESIAN_POINT('',(-9.00522335554918,-6.55,34.1125456387442));
#13019=CARTESIAN_POINT('',(-9.00522335554918,-15.15,34.1125456387442));
#13020=CARTESIAN_POINT('',(-9.17396904288812,-6.55,33.7536559211078));
#13021=CARTESIAN_POINT('Origin',(-9.18581910980605,-6.55,33.9783436508886));
#13022=CARTESIAN_POINT('',(-9.17396904288812,-15.15,33.7536559211078));
#13023=CARTESIAN_POINT('Origin',(-9.54761746900891,-15.15,32.5887935324606));
#13024=CARTESIAN_POINT('',(-9.45540104081355,-15.1170902760269,32.38355920207));
#13025=CARTESIAN_POINT('',(-9.42769629311463,-15.1170902760269,32.7791718704409));
#13026=CARTESIAN_POINT('Ctrl Pts',(-9.45540104081354,-15.1170902760269,
32.38355920207));
#13027=CARTESIAN_POINT('Ctrl Pts',(-9.4327118182375,-15.1211819573736,32.3937539831308));
#13028=CARTESIAN_POINT('Ctrl Pts',(-9.41188451550654,-15.1249140789161,
32.4078136482541));
#13029=CARTESIAN_POINT('Ctrl Pts',(-9.37491189193334,-15.1314540165011,
32.4420885556722));
#13030=CARTESIAN_POINT('Ctrl Pts',(-9.35721799065163,-15.1345200585606,
32.4654898336872));
#13031=CARTESIAN_POINT('Ctrl Pts',(-9.33229468766261,-15.138597045466,32.517445109582));
#13032=CARTESIAN_POINT('Ctrl Pts',(-9.3250633715157,-15.1396067046774,32.5459982899484));
#13033=CARTESIAN_POINT('Ctrl Pts',(-9.32127096899256,-15.1396067046774,
32.6001522746021));
#13034=CARTESIAN_POINT('Ctrl Pts',(-9.32445206325027,-15.138597045466,32.6294346358725));
#13035=CARTESIAN_POINT('Ctrl Pts',(-9.34189076061049,-15.1345200585606,
32.6843565218523));
#13036=CARTESIAN_POINT('Ctrl Pts',(-9.35615037340877,-15.1314540165011,
32.7099955038552));
#13037=CARTESIAN_POINT('Ctrl Pts',(-9.38798501029608,-15.1249140789161,
32.7490889824246));
#13038=CARTESIAN_POINT('Ctrl Pts',(-9.40664944156756,-15.1211819573736,
32.7659142529347));
#13039=CARTESIAN_POINT('Ctrl Pts',(-9.42769629311462,-15.1170902760269,
32.7791718704409));
#13040=CARTESIAN_POINT('',(-9.42769629311463,-6.55,32.7791718704409));
#13041=CARTESIAN_POINT('',(-9.42769629311463,-15.15,32.7791718704409));
#13042=CARTESIAN_POINT('',(-9.45540104081355,-6.55,32.38355920207));
#13043=CARTESIAN_POINT('Origin',(-9.54761746900891,-6.55,32.5887935324606));
#13044=CARTESIAN_POINT('',(-9.45540104081355,-15.15,32.38355920207));
#13045=CARTESIAN_POINT('Origin',(-9.38302099157815,-15.15,31.1623799935587));
#13046=CARTESIAN_POINT('',(-9.22289254172199,-15.1170902760269,31.0043170961202));
#13047=CARTESIAN_POINT('',(-9.33997041335716,-15.1170902760269,31.3832230321967));
#13048=CARTESIAN_POINT('Ctrl Pts',(-9.22289254172199,-15.1170902760269,
31.0043170961202));
#13049=CARTESIAN_POINT('Ctrl Pts',(-9.20541825145988,-15.1211819573736,
31.0220197389121));
#13050=CARTESIAN_POINT('Ctrl Pts',(-9.19107630690505,-15.1249140789161,
31.0426536757351));
#13051=CARTESIAN_POINT('Ctrl Pts',(-9.16898188683894,-15.1314540165011,
31.0879701272107));
#13052=CARTESIAN_POINT('Ctrl Pts',(-9.16093633192497,-15.1345200585606,
31.1161829434726));
#13053=CARTESIAN_POINT('Ctrl Pts',(-9.15646445445415,-15.138597045466,31.1736331309143));
#13054=CARTESIAN_POINT('Ctrl Pts',(-9.16003605141561,-15.1396067046774,
31.2028704313608));
#13055=CARTESIAN_POINT('Ctrl Pts',(-9.176062417027,-15.1396067046774,31.2547374919681));
#13056=CARTESIAN_POINT('Ctrl Pts',(-9.18960670805668,-15.138597045466,31.2808933368743));
#13057=CARTESIAN_POINT('Ctrl Pts',(-9.22570788266355,-15.1345200585606,
31.3258068862464));
#13058=CARTESIAN_POINT('Ctrl Pts',(-9.24826644417806,-15.1314540165011,
31.3445633586679));
#13059=CARTESIAN_POINT('Ctrl Pts',(-9.29207355234412,-15.1249140789161,
31.369516944513));
#13060=CARTESIAN_POINT('Ctrl Pts',(-9.31555560493554,-15.1211819573736,
31.378463671765));
#13061=CARTESIAN_POINT('Ctrl Pts',(-9.33997041335715,-15.1170902760269,
31.3832230321967));
#13062=CARTESIAN_POINT('',(-9.33997041335716,-6.55,31.3832230321967));
#13063=CARTESIAN_POINT('',(-9.33997041335716,-15.15,31.3832230321967));
#13064=CARTESIAN_POINT('',(-9.22289254172199,-6.55,31.0043170961202));
#13065=CARTESIAN_POINT('Origin',(-9.38302099157815,-6.55,31.1623799935587));
#13066=CARTESIAN_POINT('',(-9.22289254172199,-15.15,31.0043170961202));
#13067=CARTESIAN_POINT('Origin',(-8.71425934385136,-15.15,29.891748086642));
#13068=CARTESIAN_POINT('',(-8.50784510678986,-15.1170902760269,29.8022038923114));
#13069=CARTESIAN_POINT('',(-8.75389358244389,-15.1170902760269,30.113229749836));
#13070=CARTESIAN_POINT('Ctrl Pts',(-8.50784510678986,-15.1170902760269,
29.8022038923114));
#13071=CARTESIAN_POINT('Ctrl Pts',(-8.49794574856995,-15.1211819573736,
29.8250235568316));
#13072=CARTESIAN_POINT('Ctrl Pts',(-8.49202612127483,-15.1249140789161,
29.8494450378496));
#13073=CARTESIAN_POINT('Ctrl Pts',(-8.48779387857516,-15.1314540165011,
29.899682795504));
#13074=CARTESIAN_POINT('Ctrl Pts',(-8.49048326680201,-15.1345200585606,
29.928896852844));
#13075=CARTESIAN_POINT('Ctrl Pts',(-8.50706676668136,-15.138597045466,29.984082985676));
#13076=CARTESIAN_POINT('Ctrl Pts',(-8.52095891279065,-15.1396067046774,
30.0100557467677));
#13077=CARTESIAN_POINT('Ctrl Pts',(-8.55463959705559,-15.1396067046774,
30.0526309493886));
#13078=CARTESIAN_POINT('Ctrl Pts',(-8.57671785330218,-15.138597045466,30.0721277861413));
#13079=CARTESIAN_POINT('Ctrl Pts',(-8.62660584148151,-15.1345200585606,
30.1009671751885));
#13080=CARTESIAN_POINT('Ctrl Pts',(-8.65441669297843,-15.1314540165011,
30.1103079724948));
#13081=CARTESIAN_POINT('Ctrl Pts',(-8.70427987972185,-15.1249140789161,
30.1177515455747));
#13082=CARTESIAN_POINT('Ctrl Pts',(-8.72940817231217,-15.1211819573736,
30.1176114244776));
#13083=CARTESIAN_POINT('Ctrl Pts',(-8.75389358244388,-15.1170902760269,
30.113229749836));
#13084=CARTESIAN_POINT('',(-8.75389358244389,-6.55,30.113229749836));
#13085=CARTESIAN_POINT('',(-8.75389358244389,-15.15,30.113229749836));
#13086=CARTESIAN_POINT('',(-8.50784510678986,-6.55,29.8022038923114));
#13087=CARTESIAN_POINT('Origin',(-8.71425934385136,-6.55,29.891748086642));
#13088=CARTESIAN_POINT('',(-8.50784510678986,-15.15,29.8022038923114));
#13089=CARTESIAN_POINT('Origin',(-7.63165249209026,-15.15,28.9485036915539));
#13090=CARTESIAN_POINT('',(-7.40682985431935,-15.1170902760269,28.939571639957));
#13091=CARTESIAN_POINT('',(-7.74861872395349,-15.1170902760269,29.1407116534174));
#13092=CARTESIAN_POINT('Ctrl Pts',(-7.40682985431935,-15.1170902760269,
28.9395716399571));
#13093=CARTESIAN_POINT('Ctrl Pts',(-7.40584239132349,-15.1211819573736,
28.9644264040641));
#13094=CARTESIAN_POINT('Ctrl Pts',(-7.40914455975607,-15.1249140789161,
28.9893371729416));
#13095=CARTESIAN_POINT('Ctrl Pts',(-7.42334608225109,-15.1314540165011,
29.0377113492263));
#13096=CARTESIAN_POINT('Ctrl Pts',(-7.43640719683631,-15.1345200585606,
29.0639811273201));
#13097=CARTESIAN_POINT('Ctrl Pts',(-7.47180638051478,-15.138597045466,29.1094500125064));
#13098=CARTESIAN_POINT('Ctrl Pts',(-7.49414286446079,-15.1396067046774,
29.128650468938));
#13099=CARTESIAN_POINT('Ctrl Pts',(-7.5409291043382,-15.1396067046774,29.1561837965411));
#13100=CARTESIAN_POINT('Ctrl Pts',(-7.56855953495575,-15.138597045466,29.1663884693012));
#13101=CARTESIAN_POINT('Ctrl Pts',(-7.62549668746504,-15.1345200585606,
29.175258778728));
#13102=CARTESIAN_POINT('Ctrl Pts',(-7.65480381934445,-15.1314540165011,
29.1739223744838));
#13103=CARTESIAN_POINT('Ctrl Pts',(-7.70398878499408,-15.1249140789161,
29.1628506390078));
#13104=CARTESIAN_POINT('Ctrl Pts',(-7.72736960242831,-15.1211819573736,
29.1536425936922));
#13105=CARTESIAN_POINT('Ctrl Pts',(-7.74861872395349,-15.1170902760269,
29.1407116534174));
#13106=CARTESIAN_POINT('',(-7.74861872395349,-6.55,29.1407116534174));
#13107=CARTESIAN_POINT('',(-7.74861872395349,-15.15,29.1407116534174));
#13108=CARTESIAN_POINT('',(-7.40682985431935,-6.55,28.939571639957));
#13109=CARTESIAN_POINT('Origin',(-7.63165249209026,-6.55,28.9485036915539));
#13110=CARTESIAN_POINT('',(-7.40682985431935,-15.15,28.939571639957));
#13111=CARTESIAN_POINT('Origin',(-7.40787082831409,-15.15,28.9133699866403));
#13112=CARTESIAN_POINT('',(-7.44420419942307,-6.55,27.9988472430953));
#13113=CARTESIAN_POINT('',(-7.44420419942308,-14.9590909090908,27.9988472430953));
#13114=CARTESIAN_POINT('',(-7.44420419942307,-6.55,27.9988472430953));
#13115=CARTESIAN_POINT('Ctrl Pts',(-7.40682985431936,-15.1170902760268,
28.939571639957));
#13116=CARTESIAN_POINT('Ctrl Pts',(-7.42360226667612,-15.0475916041101,
28.5174045771112));
#13117=CARTESIAN_POINT('Ctrl Pts',(-7.44420419942308,-14.9590909090908,
27.9988472430953));
#13118=CARTESIAN_POINT('',(-7.41707177619293,-6.55,28.6817791421758));
#13119=CARTESIAN_POINT('Origin',(-5.65,-15.05,32.3158434546726));
#13120=CARTESIAN_POINT('',(-1.4971157385358,-15.05,32.7450022957593));
#13121=CARTESIAN_POINT('Origin',(-5.65,-14.9590909090909,32.3158434546726));
#13122=CARTESIAN_POINT('Origin',(-5.65,-14.9590909090909,32.3158434546726));
#13123=CARTESIAN_POINT('Origin',(-5.65,-14.9590909090909,32.3158434546726));
#13124=CARTESIAN_POINT('',(-5.11106567641093,-14.9590909090908,36.9596753632216));
#13125=CARTESIAN_POINT('Origin',(-5.65,-14.9590909090909,32.3158434546726));
#13126=CARTESIAN_POINT('Ctrl Pts',(-5.11106567641093,-14.9590909090908,
36.9596753632216));
#13127=CARTESIAN_POINT('Ctrl Pts',(-5.34596998397602,-15.0475916041101,
36.4969161228147));
#13128=CARTESIAN_POINT('Ctrl Pts',(-5.53720990108721,-15.1170902760268,
36.1201753142056));
#13129=CARTESIAN_POINT('',(-6.3971424974466,-14.9590909090908,36.9307544059813));
#13130=CARTESIAN_POINT('Ctrl Pts',(-5.933691227179,-15.1170902760268,36.1112593464415));
#13131=CARTESIAN_POINT('Ctrl Pts',(-6.14167335477531,-15.0475916041101,
36.4790225547273));
#13132=CARTESIAN_POINT('Ctrl Pts',(-6.3971424974466,-14.9590909090908,36.9307544059814));
#13133=CARTESIAN_POINT('',(-6.82500428591764,-14.9590909090908,36.8407732804351));
#13134=CARTESIAN_POINT('Origin',(-5.65,-14.9590909090909,32.3158434546726));
#13135=CARTESIAN_POINT('Ctrl Pts',(-6.82500428591764,-14.9590909090908,
36.8407732804351));
#13136=CARTESIAN_POINT('Ctrl Pts',(-6.87687811024148,-15.0475916041101,
36.3244059163961));
#13137=CARTESIAN_POINT('Ctrl Pts',(-6.91910954467859,-15.1170902760268,
35.904021748386));
#13138=CARTESIAN_POINT('',(-8.01378775163291,-14.9590909090908,36.3492207572852));
#13139=CARTESIAN_POINT('Ctrl Pts',(-7.28559655168587,-15.1170902760268,
35.7524822811982));
#13140=CARTESIAN_POINT('Ctrl Pts',(-7.61238550400537,-15.0475916041101,
36.0202794496113));
#13141=CARTESIAN_POINT('Ctrl Pts',(-8.01378775163291,-14.9590909090908,
36.3492207572852));
#13142=CARTESIAN_POINT('',(-8.38025205568765,-14.9590909090908,36.1107543511777));
#13143=CARTESIAN_POINT('Origin',(-5.65,-14.9590909090909,32.3158434546726));
#13144=CARTESIAN_POINT('Ctrl Pts',(-8.38025205568765,-14.9590909090908,
36.1107543511777));
#13145=CARTESIAN_POINT('Ctrl Pts',(-8.2420895493525,-15.0475916041101,35.6105171373104));
#13146=CARTESIAN_POINT('Ctrl Pts',(-8.12960891188236,-15.1170902760268,
35.2032648212182));
#13147=CARTESIAN_POINT('',(-9.31119037176109,-14.9590909090908,35.222957154156));
#13148=CARTESIAN_POINT('Ctrl Pts',(-8.41660549873417,-15.1170902760268,
34.9295680993595));
#13149=CARTESIAN_POINT('Ctrl Pts',(-8.81806661696603,-15.0475916041101,
35.0612317363904));
#13150=CARTESIAN_POINT('Ctrl Pts',(-9.31119037176109,-14.9590909090908,
35.222957154156));
#13151=CARTESIAN_POINT('',(-9.56676415648819,-14.9590909090908,34.8682116770201));
#13152=CARTESIAN_POINT('Origin',(-5.65,-14.9590909090909,32.3158434546726));
#13153=CARTESIAN_POINT('Ctrl Pts',(-9.56676415648819,-14.9590909090908,
34.8682116770201));
#13154=CARTESIAN_POINT('Ctrl Pts',(-9.25722493155949,-15.0475916041101,
34.4516644209673));
#13155=CARTESIAN_POINT('Ctrl Pts',(-9.00522335554915,-15.1170902760268,
34.1125456387442));
#13156=CARTESIAN_POINT('',(-10.1141289448266,-14.9590909090908,33.7040717370388));
#13157=CARTESIAN_POINT('Ctrl Pts',(-9.17396904288812,-15.1170902760268,
33.7536559211079));
#13158=CARTESIAN_POINT('Ctrl Pts',(-9.59588277844222,-15.0475916041101,
33.7314041230022));
#13159=CARTESIAN_POINT('Ctrl Pts',(-10.1141289448266,-14.9590909090908,
33.7040717370388));
#13160=CARTESIAN_POINT('',(-10.2242955544156,-14.9590909090908,33.2809575312738));
#13161=CARTESIAN_POINT('Origin',(-5.65,-14.9590909090909,32.3158434546726));
#13162=CARTESIAN_POINT('Ctrl Pts',(-10.2242955544156,-14.9590909090908,
33.2809575312738));
#13163=CARTESIAN_POINT('Ctrl Pts',(-9.78518459843605,-15.0475916041101,
33.0043572481335));
#13164=CARTESIAN_POINT('Ctrl Pts',(-9.42769629311467,-15.1170902760268,
32.7791718704408));
#13165=CARTESIAN_POINT('',(-10.3141621673011,-14.9590909090908,31.9976983979492));
#13166=CARTESIAN_POINT('Ctrl Pts',(-9.45540104081353,-15.1170902760268,
32.3835592020699));
#13167=CARTESIAN_POINT('Ctrl Pts',(-9.84078560579863,-15.0475916041101,
32.2103971974632));
#13168=CARTESIAN_POINT('Ctrl Pts',(-10.3141621673011,-14.9590909090908,
31.9976983979492));
#13169=CARTESIAN_POINT('',(-10.2640429906725,-14.9590909090908,31.5633593816012));
#13170=CARTESIAN_POINT('Origin',(-5.65,-14.9590909090909,32.3158434546726));
#13171=CARTESIAN_POINT('Ctrl Pts',(-10.2640429906725,-14.9590909090908,
31.5633593816012));
#13172=CARTESIAN_POINT('Ctrl Pts',(-9.75466467144486,-15.0475916041101,
31.4640624723066));
#13173=CARTESIAN_POINT('Ctrl Pts',(-9.33997041335711,-15.1170902760268,
31.3832230321969));
#13174=CARTESIAN_POINT('',(-9.88427444406666,-14.9590909090908,30.3342923116727));
#13175=CARTESIAN_POINT('Ctrl Pts',(-9.22289254172192,-15.1170902760268,
31.0043170961201));
#13176=CARTESIAN_POINT('Ctrl Pts',(-9.51969961514718,-15.0475916041101,
30.7036313732583));
#13177=CARTESIAN_POINT('Ctrl Pts',(-9.88427444406666,-14.9590909090908,
30.3342923116727));
#13178=CARTESIAN_POINT('',(-9.68063835374409,-14.9590909090908,29.9473883756544));
#13179=CARTESIAN_POINT('Origin',(-5.65,-14.9590909090909,32.3158434546726));
#13180=CARTESIAN_POINT('Ctrl Pts',(-9.68063835374409,-14.9590909090908,
29.9473883756544));
#13181=CARTESIAN_POINT('Ctrl Pts',(-9.16978703584291,-15.0475916041101,
30.0388054380288));
#13182=CARTESIAN_POINT('Ctrl Pts',(-8.75389358244385,-15.1170902760268,
30.1132297498358));
#13183=CARTESIAN_POINT('',(-8.88252449423648,-14.9590909090908,28.9385056874125));
#13184=CARTESIAN_POINT('Ctrl Pts',(-8.50784510678985,-15.1170902760268,
29.8022038923114));
#13185=CARTESIAN_POINT('Ctrl Pts',(-8.67598924872441,-15.0475916041101,
29.4146037242241));
#13186=CARTESIAN_POINT('Ctrl Pts',(-8.88252449423648,-14.9590909090908,
28.9385056874125));
#13187=CARTESIAN_POINT('',(-8.55287367260456,-14.9590909090908,28.6512903521921));
#13188=CARTESIAN_POINT('Origin',(-5.65,-14.9590909090909,32.3158434546726));
#13189=CARTESIAN_POINT('Ctrl Pts',(-8.55287367260456,-14.9590909090908,
28.6512903521921));
#13190=CARTESIAN_POINT('Ctrl Pts',(-8.10954265723715,-15.0475916041101,
28.9210750054025));
#13191=CARTESIAN_POINT('Ctrl Pts',(-7.74861872395345,-15.1170902760268,
29.1407116534173));
#13192=CARTESIAN_POINT('',(-7.03305981660149,-14.9590909090908,27.8501105312095));
#13193=CARTESIAN_POINT('Origin',(-5.65,-14.9590909090909,32.3158434546726));
#13194=CARTESIAN_POINT('Ctrl Pts',(-7.03305981660149,-14.9590909090908,
27.8501105312095));
#13195=CARTESIAN_POINT('Ctrl Pts',(-6.71712341397521,-15.0475916041101,
28.2618268629115));
#13196=CARTESIAN_POINT('Ctrl Pts',(-6.45991377794537,-15.1170902760268,
28.597012700771));
#13197=CARTESIAN_POINT('',(-5.32645606856742,-14.9590909090908,27.6520526870209));
#13198=CARTESIAN_POINT('Origin',(-5.65,-14.9590909090909,32.3158434546726));
#13199=CARTESIAN_POINT('Ctrl Pts',(-5.32645606856742,-14.9590909090908,
27.6520526870209));
#13200=CARTESIAN_POINT('Ctrl Pts',(-5.18058324052097,-15.0475916041101,
28.1500961252191));
#13201=CARTESIAN_POINT('Ctrl Pts',(-5.06182548833865,-15.1170902760268,
28.5555624481916));
#13202=CARTESIAN_POINT('Origin',(-5.65,-14.9590909090909,32.3158434546726));
#13203=CARTESIAN_POINT('Origin',(-5.65,-14.9590909090909,32.3158434546726));
#13204=CARTESIAN_POINT('Origin',(-5.65,-14.9590909090909,32.3158434546726));
#13205=CARTESIAN_POINT('Origin',(-5.65,-14.9590909090909,32.3158434546726));
#13206=CARTESIAN_POINT('Origin',(-5.65,-6.05,32.3158434546726));
#13207=CARTESIAN_POINT('',(-0.933316813060212,-6.55,32.0356208395262));
#13208=CARTESIAN_POINT('Origin',(-5.65,-6.55,32.3158434546726));
#13209=CARTESIAN_POINT('',(-0.933316813060212,-6.05,32.0356208395262));
#13210=CARTESIAN_POINT('Origin',(-6.94576294238593,-15.15,27.9638725052091));
#13211=CARTESIAN_POINT('',(-7.03305981660151,-6.55,27.8501105312095));
#13212=CARTESIAN_POINT('',(-7.03305981660151,-6.55,27.8501105312095));
#13213=CARTESIAN_POINT('',(-6.89090292463961,-6.55,28.0353639986738));
#13214=CARTESIAN_POINT('Origin',(-5.28614972268386,-15.15,27.7896678368323));
#13215=CARTESIAN_POINT('',(-5.32645606856736,-6.55,27.6520526870209));
#13216=CARTESIAN_POINT('',(-5.32645606856736,-6.55,27.6520526870209));
#13217=CARTESIAN_POINT('',(-5.26081998584819,-6.55,27.8761493933445));
#13218=CARTESIAN_POINT('Origin',(-8.43037619664844,-15.15,28.7258349654144));
#13219=CARTESIAN_POINT('',(-8.55287367260463,-6.55,28.6512903521922));
#13220=CARTESIAN_POINT('',(-8.55287367260463,-6.55,28.6512903521922));
#13221=CARTESIAN_POINT('',(-8.35339504737797,-6.55,28.7726810734912));
#13222=CARTESIAN_POINT('Origin',(-8.51828091503249,-15.15,29.7781476214093));
#13223=CARTESIAN_POINT('',(-8.88252449423649,-6.55,28.9385056874125));
#13224=CARTESIAN_POINT('',(-8.88252449423649,-6.55,28.9385056874125));
#13225=CARTESIAN_POINT('',(-8.61052080594176,-6.55,29.5655193561041));
#13226=CARTESIAN_POINT('Origin',(-9.53948423895722,-15.15,29.9726479650178));
#13227=CARTESIAN_POINT('',(-9.68063835374418,-6.55,29.9473883756545));
#13228=CARTESIAN_POINT('',(-9.68063835374418,-6.55,29.9473883756545));
#13229=CARTESIAN_POINT('',(-9.45077868893886,-6.55,29.9885218612276));
#13230=CARTESIAN_POINT('Origin',(-9.24131377048254,-15.15,30.9856551403186));
#13231=CARTESIAN_POINT('',(-9.88427444406671,-6.55,30.3342923116729));
#13232=CARTESIAN_POINT('',(-9.88427444406671,-6.55,30.3342923116729));
#13233=CARTESIAN_POINT('',(-9.40413509603605,-6.55,30.820706079616));
#13234=CARTESIAN_POINT('Origin',(-10.1232958824187,-15.15,31.5359224995936));
#13235=CARTESIAN_POINT('',(-10.2640429906724,-6.55,31.5633593816009));
#13236=CARTESIAN_POINT('',(-10.2640429906724,-6.55,31.5633593816009));
#13237=CARTESIAN_POINT('',(-10.0348461077168,-6.55,31.518680326293));
#13238=CARTESIAN_POINT('Origin',(-9.47931980107234,-15.15,32.3728119619093));
#13239=CARTESIAN_POINT('',(-10.3141621673011,-6.55,31.9976983979492));
#13240=CARTESIAN_POINT('',(-10.3141621673011,-6.55,31.9976983979492));
#13241=CARTESIAN_POINT('',(-9.69073263902999,-6.55,32.2778193904716));
#13242=CARTESIAN_POINT('Origin',(-10.1029641295713,-15.15,33.2045296808439));
#13243=CARTESIAN_POINT('',(-10.2242955544156,-6.55,33.2809575312739));
#13244=CARTESIAN_POINT('',(-10.2242955544156,-6.55,33.2809575312739));
#13245=CARTESIAN_POINT('',(-10.0267157623765,-6.55,33.1565000890793));
#13246=CARTESIAN_POINT('Origin',(-9.20015497353379,-15.15,33.7522748709242));
#13247=CARTESIAN_POINT('',(-10.1141289448266,-6.55,33.7040717370387));
#13248=CARTESIAN_POINT('',(-10.1141289448266,-6.55,33.7040717370387));
#13249=CARTESIAN_POINT('',(-9.43160684865042,-6.55,33.740068061896));
#13250=CARTESIAN_POINT('Origin',(-9.48123489629925,-15.15,34.7531148628695));
#13251=CARTESIAN_POINT('',(-9.56676415648821,-6.55,34.8682116770201));
#13252=CARTESIAN_POINT('',(-9.56676415648821,-6.55,34.8682116770201));
#13253=CARTESIAN_POINT('',(-9.42748570110803,-6.55,34.6807845151499));
#13254=CARTESIAN_POINT('Origin',(-8.44152204473171,-15.15,34.9377397576332));
#13255=CARTESIAN_POINT('',(-9.31119037176095,-6.55,35.2229571541562));
#13256=CARTESIAN_POINT('',(-9.31119037176095,-6.55,35.2229571541562));
#13257=CARTESIAN_POINT('',(-8.6617540987537,-6.55,35.009967308214));
#13258=CARTESIAN_POINT('Origin',(-8.34207616067657,-15.15,35.9725330358309));
#13259=CARTESIAN_POINT('',(-8.38025205568769,-6.55,36.1107543511777));
#13260=CARTESIAN_POINT('',(-8.38025205568769,-6.55,36.1107543511777));
#13261=CARTESIAN_POINT('',(-8.31808526413406,-6.55,35.8856705464122));
#13262=CARTESIAN_POINT('Origin',(-7.30587859543096,-15.15,35.7691030201983));
#13263=CARTESIAN_POINT('',(-8.01378775163275,-6.55,36.3492207572853));
#13264=CARTESIAN_POINT('',(-8.01378775163275,-6.55,36.3492207572853));
#13265=CARTESIAN_POINT('',(-7.48514726911471,-6.55,35.9160101994556));
#13266=CARTESIAN_POINT('Origin',(-6.83933762224557,-15.15,36.6980950184405));
#13267=CARTESIAN_POINT('',(-6.82500428591763,-6.55,36.8407732804351));
#13268=CARTESIAN_POINT('',(-6.82500428591763,-6.55,36.8407732804351));
#13269=CARTESIAN_POINT('',(-6.84834512786796,-6.55,36.6084316478402));
#13270=CARTESIAN_POINT('Origin',(-5.94659956627722,-15.15,36.1340844432674));
#13271=CARTESIAN_POINT('',(-6.39714249744647,-6.55,36.9307544059814));
#13272=CARTESIAN_POINT('',(-6.39714249744647,-6.55,36.9307544059814));
#13273=CARTESIAN_POINT('',(-6.06069363187973,-6.55,36.3358306226016));
#13274=CARTESIAN_POINT('Origin',(-6.77237568843248,-6.55,36.4597766504745));
#13275=CARTESIAN_POINT('',(-5.1110656764109,-6.55,36.9596753632216));
#13276=CARTESIAN_POINT('Origin',(-5.65,-6.55,32.3158434546726));
#13277=CARTESIAN_POINT('Origin',(-5.65,-6.55,32.3158434546726));
#13278=CARTESIAN_POINT('Origin',(-5.65,-6.55,32.3158434546726));
#13279=CARTESIAN_POINT('Origin',(-5.65,-6.55,32.3158434546726));
#13280=CARTESIAN_POINT('Origin',(-5.65,-6.55,32.3158434546726));
#13281=CARTESIAN_POINT('Origin',(-5.65,-6.55,32.3158434546726));
#13282=CARTESIAN_POINT('Origin',(-5.65,-6.55,32.3158434546726));
#13283=CARTESIAN_POINT('Origin',(-5.65,-6.55,32.3158434546726));
#13284=CARTESIAN_POINT('Origin',(-5.65,-6.55,32.3158434546726));
#13285=CARTESIAN_POINT('Origin',(-5.65,-6.55,32.3158434546726));
#13286=CARTESIAN_POINT('Origin',(-5.65,-6.55,32.3158434546726));
#13287=CARTESIAN_POINT('Origin',(-5.65,-6.55,32.3158434546726));
#13288=CARTESIAN_POINT('Origin',(-5.65,-6.55,32.3158434546726));
#13289=CARTESIAN_POINT('Origin',(-5.65,-6.55,32.3158434546726));
#13290=CARTESIAN_POINT('Origin',(-5.65,-6.55,32.3158434546726));
#13291=CARTESIAN_POINT('Origin',(-5.65,-6.55,32.3158434546726));
#13292=CARTESIAN_POINT('Origin',(-5.65,-6.55,32.3158434546726));
#13293=CARTESIAN_POINT('',(-5.21676184182371,-6.55,36.7514549277287));
#13294=CARTESIAN_POINT('Origin',(-5.17597244758303,-15.15,36.831809644469));
#13295=CARTESIAN_POINT('',(-5.1110656764109,-6.55,36.9596753632216));
#13296=CARTESIAN_POINT('Origin',(-5.65,-6.55,32.3158434546726));
#13297=CARTESIAN_POINT('Origin',(-5.65,-6.55,32.3158434546726));
#13298=CARTESIAN_POINT('Origin',(-5.65,-6.55,32.3158434546726));
#13299=CARTESIAN_POINT('Origin',(-5.65,-6.55,32.3158434546726));
#13300=CARTESIAN_POINT('Origin',(-5.65,-6.55,32.3158434546726));
#13301=CARTESIAN_POINT('Origin',(-5.65,-6.55,32.3158434546726));
#13302=CARTESIAN_POINT('Origin',(-5.65,-6.55,32.3158434546726));
#13303=CARTESIAN_POINT('Origin',(-5.65,-6.55,32.3158434546726));
#13304=CARTESIAN_POINT('Origin',(-5.65,-6.55,32.3158434546726));
#13305=CARTESIAN_POINT('Origin',(-5.65,-6.55,32.3158434546726));
#13306=CARTESIAN_POINT('Origin',(-5.65,-6.55,32.3158434546726));
#13307=CARTESIAN_POINT('Origin',(-5.65,-6.55,32.3158434546726));
#13308=CARTESIAN_POINT('Origin',(-5.65,-6.55,32.3158434546726));
#13309=CARTESIAN_POINT('Origin',(-5.65,-6.55,32.3158434546726));
#13310=CARTESIAN_POINT('Origin',(-5.65,-6.55,32.3158434546726));
#13311=CARTESIAN_POINT('Origin',(-5.65,-6.55,32.3158434546726));
#13312=CARTESIAN_POINT('Origin',(-5.65,-6.55,32.3158434546726));
#13313=UNCERTAINTY_MEASURE_WITH_UNIT(LENGTH_MEASURE(0.01),#13317,
'DISTANCE_ACCURACY_VALUE',
'Maximum model space distance between geometric entities at asserted c
onnectivities');
#13314=UNCERTAINTY_MEASURE_WITH_UNIT(LENGTH_MEASURE(0.01),#13317,
'DISTANCE_ACCURACY_VALUE',
'Maximum model space distance between geometric entities at asserted c
onnectivities');
#13315=(
GEOMETRIC_REPRESENTATION_CONTEXT(3)
GLOBAL_UNCERTAINTY_ASSIGNED_CONTEXT((#13313))
GLOBAL_UNIT_ASSIGNED_CONTEXT((#13317,#13319,#13320))
REPRESENTATION_CONTEXT('','3D')
);
#13316=(
GEOMETRIC_REPRESENTATION_CONTEXT(3)
GLOBAL_UNCERTAINTY_ASSIGNED_CONTEXT((#13314))
GLOBAL_UNIT_ASSIGNED_CONTEXT((#13317,#13319,#13320))
REPRESENTATION_CONTEXT('','3D')
);
#13317=(
LENGTH_UNIT()
NAMED_UNIT(*)
SI_UNIT(.MILLI.,.METRE.)
);
#13318=(
LENGTH_UNIT()
NAMED_UNIT(*)
SI_UNIT($,.METRE.)
);
#13319=(
NAMED_UNIT(*)
PLANE_ANGLE_UNIT()
SI_UNIT($,.RADIAN.)
);
#13320=(
NAMED_UNIT(*)
SI_UNIT($,.STERADIAN.)
SOLID_ANGLE_UNIT()
);
#13321=SHAPE_DEFINITION_REPRESENTATION(#13322,#13323);
#13322=PRODUCT_DEFINITION_SHAPE('',$,#13325);
#13323=SHAPE_REPRESENTATION('',(#7491),#13315);
#13324=PRODUCT_DEFINITION_CONTEXT('part definition',#13329,'design');
#13325=PRODUCT_DEFINITION('PapLite_Reduction_Gear_PRINTED_x1',
'PapLite_Reduction_Gear_PRINTED_x1 v2',#13326,#13324);
#13326=PRODUCT_DEFINITION_FORMATION('',$,#13331);
#13327=PRODUCT_RELATED_PRODUCT_CATEGORY(
'PapLite_Reduction_Gear_PRINTED_x1 v2',
'PapLite_Reduction_Gear_PRINTED_x1 v2',(#13331));
#13328=APPLICATION_PROTOCOL_DEFINITION('international standard',
'ap242_managed_model_based_3d_engineering',2011,#13329);
#13329=APPLICATION_CONTEXT('Managed model based 3d engineering');
#13330=PRODUCT_CONTEXT('part definition',#13329,'mechanical');
#13331=PRODUCT('PapLite_Reduction_Gear_PRINTED_x1',
'PapLite_Reduction_Gear_PRINTED_x1 v2',$,(#13330));
#13332=PRESENTATION_STYLE_ASSIGNMENT((#13334));
#13333=PRESENTATION_STYLE_ASSIGNMENT((#13335));
#13334=SURFACE_STYLE_USAGE(.BOTH.,#13336);
#13335=SURFACE_STYLE_USAGE(.BOTH.,#13337);
#13336=SURFACE_SIDE_STYLE('',(#13338));
#13337=SURFACE_SIDE_STYLE('',(#13339));
#13338=SURFACE_STYLE_FILL_AREA(#13340);
#13339=SURFACE_STYLE_FILL_AREA(#13341);
#13340=FILL_AREA_STYLE('Steel - Satin',(#13342));
#13341=FILL_AREA_STYLE('Acetal Resin (White)',(#13343));
#13342=FILL_AREA_STYLE_COLOUR('Steel - Satin',#13344);
#13343=FILL_AREA_STYLE_COLOUR('Acetal Resin (White)',#13345);
#13344=COLOUR_RGB('Steel - Satin',0.627450980392157,0.627450980392157,0.627450980392157);
#13345=COLOUR_RGB('Acetal Resin (White)',0.972549019607843,0.968627450980392,
0.929411764705882);
ENDSEC;
END-ISO-10303-21;
